strategy,parameters,target_score,distribution,value,count
"card_count","target_cards=3",200,round_score,0,293969
"card_count","target_cards=3",200,round_score,1,540
"card_count","target_cards=3",200,round_score,2,1624
"card_count","target_cards=3",200,round_score,3,1722
"card_count","target_cards=3",200,round_score,4,2955
"card_count","target_cards=3",200,round_score,5,3236
"card_count","target_cards=3",200,round_score,6,4834
"card_count","target_cards=3",200,round_score,7,5461
"card_count","target_cards=3",200,round_score,8,7734
"card_count","target_cards=3",200,round_score,9,9360
"card_count","target_cards=3",200,round_score,10,11799
"card_count","target_cards=3",200,round_score,11,14739
"card_count","target_cards=3",200,round_score,12,18115
"card_count","target_cards=3",200,round_score,13,16237
"card_count","target_cards=3",200,round_score,14,19583
"card_count","target_cards=3",200,round_score,15,25297
"card_count","target_cards=3",200,round_score,16,28782
"card_count","target_cards=3",200,round_score,17,34827
"card_count","target_cards=3",200,round_score,18,39578
"card_count","target_cards=3",200,round_score,19,45458
"card_count","target_cards=3",200,round_score,20,47689
"card_count","target_cards=3",200,round_score,21,55330
"card_count","target_cards=3",200,round_score,22,54744
"card_count","target_cards=3",200,round_score,23,59238
"card_count","target_cards=3",200,round_score,24,56610
"card_count","target_cards=3",200,round_score,25,56678
"card_count","target_cards=3",200,round_score,26,53060
"card_count","target_cards=3",200,round_score,27,53705
"card_count","target_cards=3",200,round_score,28,45014
"card_count","target_cards=3",200,round_score,29,40179
"card_count","target_cards=3",200,round_score,30,35314
"card_count","target_cards=3",200,round_score,31,25601
"card_count","target_cards=3",200,round_score,32,17230
"card_count","target_cards=3",200,round_score,33,15635
"card_count","target_cards=3",200,round_score,34,4780
"card_count","target_cards=3",200,round_score,35,1727
"card_count","target_cards=3",200,round_score,36,4132
"card_count","target_cards=3",200,round_score,37,1495
"card_count","target_cards=3",200,round_score,38,4317
"card_count","target_cards=3",200,round_score,39,1188
"card_count","target_cards=3",200,round_score,40,3395
"card_count","target_cards=3",200,round_score,41,952
"card_count","target_cards=3",200,round_score,42,3304
"card_count","target_cards=3",200,round_score,43,576
"card_count","target_cards=3",200,round_score,44,1940
"card_count","target_cards=3",200,round_score,45,439
"card_count","target_cards=3",200,round_score,46,1764
"card_count","target_cards=3",200,round_score,47,260
"card_count","target_cards=3",200,round_score,48,342
"card_count","target_cards=3",200,round_score,49,134
"card_count","target_cards=3",200,round_score,50,299
"card_count","target_cards=3",200,round_score,51,39
"card_count","target_cards=3",200,round_score,52,170
"card_count","target_cards=3",200,round_score,53,25
"card_count","target_cards=3",200,round_score,54,148
"card_count","target_cards=3",200,round_score,55,18
"card_count","target_cards=3",200,round_score,56,154
"card_count","target_cards=3",200,round_score,57,18
"card_count","target_cards=3",200,round_score,58,129
"card_count","target_cards=3",200,round_score,59,7
"card_count","target_cards=3",200,round_score,60,113
"card_count","target_cards=3",200,round_score,61,6
"card_count","target_cards=3",200,round_score,62,111
"card_count","target_cards=3",200,round_score,63,5
"card_count","target_cards=3",200,round_score,64,98
"card_count","target_cards=3",200,round_score,65,7
"card_count","target_cards=3",200,round_score,66,90
"card_count","target_cards=3",200,round_score,67,6
"card_count","target_cards=3",200,round_score,68,83
"card_count","target_cards=3",200,round_score,69,4
"card_count","target_cards=3",200,round_score,70,50
"card_count","target_cards=3",200,round_score,71,4
"card_count","target_cards=3",200,round_score,72,70
"card_count","target_cards=3",200,round_score,73,4
"card_count","target_cards=3",200,round_score,74,42
"card_count","target_cards=3",200,round_score,75,3
"card_count","target_cards=3",200,round_score,76,54
"card_count","target_cards=3",200,round_score,77,2
"card_count","target_cards=3",200,round_score,78,40
"card_count","target_cards=3",200,round_score,79,1
"card_count","target_cards=3",200,round_score,80,22
"card_count","target_cards=3",200,round_score,82,19
"card_count","target_cards=3",200,round_score,84,16
"card_count","target_cards=3",200,round_score,86,6
"card_count","target_cards=3",200,round_score,88,5
"card_count","target_cards=3",200,round_score,90,2
"card_count","target_cards=3",200,round_score,92,6
"card_count","target_cards=3",200,round_score,94,8
"card_count","target_cards=3",200,round_score,96,2
"card_count","target_cards=3",200,round_score,98,2
"card_count","target_cards=3",200,round_score,100,2
"card_count","target_cards=3",200,round_score,102,1
"card_count","target_cards=3",200,round_score,106,1
"card_count","target_cards=3",200,round_score,110,1
"card_count","target_cards=3",200,round_end,bust,251631
"card_count","target_cards=3",200,round_end,flip7,89
"card_count","target_cards=3",200,round_end,freeze,117659
"card_count","target_cards=3",200,round_end,finish,865136
"card_count","target_cards=3",200,round_end,deck_exhausted,0
"card_count","target_cards=3",200,final_score,200,4550
"card_count","target_cards=3",200,final_score,201,4493
"card_count","target_cards=3",200,final_score,202,4422
"card_count","target_cards=3",200,final_score,203,4432
"card_count","target_cards=3",200,final_score,204,4515
"card_count","target_cards=3",200,final_score,205,4253
"card_count","target_cards=3",200,final_score,206,4400
"card_count","target_cards=3",200,final_score,207,4350
"card_count","target_cards=3",200,final_score,208,4279
"card_count","target_cards=3",200,final_score,209,4314
"card_count","target_cards=3",200,final_score,210,4206
"card_count","target_cards=3",200,final_score,211,4112
"card_count","target_cards=3",200,final_score,212,4012
"card_count","target_cards=3",200,final_score,213,3966
"card_count","target_cards=3",200,final_score,214,3894
"card_count","target_cards=3",200,final_score,215,3757
"card_count","target_cards=3",200,final_score,216,3561
"card_count","target_cards=3",200,final_score,217,3430
"card_count","target_cards=3",200,final_score,218,3214
"card_count","target_cards=3",200,final_score,219,3097
"card_count","target_cards=3",200,final_score,220,2820
"card_count","target_cards=3",200,final_score,221,2552
"card_count","target_cards=3",200,final_score,222,2338
"card_count","target_cards=3",200,final_score,223,1929
"card_count","target_cards=3",200,final_score,224,1839
"card_count","target_cards=3",200,final_score,225,1484
"card_count","target_cards=3",200,final_score,226,1278
"card_count","target_cards=3",200,final_score,227,987
"card_count","target_cards=3",200,final_score,228,820
"card_count","target_cards=3",200,final_score,229,589
"card_count","target_cards=3",200,final_score,230,441
"card_count","target_cards=3",200,final_score,231,314
"card_count","target_cards=3",200,final_score,232,226
"card_count","target_cards=3",200,final_score,233,165
"card_count","target_cards=3",200,final_score,234,115
"card_count","target_cards=3",200,final_score,235,132
"card_count","target_cards=3",200,final_score,236,111
"card_count","target_cards=3",200,final_score,237,106
"card_count","target_cards=3",200,final_score,238,83
"card_count","target_cards=3",200,final_score,239,63
"card_count","target_cards=3",200,final_score,240,59
"card_count","target_cards=3",200,final_score,241,48
"card_count","target_cards=3",200,final_score,242,33
"card_count","target_cards=3",200,final_score,243,33
"card_count","target_cards=3",200,final_score,244,26
"card_count","target_cards=3",200,final_score,245,20
"card_count","target_cards=3",200,final_score,246,11
"card_count","target_cards=3",200,final_score,247,14
"card_count","target_cards=3",200,final_score,248,15
"card_count","target_cards=3",200,final_score,249,5
"card_count","target_cards=3",200,final_score,250,8
"card_count","target_cards=3",200,final_score,251,6
"card_count","target_cards=3",200,final_score,252,4
"card_count","target_cards=3",200,final_score,253,2
"card_count","target_cards=3",200,final_score,254,4
"card_count","target_cards=3",200,final_score,255,6
"card_count","target_cards=3",200,final_score,256,2
"card_count","target_cards=3",200,final_score,257,3
"card_count","target_cards=3",200,final_score,258,3
"card_count","target_cards=3",200,final_score,259,5
"card_count","target_cards=3",200,final_score,260,4
"card_count","target_cards=3",200,final_score,261,3
"card_count","target_cards=3",200,final_score,262,5
"card_count","target_cards=3",200,final_score,263,6
"card_count","target_cards=3",200,final_score,264,3
"card_count","target_cards=3",200,final_score,265,2
"card_count","target_cards=3",200,final_score,267,3
"card_count","target_cards=3",200,final_score,268,2
"card_count","target_cards=3",200,final_score,269,2
"card_count","target_cards=3",200,final_score,270,3
"card_count","target_cards=3",200,final_score,272,1
"card_count","target_cards=3",200,final_score,275,2
"card_count","target_cards=3",200,final_score,276,2
"card_count","target_cards=3",200,final_score,277,1
"card_count","target_cards=3",200,final_score,278,1
"card_count","target_cards=3",200,final_score,279,1
"card_count","target_cards=3",200,final_score,283,1
"card_count","target_cards=3",200,final_score,287,1
"card_count","target_cards=3",200,final_score,292,1
"card_count","target_cards=4",200,round_score,0,451414
"card_count","target_cards=4",200,round_score,1,464
"card_count","target_cards=4",200,round_score,2,1425
"card_count","target_cards=4",200,round_score,3,1486
"card_count","target_cards=4",200,round_score,4,2495
"card_count","target_cards=4",200,round_score,5,2655
"card_count","target_cards=4",200,round_score,6,3619
"card_count","target_cards=4",200,round_score,7,3858
"card_count","target_cards=4",200,round_score,8,5240
"card_count","target_cards=4",200,round_score,9,5523
"card_count","target_cards=4",200,round_score,10,6931
"card_count","target_cards=4",200,round_score,11,7864
"card_count","target_cards=4",200,round_score,12,9096
"card_count","target_cards=4",200,round_score,13,4504
"card_count","target_cards=4",200,round_score,14,5603
"card_count","target_cards=4",200,round_score,15,7098
"card_count","target_cards=4",200,round_score,16,8435
"card_count","target_cards=4",200,round_score,17,10373
"card_count","target_cards=4",200,round_score,18,12266
"card_count","target_cards=4",200,round_score,19,14366
"card_count","target_cards=4",200,round_score,20,16265
"card_count","target_cards=4",200,round_score,21,19510
"card_count","target_cards=4",200,round_score,22,21401
"card_count","target_cards=4",200,round_score,23,24467
"card_count","target_cards=4",200,round_score,24,26645
"card_count","target_cards=4",200,round_score,25,28789
"card_count","target_cards=4",200,round_score,26,32118
"card_count","target_cards=4",200,round_score,27,34783
"card_count","target_cards=4",200,round_score,28,36586
"card_count","target_cards=4",200,round_score,29,37417
"card_count","target_cards=4",200,round_score,30,39471
"card_count","target_cards=4",200,round_score,31,37563
"card_count","target_cards=4",200,round_score,32,38100
"card_count","target_cards=4",200,round_score,33,36147
"card_count","target_cards=4",200,round_score,34,34071
"card_count","target_cards=4",200,round_score,35,29412
"card_count","target_cards=4",200,round_score,36,28544
"card_count","target_cards=4",200,round_score,37,22069
"card_count","target_cards=4",200,round_score,38,22054
"card_count","target_cards=4",200,round_score,39,14525
"card_count","target_cards=4",200,round_score,40,12875
"card_count","target_cards=4",200,round_score,41,7075
"card_count","target_cards=4",200,round_score,42,9308
"card_count","target_cards=4",200,round_score,43,1504
"card_count","target_cards=4",200,round_score,44,3408
"card_count","target_cards=4",200,round_score,45,818
"card_count","target_cards=4",200,round_score,46,3544
"card_count","target_cards=4",200,round_score,47,670
"card_count","target_cards=4",200,round_score,48,3069
"card_count","target_cards=4",200,round_score,49,439
"card_count","target_cards=4",200,round_score,50,3092
"card_count","target_cards=4",200,round_score,51,284
"card_count","target_cards=4",200,round_score,52,2573
"card_count","target_cards=4",200,round_score,53,185
"card_count","target_cards=4",200,round_score,54,2591
"card_count","target_cards=4",200,round_score,55,108
"card_count","target_cards=4",200,round_score,56,1993
"card_count","target_cards=4",200,round_score,57,65
"card_count","target_cards=4",200,round_score,58,1951
"card_count","target_cards=4",200,round_score,59,10
"card_count","target_cards=4",200,round_score,60,1529
"card_count","target_cards=4",200,round_score,61,13
"card_count","target_cards=4",200,round_score,62,1237
"card_count","target_cards=4",200,round_score,63,15
"card_count","target_cards=4",200,round_score,64,732
"card_count","target_cards=4",200,round_score,65,15
"card_count","target_cards=4",200,round_score,66,756
"card_count","target_cards=4",200,round_score,67,14
"card_count","target_cards=4",200,round_score,68,117
"card_count","target_cards=4",200,round_score,69,6
"card_count","target_cards=4",200,round_score,70,114
"card_count","target_cards=4",200,round_score,71,13
"card_count","target_cards=4",200,round_score,72,130
"card_count","target_cards=4",200,round_score,73,8
"card_count","target_cards=4",200,round_score,74,81
"card_count","target_cards=4",200,round_score,75,5
"card_count","target_cards=4",200,round_score,76,100
"card_count","target_cards=4",200,round_score,77,12
"card_count","target_cards=4",200,round_score,78,106
"card_count","target_cards=4",200,round_score,79,4
"card_count","target_cards=4",200,round_score,80,73
"card_count","target_cards=4",200,round_score,82,57
"card_count","target_cards=4",200,round_score,84,63
"card_count","target_cards=4",200,round_score,86,51
"card_count","target_cards=4",200,round_score,88,35
"card_count","target_cards=4",200,round_score,90,36
"card_count","target_cards=4",200,round_score,91,1
"card_count","target_cards=4",200,round_score,92,18
"card_count","target_cards=4",200,round_score,94,22
"card_count","target_cards=4",200,round_score,96,13
"card_count","target_cards=4",200,round_score,98,6
"card_count","target_cards=4",200,round_score,100,2
"card_count","target_cards=4",200,round_score,102,4
"card_count","target_cards=4",200,round_score,104,3
"card_count","target_cards=4",200,round_score,106,1
"card_count","target_cards=4",200,round_score,108,1
"card_count","target_cards=4",200,round_score,110,1
"card_count","target_cards=4",200,round_score,114,3
"card_count","target_cards=4",200,round_score,115,1
"card_count","target_cards=4",200,round_score,117,1
"card_count","target_cards=4",200,round_score,123,2
"card_count","target_cards=4",200,round_score,139,1
"card_count","target_cards=4",200,round_end,bust,410091
"card_count","target_cards=4",200,round_end,flip7,212
"card_count","target_cards=4",200,round_end,freeze,143249
"card_count","target_cards=4",200,round_end,finish,652063
"card_count","target_cards=4",200,round_end,deck_exhausted,1
"card_count","target_cards=4",200,final_score,162,1
"card_count","target_cards=4",200,final_score,180,1
"card_count","target_cards=4",200,final_score,192,1
"card_count","target_cards=4",200,final_score,196,1
"card_count","target_cards=4",200,final_score,200,3375
"card_count","target_cards=4",200,final_score,201,3466
"card_count","target_cards=4",200,final_score,202,3377
"card_count","target_cards=4",200,final_score,203,3470
"card_count","target_cards=4",200,final_score,204,3478
"card_count","target_cards=4",200,final_score,205,3395
"card_count","target_cards=4",200,final_score,206,3418
"card_count","target_cards=4",200,final_score,207,3354
"card_count","target_cards=4",200,final_score,208,3376
"card_count","target_cards=4",200,final_score,209,3340
"card_count","target_cards=4",200,final_score,210,3392
"card_count","target_cards=4",200,final_score,211,3305
"card_count","target_cards=4",200,final_score,212,3272
"card_count","target_cards=4",200,final_score,213,3323
"card_count","target_cards=4",200,final_score,214,3260
"card_count","target_cards=4",200,final_score,215,3214
"card_count","target_cards=4",200,final_score,216,3190
"card_count","target_cards=4",200,final_score,217,3120
"card_count","target_cards=4",200,final_score,218,3191
"card_count","target_cards=4",200,final_score,219,2908
"card_count","target_cards=4",200,final_score,220,2888
"card_count","target_cards=4",200,final_score,221,2830
"card_count","target_cards=4",200,final_score,222,2732
"card_count","target_cards=4",200,final_score,223,2694
"card_count","target_cards=4",200,final_score,224,2448
"card_count","target_cards=4",200,final_score,225,2330
"card_count","target_cards=4",200,final_score,226,2139
"card_count","target_cards=4",200,final_score,227,2065
"card_count","target_cards=4",200,final_score,228,1903
"card_count","target_cards=4",200,final_score,229,1747
"card_count","target_cards=4",200,final_score,230,1469
"card_count","target_cards=4",200,final_score,231,1283
"card_count","target_cards=4",200,final_score,232,1168
"card_count","target_cards=4",200,final_score,233,995
"card_count","target_cards=4",200,final_score,234,805
"card_count","target_cards=4",200,final_score,235,666
"card_count","target_cards=4",200,final_score,236,575
"card_count","target_cards=4",200,final_score,237,452
"card_count","target_cards=4",200,final_score,238,349
"card_count","target_cards=4",200,final_score,239,305
"card_count","target_cards=4",200,final_score,240,244
"card_count","target_cards=4",200,final_score,241,206
"card_count","target_cards=4",200,final_score,242,130
"card_count","target_cards=4",200,final_score,243,150
"card_count","target_cards=4",200,final_score,244,150
"card_count","target_cards=4",200,final_score,245,108
"card_count","target_cards=4",200,final_score,246,101
"card_count","target_cards=4",200,final_score,247,100
"card_count","target_cards=4",200,final_score,248,98
"card_count","target_cards=4",200,final_score,249,90
"card_count","target_cards=4",200,final_score,250,72
"card_count","target_cards=4",200,final_score,251,81
"card_count","target_cards=4",200,final_score,252,62
"card_count","target_cards=4",200,final_score,253,49
"card_count","target_cards=4",200,final_score,254,31
"card_count","target_cards=4",200,final_score,255,32
"card_count","target_cards=4",200,final_score,256,34
"card_count","target_cards=4",200,final_score,257,29
"card_count","target_cards=4",200,final_score,258,23
"card_count","target_cards=4",200,final_score,259,18
"card_count","target_cards=4",200,final_score,260,21
"card_count","target_cards=4",200,final_score,261,20
"card_count","target_cards=4",200,final_score,262,12
"card_count","target_cards=4",200,final_score,263,14
"card_count","target_cards=4",200,final_score,264,6
"card_count","target_cards=4",200,final_score,265,6
"card_count","target_cards=4",200,final_score,266,2
"card_count","target_cards=4",200,final_score,267,5
"card_count","target_cards=4",200,final_score,268,2
"card_count","target_cards=4",200,final_score,269,2
"card_count","target_cards=4",200,final_score,270,4
"card_count","target_cards=4",200,final_score,271,2
"card_count","target_cards=4",200,final_score,272,2
"card_count","target_cards=4",200,final_score,273,7
"card_count","target_cards=4",200,final_score,274,1
"card_count","target_cards=4",200,final_score,275,2
"card_count","target_cards=4",200,final_score,276,1
"card_count","target_cards=4",200,final_score,277,2
"card_count","target_cards=4",200,final_score,280,1
"card_count","target_cards=4",200,final_score,281,2
"card_count","target_cards=4",200,final_score,282,1
"card_count","target_cards=4",200,final_score,283,1
"card_count","target_cards=4",200,final_score,284,2
"card_count","target_cards=4",200,final_score,288,1
"card_count","target_cards=4",200,final_score,289,1
"card_count","target_cards=4",200,final_score,311,1
"card_count","target_cards=5",200,round_score,0,663166
"card_count","target_cards=5",200,round_score,1,540
"card_count","target_cards=5",200,round_score,2,1654
"card_count","target_cards=5",200,round_score,3,1618
"card_count","target_cards=5",200,round_score,4,2743
"card_count","target_cards=5",200,round_score,5,2842
"card_count","target_cards=5",200,round_score,6,3981
"card_count","target_cards=5",200,round_score,7,4125
"card_count","target_cards=5",200,round_score,8,5376
"card_count","target_cards=5",200,round_score,9,5845
"card_count","target_cards=5",200,round_score,10,6973
"card_count","target_cards=5",200,round_score,11,7670
"card_count","target_cards=5",200,round_score,12,8821
"card_count","target_cards=5",200,round_score,13,3194
"card_count","target_cards=5",200,round_score,14,3659
"card_count","target_cards=5",200,round_score,15,4391
"card_count","target_cards=5",200,round_score,16,4915
"card_count","target_cards=5",200,round_score,17,5575
"card_count","target_cards=5",200,round_score,18,6096
"card_count","target_cards=5",200,round_score,19,6885
"card_count","target_cards=5",200,round_score,20,7098
"card_count","target_cards=5",200,round_score,21,8161
"card_count","target_cards=5",200,round_score,22,8407
"card_count","target_cards=5",200,round_score,23,9596
"card_count","target_cards=5",200,round_score,24,9787
"card_count","target_cards=5",200,round_score,25,11001
"card_count","target_cards=5",200,round_score,26,12804
"card_count","target_cards=5",200,round_score,27,14384
"card_count","target_cards=5",200,round_score,28,16496
"card_count","target_cards=5",200,round_score,29,18209
"card_count","target_cards=5",200,round_score,30,21097
"card_count","target_cards=5",200,round_score,31,21703
"card_count","target_cards=5",200,round_score,32,23763
"card_count","target_cards=5",200,round_score,33,24652
"card_count","target_cards=5",200,round_score,34,26440
"card_count","target_cards=5",200,round_score,35,26182
"card_count","target_cards=5",200,round_score,36,28377
"card_count","target_cards=5",200,round_score,37,26623
"card_count","target_cards=5",200,round_score,38,28090
"card_count","target_cards=5",200,round_score,39,25547
"card_count","target_cards=5",200,round_score,40,25993
"card_count","target_cards=5",200,round_score,41,22205
"card_count","target_cards=5",200,round_score,42,22786
"card_count","target_cards=5",200,round_score,43,17244
"card_count","target_cards=5",200,round_score,44,17174
"card_count","target_cards=5",200,round_score,45,13053
"card_count","target_cards=5",200,round_score,46,12608
"card_count","target_cards=5",200,round_score,47,7769
"card_count","target_cards=5",200,round_score,48,8083
"card_count","target_cards=5",200,round_score,49,3685
"card_count","target_cards=5",200,round_score,50,5869
"card_count","target_cards=5",200,round_score,51,813
"card_count","target_cards=5",200,round_score,52,2810
"card_count","target_cards=5",200,round_score,53,336
"card_count","target_cards=5",200,round_score,54,2602
"card_count","target_cards=5",200,round_score,55,253
"card_count","target_cards=5",200,round_score,56,2589
"card_count","target_cards=5",200,round_score,57,200
"card_count","target_cards=5",200,round_score,58,2665
"card_count","target_cards=5",200,round_score,59,104
"card_count","target_cards=5",200,round_score,60,2673
"card_count","target_cards=5",200,round_score,61,101
"card_count","target_cards=5",200,round_score,62,2525
"card_count","target_cards=5",200,round_score,63,104
"card_count","target_cards=5",200,round_score,64,2564
"card_count","target_cards=5",200,round_score,65,103
"card_count","target_cards=5",200,round_score,66,2537
"card_count","target_cards=5",200,round_score,67,87
"card_count","target_cards=5",200,round_score,68,2228
"card_count","target_cards=5",200,round_score,69,85
"card_count","target_cards=5",200,round_score,70,2081
"card_count","target_cards=5",200,round_score,71,81
"card_count","target_cards=5",200,round_score,72,1985
"card_count","target_cards=5",200,round_score,73,53
"card_count","target_cards=5",200,round_score,74,1513
"card_count","target_cards=5",200,round_score,75,48
"card_count","target_cards=5",200,round_score,76,1375
"card_count","target_cards=5",200,round_score,77,25
"card_count","target_cards=5",200,round_score,78,999
"card_count","target_cards=5",200,round_score,79,4
"card_count","target_cards=5",200,round_score,80,759
"card_count","target_cards=5",200,round_score,81,2
"card_count","target_cards=5",200,round_score,82,529
"card_count","target_cards=5",200,round_score,83,1
"card_count","target_cards=5",200,round_score,84,466
"card_count","target_cards=5",200,round_score,85,1
"card_count","target_cards=5",200,round_score,86,150
"card_count","target_cards=5",200,round_score,88,86
"card_count","target_cards=5",200,round_score,90,71
"card_count","target_cards=5",200,round_score,92,61
"card_count","target_cards=5",200,round_score,94,61
"card_count","target_cards=5",200,round_score,95,2
"card_count","target_cards=5",200,round_score,96,45
"card_count","target_cards=5",200,round_score,98,36
"card_count","target_cards=5",200,round_score,100,36
"card_count","target_cards=5",200,round_score,102,26
"card_count","target_cards=5",200,round_score,104,25
"card_count","target_cards=5",200,round_score,105,2
"card_count","target_cards=5",200,round_score,106,16
"card_count","target_cards=5",200,round_score,107,1
"card_count","target_cards=5",200,round_score,108,9
"card_count","target_cards=5",200,round_score,110,14
"card_count","target_cards=5",200,round_score,111,1
"card_count","target_cards=5",200,round_score,112,6
"card_count","target_cards=5",200,round_score,113,1
"card_count","target_cards=5",200,round_score,114,10
"card_count","target_cards=5",200,round_score,115,2
"card_count","target_cards=5",200,round_score,116,3
"card_count","target_cards=5",200,round_score,117,1
"card_count","target_cards=5",200,round_score,118,4
"card_count","target_cards=5",200,round_score,119,1
"card_count","target_cards=5",200,round_score,120,2
"card_count","target_cards=5",200,round_score,121,1
"card_count","target_cards=5",200,round_score,122,1
"card_count","target_cards=5",200,round_score,123,3
"card_count","target_cards=5",200,round_score,129,2
"card_count","target_cards=5",200,round_score,131,2
"card_count","target_cards=5",200,round_score,133,6
"card_count","target_cards=5",200,round_score,139,2
"card_count","target_cards=5",200,round_score,147,1
"card_count","target_cards=5",200,round_end,bust,618009
"card_count","target_cards=5",200,round_end,flip7,1656
"card_count","target_cards=5",200,round_end,freeze,181183
"card_count","target_cards=5",200,round_end,finish,509922
"card_count","target_cards=5",200,round_end,deck_exhausted,176
"card_count","target_cards=5",200,final_score,74,1
"card_count","target_cards=5",200,final_score,84,1
"card_count","target_cards=5",200,final_score,86,1
"card_count","target_cards=5",200,final_score,94,1
"card_count","target_cards=5",200,final_score,102,1
"card_count","target_cards=5",200,final_score,103,1
"card_count","target_cards=5",200,final_score,105,1
"card_count","target_cards=5",200,final_score,106,1
"card_count","target_cards=5",200,final_score,107,2
"card_count","target_cards=5",200,final_score,109,1
"card_count","target_cards=5",200,final_score,110,3
"card_count","target_cards=5",200,final_score,112,1
"card_count","target_cards=5",200,final_score,115,2
"card_count","target_cards=5",200,final_score,116,4
"card_count","target_cards=5",200,final_score,118,3
"card_count","target_cards=5",200,final_score,119,1
"card_count","target_cards=5",200,final_score,120,1
"card_count","target_cards=5",200,final_score,121,1
"card_count","target_cards=5",200,final_score,122,3
"card_count","target_cards=5",200,final_score,123,1
"card_count","target_cards=5",200,final_score,124,2
"card_count","target_cards=5",200,final_score,125,3
"card_count","target_cards=5",200,final_score,126,5
"card_count","target_cards=5",200,final_score,127,3
"card_count","target_cards=5",200,final_score,128,5
"card_count","target_cards=5",200,final_score,129,1
"card_count","target_cards=5",200,final_score,130,4
"card_count","target_cards=5",200,final_score,131,2
"card_count","target_cards=5",200,final_score,132,1
"card_count","target_cards=5",200,final_score,133,3
"card_count","target_cards=5",200,final_score,134,3
"card_count","target_cards=5",200,final_score,135,3
"card_count","target_cards=5",200,final_score,136,3
"card_count","target_cards=5",200,final_score,137,3
"card_count","target_cards=5",200,final_score,138,3
"card_count","target_cards=5",200,final_score,139,4
"card_count","target_cards=5",200,final_score,140,2
"card_count","target_cards=5",200,final_score,141,4
"card_count","target_cards=5",200,final_score,142,3
"card_count","target_cards=5",200,final_score,143,3
"card_count","target_cards=5",200,final_score,144,2
"card_count","target_cards=5",200,final_score,145,5
"card_count","target_cards=5",200,final_score,146,7
"card_count","target_cards=5",200,final_score,147,7
"card_count","target_cards=5",200,final_score,148,2
"card_count","target_cards=5",200,final_score,149,7
"card_count","target_cards=5",200,final_score,150,2
"card_count","target_cards=5",200,final_score,151,14
"card_count","target_cards=5",200,final_score,152,8
"card_count","target_cards=5",200,final_score,153,9
"card_count","target_cards=5",200,final_score,154,8
"card_count","target_cards=5",200,final_score,155,6
"card_count","target_cards=5",200,final_score,156,9
"card_count","target_cards=5",200,final_score,157,9
"card_count","target_cards=5",200,final_score,158,7
"card_count","target_cards=5",200,final_score,159,14
"card_count","target_cards=5",200,final_score,160,11
"card_count","target_cards=5",200,final_score,161,10
"card_count","target_cards=5",200,final_score,162,18
"card_count","target_cards=5",200,final_score,163,10
"card_count","target_cards=5",200,final_score,164,11
"card_count","target_cards=5",200,final_score,165,10
"card_count","target_cards=5",200,final_score,166,11
"card_count","target_cards=5",200,final_score,167,16
"card_count","target_cards=5",200,final_score,168,11
"card_count","target_cards=5",200,final_score,169,17
"card_count","target_cards=5",200,final_score,170,23
"card_count","target_cards=5",200,final_score,171,20
"card_count","target_cards=5",200,final_score,172,12
"card_count","target_cards=5",200,final_score,173,15
"card_count","target_cards=5",200,final_score,174,20
"card_count","target_cards=5",200,final_score,175,10
"card_count","target_cards=5",200,final_score,176,17
"card_count","target_cards=5",200,final_score,177,15
"card_count","target_cards=5",200,final_score,178,16
"card_count","target_cards=5",200,final_score,179,16
"card_count","target_cards=5",200,final_score,180,23
"card_count","target_cards=5",200,final_score,181,28
"card_count","target_cards=5",200,final_score,182,22
"card_count","target_cards=5",200,final_score,183,26
"card_count","target_cards=5",200,final_score,184,20
"card_count","target_cards=5",200,final_score,185,34
"card_count","target_cards=5",200,final_score,186,30
"card_count","target_cards=5",200,final_score,187,21
"card_count","target_cards=5",200,final_score,188,22
"card_count","target_cards=5",200,final_score,189,43
"card_count","target_cards=5",200,final_score,190,28
"card_count","target_cards=5",200,final_score,191,37
"card_count","target_cards=5",200,final_score,192,25
"card_count","target_cards=5",200,final_score,193,43
"card_count","target_cards=5",200,final_score,194,38
"card_count","target_cards=5",200,final_score,195,40
"card_count","target_cards=5",200,final_score,196,32
"card_count","target_cards=5",200,final_score,197,41
"card_count","target_cards=5",200,final_score,198,40
"card_count","target_cards=5",200,final_score,199,42
"card_count","target_cards=5",200,final_score,200,2927
"card_count","target_cards=5",200,final_score,201,2872
"card_count","target_cards=5",200,final_score,202,2987
"card_count","target_cards=5",200,final_score,203,3017
"card_count","target_cards=5",200,final_score,204,2901
"card_count","target_cards=5",200,final_score,205,2908
"card_count","target_cards=5",200,final_score,206,2924
"card_count","target_cards=5",200,final_score,207,2813
"card_count","target_cards=5",200,final_score,208,2770
"card_count","target_cards=5",200,final_score,209,2716
"card_count","target_cards=5",200,final_score,210,2748
"card_count","target_cards=5",200,final_score,211,2747
"card_count","target_cards=5",200,final_score,212,2780
"card_count","target_cards=5",200,final_score,213,2702
"card_count","target_cards=5",200,final_score,214,2698
"card_count","target_cards=5",200,final_score,215,2651
"card_count","target_cards=5",200,final_score,216,2623
"card_count","target_cards=5",200,final_score,217,2624
"card_count","target_cards=5",200,final_score,218,2581
"card_count","target_cards=5",200,final_score,219,2493
"card_count","target_cards=5",200,final_score,220,2467
"card_count","target_cards=5",200,final_score,221,2453
"card_count","target_cards=5",200,final_score,222,2460
"card_count","target_cards=5",200,final_score,223,2426
"card_count","target_cards=5",200,final_score,224,2289
"card_count","target_cards=5",200,final_score,225,2248
"card_count","target_cards=5",200,final_score,226,2247
"card_count","target_cards=5",200,final_score,227,2123
"card_count","target_cards=5",200,final_score,228,2125
"card_count","target_cards=5",200,final_score,229,2078
"card_count","target_cards=5",200,final_score,230,1962
"card_count","target_cards=5",200,final_score,231,1878
"card_count","target_cards=5",200,final_score,232,1668
"card_count","target_cards=5",200,final_score,233,1597
"card_count","target_cards=5",200,final_score,234,1404
"card_count","target_cards=5",200,final_score,235,1326
"card_count","target_cards=5",200,final_score,236,1257
"card_count","target_cards=5",200,final_score,237,1117
"card_count","target_cards=5",200,final_score,238,942
"card_count","target_cards=5",200,final_score,239,892
"card_count","target_cards=5",200,final_score,240,763
"card_count","target_cards=5",200,final_score,241,624
"card_count","target_cards=5",200,final_score,242,575
"card_count","target_cards=5",200,final_score,243,475
"card_count","target_cards=5",200,final_score,244,370
"card_count","target_cards=5",200,final_score,245,328
"card_count","target_cards=5",200,final_score,246,251
"card_count","target_cards=5",200,final_score,247,238
"card_count","target_cards=5",200,final_score,248,219
"card_count","target_cards=5",200,final_score,249,191
"card_count","target_cards=5",200,final_score,250,179
"card_count","target_cards=5",200,final_score,251,141
"card_count","target_cards=5",200,final_score,252,154
"card_count","target_cards=5",200,final_score,253,159
"card_count","target_cards=5",200,final_score,254,147
"card_count","target_cards=5",200,final_score,255,144
"card_count","target_cards=5",200,final_score,256,106
"card_count","target_cards=5",200,final_score,257,120
"card_count","target_cards=5",200,final_score,258,107
"card_count","target_cards=5",200,final_score,259,118
"card_count","target_cards=5",200,final_score,260,96
"card_count","target_cards=5",200,final_score,261,100
"card_count","target_cards=5",200,final_score,262,74
"card_count","target_cards=5",200,final_score,263,82
"card_count","target_cards=5",200,final_score,264,64
"card_count","target_cards=5",200,final_score,265,80
"card_count","target_cards=5",200,final_score,266,61
"card_count","target_cards=5",200,final_score,267,74
"card_count","target_cards=5",200,final_score,268,53
"card_count","target_cards=5",200,final_score,269,43
"card_count","target_cards=5",200,final_score,270,32
"card_count","target_cards=5",200,final_score,271,37
"card_count","target_cards=5",200,final_score,272,30
"card_count","target_cards=5",200,final_score,273,36
"card_count","target_cards=5",200,final_score,274,13
"card_count","target_cards=5",200,final_score,275,21
"card_count","target_cards=5",200,final_score,276,17
"card_count","target_cards=5",200,final_score,277,14
"card_count","target_cards=5",200,final_score,278,13
"card_count","target_cards=5",200,final_score,279,11
"card_count","target_cards=5",200,final_score,280,7
"card_count","target_cards=5",200,final_score,281,10
"card_count","target_cards=5",200,final_score,282,8
"card_count","target_cards=5",200,final_score,283,7
"card_count","target_cards=5",200,final_score,284,2
"card_count","target_cards=5",200,final_score,285,2
"card_count","target_cards=5",200,final_score,286,4
"card_count","target_cards=5",200,final_score,287,2
"card_count","target_cards=5",200,final_score,288,5
"card_count","target_cards=5",200,final_score,291,7
"card_count","target_cards=5",200,final_score,292,1
"card_count","target_cards=5",200,final_score,293,2
"card_count","target_cards=5",200,final_score,294,2
"card_count","target_cards=5",200,final_score,296,1
"card_count","target_cards=5",200,final_score,297,1
"card_count","target_cards=5",200,final_score,298,1
"card_count","target_cards=5",200,final_score,302,1
"card_count","target_cards=5",200,final_score,305,1
"card_count","target_cards=5",200,final_score,307,1
"card_count","target_cards=5",200,final_score,313,1
"card_count","target_cards=5",200,final_score,317,1
"card_count","target_cards=5",200,final_score,320,1
"card_sum","target_score=22",200,round_score,0,297622
"card_sum","target_score=22",200,round_score,1,477
"card_sum","target_score=22",200,round_score,2,1420
"card_sum","target_score=22",200,round_score,3,1422
"card_sum","target_score=22",200,round_score,4,2321
"card_sum","target_score=22",200,round_score,5,2393
"card_sum","target_score=22",200,round_score,6,3412
"card_sum","target_score=22",200,round_score,7,3462
"card_sum","target_score=22",200,round_score,8,4635
"card_sum","target_score=22",200,round_score,9,4833
"card_sum","target_score=22",200,round_score,10,5906
"card_sum","target_score=22",200,round_score,11,6534
"card_sum","target_score=22",200,round_score,12,7410
"card_sum","target_score=22",200,round_score,13,2511
"card_sum","target_score=22",200,round_score,14,2935
"card_sum","target_score=22",200,round_score,15,3417
"card_sum","target_score=22",200,round_score,16,3714
"card_sum","target_score=22",200,round_score,17,4078
"card_sum","target_score=22",200,round_score,18,4115
"card_sum","target_score=22",200,round_score,19,4590
"card_sum","target_score=22",200,round_score,20,4104
"card_sum","target_score=22",200,round_score,21,4614
"card_sum","target_score=22",200,round_score,22,101563
"card_sum","target_score=22",200,round_score,23,105398
"card_sum","target_score=22",200,round_score,24,75211
"card_sum","target_score=22",200,round_score,25,72282
"card_sum","target_score=22",200,round_score,26,69752
"card_sum","target_score=22",200,round_score,27,69808
"card_sum","target_score=22",200,round_score,28,60308
"card_sum","target_score=22",200,round_score,29,54401
"card_sum","target_score=22",200,round_score,30,47005
"card_sum","target_score=22",200,round_score,31,33681
"card_sum","target_score=22",200,round_score,32,24465
"card_sum","target_score=22",200,round_score,33,13091
"card_sum","target_score=22",200,round_score,34,5156
"card_sum","target_score=22",200,round_score,35,1874
"card_sum","target_score=22",200,round_score,36,4734
"card_sum","target_score=22",200,round_score,37,1669
"card_sum","target_score=22",200,round_score,38,4859
"card_sum","target_score=22",200,round_score,39,1418
"card_sum","target_score=22",200,round_score,40,3842
"card_sum","target_score=22",200,round_score,41,1109
"card_sum","target_score=22",200,round_score,42,3668
"card_sum","target_score=22",200,round_score,43,740
"card_sum","target_score=22",200,round_score,44,1368
"card_sum","target_score=22",200,round_score,45,567
"card_sum","target_score=22",200,round_score,46,668
"card_sum","target_score=22",200,round_score,47,388
"card_sum","target_score=22",200,round_score,48,464
"card_sum","target_score=22",200,round_score,49,175
"card_sum","target_score=22",200,round_score,50,343
"card_sum","target_score=22",200,round_score,51,76
"card_sum","target_score=22",200,round_score,52,205
"card_sum","target_score=22",200,round_score,53,42
"card_sum","target_score=22",200,round_score,54,184
"card_sum","target_score=22",200,round_score,55,27
"card_sum","target_score=22",200,round_score,56,178
"card_sum","target_score=22",200,round_score,57,33
"card_sum","target_score=22",200,round_score,58,139
"card_sum","target_score=22",200,round_score,59,19
"card_sum","target_score=22",200,round_score,60,151
"card_sum","target_score=22",200,round_score,61,18
"card_sum","target_score=22",200,round_score,62,124
"card_sum","target_score=22",200,round_score,63,20
"card_sum","target_score=22",200,round_score,64,120
"card_sum","target_score=22",200,round_score,65,14
"card_sum","target_score=22",200,round_score,66,99
"card_sum","target_score=22",200,round_score,67,10
"card_sum","target_score=22",200,round_score,68,90
"card_sum","target_score=22",200,round_score,69,3
"card_sum","target_score=22",200,round_score,70,77
"card_sum","target_score=22",200,round_score,71,7
"card_sum","target_score=22",200,round_score,72,89
"card_sum","target_score=22",200,round_score,73,6
"card_sum","target_score=22",200,round_score,74,57
"card_sum","target_score=22",200,round_score,75,6
"card_sum","target_score=22",200,round_score,76,59
"card_sum","target_score=22",200,round_score,77,5
"card_sum","target_score=22",200,round_score,78,64
"card_sum","target_score=22",200,round_score,80,30
"card_sum","target_score=22",200,round_score,81,1
"card_sum","target_score=22",200,round_score,82,20
"card_sum","target_score=22",200,round_score,84,17
"card_sum","target_score=22",200,round_score,86,8
"card_sum","target_score=22",200,round_score,88,6
"card_sum","target_score=22",200,round_score,90,3
"card_sum","target_score=22",200,round_score,91,1
"card_sum","target_score=22",200,round_score,92,5
"card_sum","target_score=22",200,round_score,94,5
"card_sum","target_score=22",200,round_score,96,1
"card_sum","target_score=22",200,round_score,98,2
"card_sum","target_score=22",200,round_score,99,1
"card_sum","target_score=22",200,round_score,100,1
"card_sum","target_score=22",200,round_score,102,2
"card_sum","target_score=22",200,round_score,104,1
"card_sum","target_score=22",200,round_score,106,1
"card_sum","target_score=22",200,round_score,107,1
"card_sum","target_score=22",200,round_score,111,1
"card_sum","target_score=22",200,round_score,114,1
"card_sum","target_score=22",200,round_score,123,1
"card_sum","target_score=22",200,round_score,127,1
"card_sum","target_score=22",200,round_end,bust,258892
"card_sum","target_score=22",200,round_end,flip7,335
"card_sum","target_score=22",200,round_end,freeze,119473
"card_sum","target_score=22",200,round_end,finish,759264
"card_sum","target_score=22",200,round_end,deck_exhausted,0
"card_sum","target_score=22",200,final_score,200,3942
"card_sum","target_score=22",200,final_score,201,3944
"card_sum","target_score=22",200,final_score,202,3925
"card_sum","target_score=22",200,final_score,203,3901
"card_sum","target_score=22",200,final_score,204,3991
"card_sum","target_score=22",200,final_score,205,3930
"card_sum","target_score=22",200,final_score,206,4057
"card_sum","target_score=22",200,final_score,207,3950
"card_sum","target_score=22",200,final_score,208,3992
"card_sum","target_score=22",200,final_score,209,3967
"card_sum","target_score=22",200,final_score,210,3909
"card_sum","target_score=22",200,final_score,211,3787
"card_sum","target_score=22",200,final_score,212,3879
"card_sum","target_score=22",200,final_score,213,3806
"card_sum","target_score=22",200,final_score,214,3659
"card_sum","target_score=22",200,final_score,215,3644
"card_sum","target_score=22",200,final_score,216,3649
"card_sum","target_score=22",200,final_score,217,3658
"card_sum","target_score=22",200,final_score,218,3683
"card_sum","target_score=22",200,final_score,219,3540
"card_sum","target_score=22",200,final_score,220,3519
"card_sum","target_score=22",200,final_score,221,3450
"card_sum","target_score=22",200,final_score,222,2973
"card_sum","target_score=22",200,final_score,223,2491
"card_sum","target_score=22",200,final_score,224,2186
"card_sum","target_score=22",200,final_score,225,1905
"card_sum","target_score=22",200,final_score,226,1543
"card_sum","target_score=22",200,final_score,227,1248
"card_sum","target_score=22",200,final_score,228,1008
"card_sum","target_score=22",200,final_score,229,714
"card_sum","target_score=22",200,final_score,230,491
"card_sum","target_score=22",200,final_score,231,339
"card_sum","target_score=22",200,final_score,232,218
"card_sum","target_score=22",200,final_score,233,173
"card_sum","target_score=22",200,final_score,234,108
"card_sum","target_score=22",200,final_score,235,120
"card_sum","target_score=22",200,final_score,236,84
"card_sum","target_score=22",200,final_score,237,100
"card_sum","target_score=22",200,final_score,238,71
"card_sum","target_score=22",200,final_score,239,67
"card_sum","target_score=22",200,final_score,240,55
"card_sum","target_score=22",200,final_score,241,44
"card_sum","target_score=22",200,final_score,242,23
"card_sum","target_score=22",200,final_score,243,32
"card_sum","target_score=22",200,final_score,244,23
"card_sum","target_score=22",200,final_score,245,18
"card_sum","target_score=22",200,final_score,246,17
"card_sum","target_score=22",200,final_score,247,17
"card_sum","target_score=22",200,final_score,248,14
"card_sum","target_score=22",200,final_score,249,8
"card_sum","target_score=22",200,final_score,250,11
"card_sum","target_score=22",200,final_score,251,10
"card_sum","target_score=22",200,final_score,252,10
"card_sum","target_score=22",200,final_score,253,7
"card_sum","target_score=22",200,final_score,254,3
"card_sum","target_score=22",200,final_score,255,5
"card_sum","target_score=22",200,final_score,256,6
"card_sum","target_score=22",200,final_score,257,7
"card_sum","target_score=22",200,final_score,258,7
"card_sum","target_score=22",200,final_score,259,3
"card_sum","target_score=22",200,final_score,260,3
"card_sum","target_score=22",200,final_score,261,3
"card_sum","target_score=22",200,final_score,262,4
"card_sum","target_score=22",200,final_score,263,2
"card_sum","target_score=22",200,final_score,264,8
"card_sum","target_score=22",200,final_score,265,3
"card_sum","target_score=22",200,final_score,266,3
"card_sum","target_score=22",200,final_score,267,2
"card_sum","target_score=22",200,final_score,268,5
"card_sum","target_score=22",200,final_score,269,6
"card_sum","target_score=22",200,final_score,270,4
"card_sum","target_score=22",200,final_score,271,1
"card_sum","target_score=22",200,final_score,272,2
"card_sum","target_score=22",200,final_score,273,1
"card_sum","target_score=22",200,final_score,274,4
"card_sum","target_score=22",200,final_score,275,1
"card_sum","target_score=22",200,final_score,276,2
"card_sum","target_score=22",200,final_score,277,1
"card_sum","target_score=22",200,final_score,284,1
"card_sum","target_score=22",200,final_score,297,1
"card_sum","target_score=22",200,final_score,298,1
"card_sum","target_score=22",200,final_score,321,1
"card_sum","target_score=23",200,round_score,0,316448
"card_sum","target_score=23",200,round_score,1,462
"card_sum","target_score=23",200,round_score,2,1371
"card_sum","target_score=23",200,round_score,3,1392
"card_sum","target_score=23",200,round_score,4,2296
"card_sum","target_score=23",200,round_score,5,2354
"card_sum","target_score=23",200,round_score,6,3415
"card_sum","target_score=23",200,round_score,7,3483
"card_sum","target_score=23",200,round_score,8,4613
"card_sum","target_score=23",200,round_score,9,4778
"card_sum","target_score=23",200,round_score,10,5847
"card_sum","target_score=23",200,round_score,11,6535
"card_sum","target_score=23",200,round_score,12,7393
"card_sum","target_score=23",200,round_score,13,2438
"card_sum","target_score=23",200,round_score,14,2939
"card_sum","target_score=23",200,round_score,15,3379
"card_sum","target_score=23",200,round_score,16,3718
"card_sum","target_score=23",200,round_score,17,4021
"card_sum","target_score=23",200,round_score,18,4130
"card_sum","target_score=23",200,round_score,19,4558
"card_sum","target_score=23",200,round_score,20,4079
"card_sum","target_score=23",200,round_score,21,4506
"card_sum","target_score=23",200,round_score,22,3894
"card_sum","target_score=23",200,round_score,23,105772
"card_sum","target_score=23",200,round_score,24,77839
"card_sum","target_score=23",200,round_score,25,74651
"card_sum","target_score=23",200,round_score,26,74204
"card_sum","target_score=23",200,round_score,27,74218
"card_sum","target_score=23",200,round_score,28,66911
"card_sum","target_score=23",200,round_score,29,60359
"card_sum","target_score=23",200,round_score,30,55478
"card_sum","target_score=23",200,round_score,31,41687
"card_sum","target_score=23",200,round_score,32,31139
"card_sum","target_score=23",200,round_score,33,23288
"card_sum","target_score=23",200,round_score,34,12056
"card_sum","target_score=23",200,round_score,35,1940
"card_sum","target_score=23",200,round_score,36,5013
"card_sum","target_score=23",200,round_score,37,1728
"card_sum","target_score=23",200,round_score,38,5469
"card_sum","target_score=23",200,round_score,39,1445
"card_sum","target_score=23",200,round_score,40,4310
"card_sum","target_score=23",200,round_score,41,1170
"card_sum","target_score=23",200,round_score,42,4286
"card_sum","target_score=23",200,round_score,43,813
"card_sum","target_score=23",200,round_score,44,2782
"card_sum","target_score=23",200,round_score,45,656
"card_sum","target_score=23",200,round_score,46,1361
"card_sum","target_score=23",200,round_score,47,431
"card_sum","target_score=23",200,round_score,48,510
"card_sum","target_score=23",200,round_score,49,222
"card_sum","target_score=23",200,round_score,50,385
"card_sum","target_score=23",200,round_score,51,103
"card_sum","target_score=23",200,round_score,52,233
"card_sum","target_score=23",200,round_score,53,56
"card_sum","target_score=23",200,round_score,54,199
"card_sum","target_score=23",200,round_score,55,38
"card_sum","target_score=23",200,round_score,56,194
"card_sum","target_score=23",200,round_score,57,33
"card_sum","target_score=23",200,round_score,58,154
"card_sum","target_score=23",200,round_score,59,20
"card_sum","target_score=23",200,round_score,60,151
"card_sum","target_score=23",200,round_score,61,23
"card_sum","target_score=23",200,round_score,62,139
"card_sum","target_score=23",200,round_score,63,28
"card_sum","target_score=23",200,round_score,64,132
"card_sum","target_score=23",200,round_score,65,18
"card_sum","target_score=23",200,round_score,66,121
"card_sum","target_score=23",200,round_score,67,14
"card_sum","target_score=23",200,round_score,68,103
"card_sum","target_score=23",200,round_score,69,4
"card_sum","target_score=23",200,round_score,70,89
"card_sum","target_score=23",200,round_score,71,9
"card_sum","target_score=23",200,round_score,72,93
"card_sum","target_score=23",200,round_score,73,5
"card_sum","target_score=23",200,round_score,74,69
"card_sum","target_score=23",200,round_score,75,8
"card_sum","target_score=23",200,round_score,76,66
"card_sum","target_score=23",200,round_score,77,5
"card_sum","target_score=23",200,round_score,78,75
"card_sum","target_score=23",200,round_score,80,33
"card_sum","target_score=23",200,round_score,82,26
"card_sum","target_score=23",200,round_score,84,17
"card_sum","target_score=23",200,round_score,86,8
"card_sum","target_score=23",200,round_score,88,9
"card_sum","target_score=23",200,round_score,90,6
"card_sum","target_score=23",200,round_score,92,5
"card_sum","target_score=23",200,round_score,94,4
"card_sum","target_score=23",200,round_score,96,2
"card_sum","target_score=23",200,round_score,97,1
"card_sum","target_score=23",200,round_score,98,2
"card_sum","target_score=23",200,round_score,99,1
"card_sum","target_score=23",200,round_score,100,1
"card_sum","target_score=23",200,round_score,102,3
"card_sum","target_score=23",200,round_score,104,1
"card_sum","target_score=23",200,round_score,106,1
"card_sum","target_score=23",200,round_score,108,1
"card_sum","target_score=23",200,round_score,110,1
"card_sum","target_score=23",200,round_score,111,1
"card_sum","target_score=23",200,round_score,114,1
"card_sum","target_score=23",200,round_score,115,1
"card_sum","target_score=23",200,round_score,117,1
"card_sum","target_score=23",200,round_score,123,1
"card_sum","target_score=23",200,round_score,127,1
"card_sum","target_score=23",200,round_score,133,1
"card_sum","target_score=23",200,round_end,bust,277975
"card_sum","target_score=23",200,round_end,flip7,401
"card_sum","target_score=23",200,round_end,freeze,122458
"card_sum","target_score=23",200,round_end,finish,729649
"card_sum","target_score=23",200,round_end,deck_exhausted,0
"card_sum","target_score=23",200,final_score,200,3767
"card_sum","target_score=23",200,final_score,201,3749
"card_sum","target_score=23",200,final_score,202,3774
"card_sum","target_score=23",200,final_score,203,3771
"card_sum","target_score=23",200,final_score,204,3742
"card_sum","target_score=23",200,final_score,205,3595
"card_sum","target_score=23",200,final_score,206,3693
"card_sum","target_score=23",200,final_score,207,3588
"card_sum","target_score=23",200,final_score,208,3695
"card_sum","target_score=23",200,final_score,209,3692
"card_sum","target_score=23",200,final_score,210,3664
"card_sum","target_score=23",200,final_score,211,3684
"card_sum","target_score=23",200,final_score,212,3663
"card_sum","target_score=23",200,final_score,213,3601
"card_sum","target_score=23",200,final_score,214,3697
"card_sum","target_score=23",200,final_score,215,3651
"card_sum","target_score=23",200,final_score,216,3632
"card_sum","target_score=23",200,final_score,217,3668
"card_sum","target_score=23",200,final_score,218,3639
"card_sum","target_score=23",200,final_score,219,3443
"card_sum","target_score=23",200,final_score,220,3403
"card_sum","target_score=23",200,final_score,221,3501
"card_sum","target_score=23",200,final_score,222,3457
"card_sum","target_score=23",200,final_score,223,2942
"card_sum","target_score=23",200,final_score,224,2582
"card_sum","target_score=23",200,final_score,225,2303
"card_sum","target_score=23",200,final_score,226,1892
"card_sum","target_score=23",200,final_score,227,1487
"card_sum","target_score=23",200,final_score,228,1189
"card_sum","target_score=23",200,final_score,229,936
"card_sum","target_score=23",200,final_score,230,671
"card_sum","target_score=23",200,final_score,231,475
"card_sum","target_score=23",200,final_score,232,326
"card_sum","target_score=23",200,final_score,233,239
"card_sum","target_score=23",200,final_score,234,120
"card_sum","target_score=23",200,final_score,235,172
"card_sum","target_score=23",200,final_score,236,122
"card_sum","target_score=23",200,final_score,237,118
"card_sum","target_score=23",200,final_score,238,84
"card_sum","target_score=23",200,final_score,239,79
"card_sum","target_score=23",200,final_score,240,65
"card_sum","target_score=23",200,final_score,241,70
"card_sum","target_score=23",200,final_score,242,42
"card_sum","target_score=23",200,final_score,243,39
"card_sum","target_score=23",200,final_score,244,32
"card_sum","target_score=23",200,final_score,245,27
"card_sum","target_score=23",200,final_score,246,22
"card_sum","target_score=23",200,final_score,247,16
"card_sum","target_score=23",200,final_score,248,25
"card_sum","target_score=23",200,final_score,249,13
"card_sum","target_score=23",200,final_score,250,14
"card_sum","target_score=23",200,final_score,251,8
"card_sum","target_score=23",200,final_score,252,9
"card_sum","target_score=23",200,final_score,253,10
"card_sum","target_score=23",200,final_score,254,8
"card_sum","target_score=23",200,final_score,255,7
"card_sum","target_score=23",200,final_score,256,6
"card_sum","target_score=23",200,final_score,257,8
"card_sum","target_score=23",200,final_score,258,5
"card_sum","target_score=23",200,final_score,259,7
"card_sum","target_score=23",200,final_score,260,5
"card_sum","target_score=23",200,final_score,261,2
"card_sum","target_score=23",200,final_score,262,2
"card_sum","target_score=23",200,final_score,263,3
"card_sum","target_score=23",200,final_score,264,5
"card_sum","target_score=23",200,final_score,265,5
"card_sum","target_score=23",200,final_score,266,2
"card_sum","target_score=23",200,final_score,267,2
"card_sum","target_score=23",200,final_score,268,5
"card_sum","target_score=23",200,final_score,269,5
"card_sum","target_score=23",200,final_score,270,5
"card_sum","target_score=23",200,final_score,271,1
"card_sum","target_score=23",200,final_score,272,1
"card_sum","target_score=23",200,final_score,273,2
"card_sum","target_score=23",200,final_score,274,3
"card_sum","target_score=23",200,final_score,275,2
"card_sum","target_score=23",200,final_score,276,1
"card_sum","target_score=23",200,final_score,277,1
"card_sum","target_score=23",200,final_score,278,1
"card_sum","target_score=23",200,final_score,279,1
"card_sum","target_score=23",200,final_score,284,1
"card_sum","target_score=23",200,final_score,285,1
"card_sum","target_score=23",200,final_score,288,1
"card_sum","target_score=23",200,final_score,289,1
"card_sum","target_score=23",200,final_score,297,1
"card_sum","target_score=23",200,final_score,303,1
"card_sum","target_score=23",200,final_score,321,1
"card_sum","target_score=24",200,round_score,0,338656
"card_sum","target_score=24",200,round_score,1,447
"card_sum","target_score=24",200,round_score,2,1332
"card_sum","target_score=24",200,round_score,3,1354
"card_sum","target_score=24",200,round_score,4,2282
"card_sum","target_score=24",200,round_score,5,2313
"card_sum","target_score=24",200,round_score,6,3378
"card_sum","target_score=24",200,round_score,7,3508
"card_sum","target_score=24",200,round_score,8,4601
"card_sum","target_score=24",200,round_score,9,4702
"card_sum","target_score=24",200,round_score,10,5812
"card_sum","target_score=24",200,round_score,11,6562
"card_sum","target_score=24",200,round_score,12,7278
"card_sum","target_score=24",200,round_score,13,2497
"card_sum","target_score=24",200,round_score,14,2863
"card_sum","target_score=24",200,round_score,15,3396
"card_sum","target_score=24",200,round_score,16,3670
"card_sum","target_score=24",200,round_score,17,4015
"card_sum","target_score=24",200,round_score,18,4167
"card_sum","target_score=24",200,round_score,19,4502
"card_sum","target_score=24",200,round_score,20,4058
"card_sum","target_score=24",200,round_score,21,4533
"card_sum","target_score=24",200,round_score,22,3935
"card_sum","target_score=24",200,round_score,23,4068
"card_sum","target_score=24",200,round_score,24,78888
"card_sum","target_score=24",200,round_score,25,78044
"card_sum","target_score=24",200,round_score,26,77632
"card_sum","target_score=24",200,round_score,27,79438
"card_sum","target_score=24",200,round_score,28,71812
"card_sum","target_score=24",200,round_score,29,67171
"card_sum","target_score=24",200,round_score,30,62472
"card_sum","target_score=24",200,round_score,31,50491
"card_sum","target_score=24",200,round_score,32,40202
"card_sum","target_score=24",200,round_score,33,34480
"card_sum","target_score=24",200,round_score,34,18430
"card_sum","target_score=24",200,round_score,35,8937
"card_sum","target_score=24",200,round_score,36,5096
"card_sum","target_score=24",200,round_score,37,1767
"card_sum","target_score=24",200,round_score,38,5501
"card_sum","target_score=24",200,round_score,39,1501
"card_sum","target_score=24",200,round_score,40,4429
"card_sum","target_score=24",200,round_score,41,1208
"card_sum","target_score=24",200,round_score,42,4387
"card_sum","target_score=24",200,round_score,43,889
"card_sum","target_score=24",200,round_score,44,2857
"card_sum","target_score=24",200,round_score,45,697
"card_sum","target_score=24",200,round_score,46,2691
"card_sum","target_score=24",200,round_score,47,493
"card_sum","target_score=24",200,round_score,48,543
"card_sum","target_score=24",200,round_score,49,272
"card_sum","target_score=24",200,round_score,50,418
"card_sum","target_score=24",200,round_score,51,128
"card_sum","target_score=24",200,round_score,52,255
"card_sum","target_score=24",200,round_score,53,72
"card_sum","target_score=24",200,round_score,54,211
"card_sum","target_score=24",200,round_score,55,47
"card_sum","target_score=24",200,round_score,56,203
"card_sum","target_score=24",200,round_score,57,34
"card_sum","target_score=24",200,round_score,58,174
"card_sum","target_score=24",200,round_score,59,30
"card_sum","target_score=24",200,round_score,60,173
"card_sum","target_score=24",200,round_score,61,29
"card_sum","target_score=24",200,round_score,62,150
"card_sum","target_score=24",200,round_score,63,35
"card_sum","target_score=24",200,round_score,64,130
"card_sum","target_score=24",200,round_score,65,22
"card_sum","target_score=24",200,round_score,66,128
"card_sum","target_score=24",200,round_score,67,21
"card_sum","target_score=24",200,round_score,68,107
"card_sum","target_score=24",200,round_score,69,6
"card_sum","target_score=24",200,round_score,70,101
"card_sum","target_score=24",200,round_score,71,8
"card_sum","target_score=24",200,round_score,72,106
"card_sum","target_score=24",200,round_score,73,4
"card_sum","target_score=24",200,round_score,74,63
"card_sum","target_score=24",200,round_score,75,7
"card_sum","target_score=24",200,round_score,76,73
"card_sum","target_score=24",200,round_score,77,5
"card_sum","target_score=24",200,round_score,78,71
"card_sum","target_score=24",200,round_score,80,35
"card_sum","target_score=24",200,round_score,82,28
"card_sum","target_score=24",200,round_score,84,17
"card_sum","target_score=24",200,round_score,86,15
"card_sum","target_score=24",200,round_score,88,13
"card_sum","target_score=24",200,round_score,90,7
"card_sum","target_score=24",200,round_score,92,5
"card_sum","target_score=24",200,round_score,94,5
"card_sum","target_score=24",200,round_score,96,2
"card_sum","target_score=24",200,round_score,99,1
"card_sum","target_score=24",200,round_score,102,3
"card_sum","target_score=24",200,round_score,106,1
"card_sum","target_score=24",200,round_score,108,1
"card_sum","target_score=24",200,round_score,110,1
"card_sum","target_score=24",200,round_score,111,1
"card_sum","target_score=24",200,round_score,114,1
"card_sum","target_score=24",200,round_score,115,1
"card_sum","target_score=24",200,round_score,117,1
"card_sum","target_score=24",200,round_score,123,1
"card_sum","target_score=24",200,round_score,133,1
"card_sum","target_score=24",200,round_score,135,1
"card_sum","target_score=24",200,round_end,bust,300262
"card_sum","target_score=24",200,round_end,flip7,500
"card_sum","target_score=24",200,round_end,freeze,125948
"card_sum","target_score=24",200,round_end,finish,700499
"card_sum","target_score=24",200,round_end,deck_exhausted,0
"card_sum","target_score=24",200,final_score,200,3726
"card_sum","target_score=24",200,final_score,201,3781
"card_sum","target_score=24",200,final_score,202,3821
"card_sum","target_score=24",200,final_score,203,3841
"card_sum","target_score=24",200,final_score,204,3747
"card_sum","target_score=24",200,final_score,205,3656
"card_sum","target_score=24",200,final_score,206,3615
"card_sum","target_score=24",200,final_score,207,3457
"card_sum","target_score=24",200,final_score,208,3440
"card_sum","target_score=24",200,final_score,209,3508
"card_sum","target_score=24",200,final_score,210,3496
"card_sum","target_score=24",200,final_score,211,3419
"card_sum","target_score=24",200,final_score,212,3398
"card_sum","target_score=24",200,final_score,213,3365
"card_sum","target_score=24",200,final_score,214,3402
"card_sum","target_score=24",200,final_score,215,3357
"card_sum","target_score=24",200,final_score,216,3243
"card_sum","target_score=24",200,final_score,217,3396
"card_sum","target_score=24",200,final_score,218,3378
"card_sum","target_score=24",200,final_score,219,3265
"card_sum","target_score=24",200,final_score,220,3333
"card_sum","target_score=24",200,final_score,221,3334
"card_sum","target_score=24",200,final_score,222,3375
"card_sum","target_score=24",200,final_score,223,3343
"card_sum","target_score=24",200,final_score,224,2968
"card_sum","target_score=24",200,final_score,225,2642
"card_sum","target_score=24",200,final_score,226,2246
"card_sum","target_score=24",200,final_score,227,1849
"card_sum","target_score=24",200,final_score,228,1518
"card_sum","target_score=24",200,final_score,229,1229
"card_sum","target_score=24",200,final_score,230,917
"card_sum","target_score=24",200,final_score,231,658
"card_sum","target_score=24",200,final_score,232,477
"card_sum","target_score=24",200,final_score,233,342
"card_sum","target_score=24",200,final_score,234,184
"card_sum","target_score=24",200,final_score,235,188
"card_sum","target_score=24",200,final_score,236,130
"card_sum","target_score=24",200,final_score,237,145
"card_sum","target_score=24",200,final_score,238,110
"card_sum","target_score=24",200,final_score,239,103
"card_sum","target_score=24",200,final_score,240,87
"card_sum","target_score=24",200,final_score,241,81
"card_sum","target_score=24",200,final_score,242,58
"card_sum","target_score=24",200,final_score,243,52
"card_sum","target_score=24",200,final_score,244,41
"card_sum","target_score=24",200,final_score,245,39
"card_sum","target_score=24",200,final_score,246,19
"card_sum","target_score=24",200,final_score,247,16
"card_sum","target_score=24",200,final_score,248,21
"card_sum","target_score=24",200,final_score,249,17
"card_sum","target_score=24",200,final_score,250,9
"card_sum","target_score=24",200,final_score,251,9
"card_sum","target_score=24",200,final_score,252,15
"card_sum","target_score=24",200,final_score,253,9
"card_sum","target_score=24",200,final_score,254,13
"card_sum","target_score=24",200,final_score,255,9
"card_sum","target_score=24",200,final_score,256,6
"card_sum","target_score=24",200,final_score,257,16
"card_sum","target_score=24",200,final_score,258,3
"card_sum","target_score=24",200,final_score,259,9
"card_sum","target_score=24",200,final_score,260,6
"card_sum","target_score=24",200,final_score,261,3
"card_sum","target_score=24",200,final_score,262,3
"card_sum","target_score=24",200,final_score,263,3
"card_sum","target_score=24",200,final_score,264,5
"card_sum","target_score=24",200,final_score,265,7
"card_sum","target_score=24",200,final_score,266,3
"card_sum","target_score=24",200,final_score,267,3
"card_sum","target_score=24",200,final_score,268,3
"card_sum","target_score=24",200,final_score,269,7
"card_sum","target_score=24",200,final_score,270,3
"card_sum","target_score=24",200,final_score,271,2
"card_sum","target_score=24",200,final_score,272,1
"card_sum","target_score=24",200,final_score,273,2
"card_sum","target_score=24",200,final_score,274,1
"card_sum","target_score=24",200,final_score,275,2
"card_sum","target_score=24",200,final_score,277,2
"card_sum","target_score=24",200,final_score,278,1
"card_sum","target_score=24",200,final_score,279,3
"card_sum","target_score=24",200,final_score,280,1
"card_sum","target_score=24",200,final_score,284,1
"card_sum","target_score=24",200,final_score,285,2
"card_sum","target_score=24",200,final_score,288,1
"card_sum","target_score=24",200,final_score,289,1
"card_sum","target_score=24",200,final_score,299,1
"card_sum","target_score=24",200,final_score,303,1
"card_sum","target_score=24",200,final_score,326,1
"card_sum","target_score=25",200,round_score,0,353750
"card_sum","target_score=25",200,round_score,1,424
"card_sum","target_score=25",200,round_score,2,1327
"card_sum","target_score=25",200,round_score,3,1361
"card_sum","target_score=25",200,round_score,4,2277
"card_sum","target_score=25",200,round_score,5,2360
"card_sum","target_score=25",200,round_score,6,3409
"card_sum","target_score=25",200,round_score,7,3452
"card_sum","target_score=25",200,round_score,8,4503
"card_sum","target_score=25",200,round_score,9,4680
"card_sum","target_score=25",200,round_score,10,5768
"card_sum","target_score=25",200,round_score,11,6421
"card_sum","target_score=25",200,round_score,12,7240
"card_sum","target_score=25",200,round_score,13,2479
"card_sum","target_score=25",200,round_score,14,2849
"card_sum","target_score=25",200,round_score,15,3363
"card_sum","target_score=25",200,round_score,16,3649
"card_sum","target_score=25",200,round_score,17,3978
"card_sum","target_score=25",200,round_score,18,4100
"card_sum","target_score=25",200,round_score,19,4436
"card_sum","target_score=25",200,round_score,20,4012
"card_sum","target_score=25",200,round_score,21,4458
"card_sum","target_score=25",200,round_score,22,3857
"card_sum","target_score=25",200,round_score,23,4055
"card_sum","target_score=25",200,round_score,24,3015
"card_sum","target_score=25",200,round_score,25,78655
"card_sum","target_score=25",200,round_score,26,79548
"card_sum","target_score=25",200,round_score,27,81114
"card_sum","target_score=25",200,round_score,28,75221
"card_sum","target_score=25",200,round_score,29,70080
"card_sum","target_score=25",200,round_score,30,67190
"card_sum","target_score=25",200,round_score,31,54386
"card_sum","target_score=25",200,round_score,32,45609
"card_sum","target_score=25",200,round_score,33,39458
"card_sum","target_score=25",200,round_score,34,25440
"card_sum","target_score=25",200,round_score,35,15221
"card_sum","target_score=25",200,round_score,36,12917
"card_sum","target_score=25",200,round_score,37,1786
"card_sum","target_score=25",200,round_score,38,5858
"card_sum","target_score=25",200,round_score,39,1553
"card_sum","target_score=25",200,round_score,40,5002
"card_sum","target_score=25",200,round_score,41,1234
"card_sum","target_score=25",200,round_score,42,4965
"card_sum","target_score=25",200,round_score,43,912
"card_sum","target_score=25",200,round_score,44,3590
"card_sum","target_score=25",200,round_score,45,759
"card_sum","target_score=25",200,round_score,46,3433
"card_sum","target_score=25",200,round_score,47,515
"card_sum","target_score=25",200,round_score,48,1790
"card_sum","target_score=25",200,round_score,49,327
"card_sum","target_score=25",200,round_score,50,441
"card_sum","target_score=25",200,round_score,51,168
"card_sum","target_score=25",200,round_score,52,277
"card_sum","target_score=25",200,round_score,53,89
"card_sum","target_score=25",200,round_score,54,224
"card_sum","target_score=25",200,round_score,55,62
"card_sum","target_score=25",200,round_score,56,222
"card_sum","target_score=25",200,round_score,57,49
"card_sum","target_score=25",200,round_score,58,189
"card_sum","target_score=25",200,round_score,59,35
"card_sum","target_score=25",200,round_score,60,167
"card_sum","target_score=25",200,round_score,61,36
"card_sum","target_score=25",200,round_score,62,155
"card_sum","target_score=25",200,round_score,63,40
"card_sum","target_score=25",200,round_score,64,147
"card_sum","target_score=25",200,round_score,65,30
"card_sum","target_score=25",200,round_score,66,138
"card_sum","target_score=25",200,round_score,67,26
"card_sum","target_score=25",200,round_score,68,123
"card_sum","target_score=25",200,round_score,69,15
"card_sum","target_score=25",200,round_score,70,106
"card_sum","target_score=25",200,round_score,71,8
"card_sum","target_score=25",200,round_score,72,117
"card_sum","target_score=25",200,round_score,73,5
"card_sum","target_score=25",200,round_score,74,72
"card_sum","target_score=25",200,round_score,75,5
"card_sum","target_score=25",200,round_score,76,73
"card_sum","target_score=25",200,round_score,77,8
"card_sum","target_score=25",200,round_score,78,80
"card_sum","target_score=25",200,round_score,79,1
"card_sum","target_score=25",200,round_score,80,42
"card_sum","target_score=25",200,round_score,82,37
"card_sum","target_score=25",200,round_score,84,22
"card_sum","target_score=25",200,round_score,86,18
"card_sum","target_score=25",200,round_score,88,16
"card_sum","target_score=25",200,round_score,89,1
"card_sum","target_score=25",200,round_score,90,12
"card_sum","target_score=25",200,round_score,92,6
"card_sum","target_score=25",200,round_score,94,6
"card_sum","target_score=25",200,round_score,95,1
"card_sum","target_score=25",200,round_score,96,1
"card_sum","target_score=25",200,round_score,99,1
"card_sum","target_score=25",200,round_score,100,2
"card_sum","target_score=25",200,round_score,102,3
"card_sum","target_score=25",200,round_score,106,2
"card_sum","target_score=25",200,round_score,107,1
"card_sum","target_score=25",200,round_score,110,2
"card_sum","target_score=25",200,round_score,111,1
"card_sum","target_score=25",200,round_score,114,1
"card_sum","target_score=25",200,round_score,115,1
"card_sum","target_score=25",200,round_score,117,1
"card_sum","target_score=25",200,round_score,123,1
"card_sum","target_score=25",200,round_score,133,2
"card_sum","target_score=25",200,round_score,135,1
"card_sum","target_score=25",200,round_end,bust,315399
"card_sum","target_score=25",200,round_end,flip7,631
"card_sum","target_score=25",200,round_end,freeze,128065
"card_sum","target_score=25",200,round_end,finish,676980
"card_sum","target_score=25",200,round_end,deck_exhausted,0
"card_sum","target_score=25",200,final_score,200,3635
"card_sum","target_score=25",200,final_score,201,3696
"card_sum","target_score=25",200,final_score,202,3767
"card_sum","target_score=25",200,final_score,203,3800
"card_sum","target_score=25",200,final_score,204,3817
"card_sum","target_score=25",200,final_score,205,3711
"card_sum","target_score=25",200,final_score,206,3678
"card_sum","target_score=25",200,final_score,207,3612
"card_sum","target_score=25",200,final_score,208,3581
"card_sum","target_score=25",200,final_score,209,3527
"card_sum","target_score=25",200,final_score,210,3555
"card_sum","target_score=25",200,final_score,211,3400
"card_sum","target_score=25",200,final_score,212,3385
"card_sum","target_score=25",200,final_score,213,3305
"card_sum","target_score=25",200,final_score,214,3388
"card_sum","target_score=25",200,final_score,215,3204
"card_sum","target_score=25",200,final_score,216,3181
"card_sum","target_score=25",200,final_score,217,3119
"card_sum","target_score=25",200,final_score,218,3179
"card_sum","target_score=25",200,final_score,219,3035
"card_sum","target_score=25",200,final_score,220,3133
"card_sum","target_score=25",200,final_score,221,3146
"card_sum","target_score=25",200,final_score,222,3100
"card_sum","target_score=25",200,final_score,223,3076
"card_sum","target_score=25",200,final_score,224,3144
"card_sum","target_score=25",200,final_score,225,2797
"card_sum","target_score=25",200,final_score,226,2367
"card_sum","target_score=25",200,final_score,227,1963
"card_sum","target_score=25",200,final_score,228,1728
"card_sum","target_score=25",200,final_score,229,1359
"card_sum","target_score=25",200,final_score,230,1064
"card_sum","target_score=25",200,final_score,231,817
"card_sum","target_score=25",200,final_score,232,598
"card_sum","target_score=25",200,final_score,233,394
"card_sum","target_score=25",200,final_score,234,278
"card_sum","target_score=25",200,final_score,235,255
"card_sum","target_score=25",200,final_score,236,157
"card_sum","target_score=25",200,final_score,237,149
"card_sum","target_score=25",200,final_score,238,109
"card_sum","target_score=25",200,final_score,239,111
"card_sum","target_score=25",200,final_score,240,100
"card_sum","target_score=25",200,final_score,241,84
"card_sum","target_score=25",200,final_score,242,80
"card_sum","target_score=25",200,final_score,243,60
"card_sum","target_score=25",200,final_score,244,45
"card_sum","target_score=25",200,final_score,245,45
"card_sum","target_score=25",200,final_score,246,23
"card_sum","target_score=25",200,final_score,247,26
"card_sum","target_score=25",200,final_score,248,21
"card_sum","target_score=25",200,final_score,249,15
"card_sum","target_score=25",200,final_score,250,11
"card_sum","target_score=25",200,final_score,251,12
"card_sum","target_score=25",200,final_score,252,12
"card_sum","target_score=25",200,final_score,253,14
"card_sum","target_score=25",200,final_score,254,12
"card_sum","target_score=25",200,final_score,255,10
"card_sum","target_score=25",200,final_score,256,8
"card_sum","target_score=25",200,final_score,257,13
"card_sum","target_score=25",200,final_score,258,6
"card_sum","target_score=25",200,final_score,259,7
"card_sum","target_score=25",200,final_score,260,6
"card_sum","target_score=25",200,final_score,261,7
"card_sum","target_score=25",200,final_score,262,5
"card_sum","target_score=25",200,final_score,263,3
"card_sum","target_score=25",200,final_score,264,10
"card_sum","target_score=25",200,final_score,265,7
"card_sum","target_score=25",200,final_score,266,2
"card_sum","target_score=25",200,final_score,267,2
"card_sum","target_score=25",200,final_score,269,6
"card_sum","target_score=25",200,final_score,270,2
"card_sum","target_score=25",200,final_score,271,3
"card_sum","target_score=25",200,final_score,272,4
"card_sum","target_score=25",200,final_score,273,2
"card_sum","target_score=25",200,final_score,276,1
"card_sum","target_score=25",200,final_score,277,2
"card_sum","target_score=25",200,final_score,278,2
"card_sum","target_score=25",200,final_score,279,1
"card_sum","target_score=25",200,final_score,280,1
"card_sum","target_score=25",200,final_score,285,2
"card_sum","target_score=25",200,final_score,288,1
"card_sum","target_score=25",200,final_score,289,1
"card_sum","target_score=25",200,final_score,290,1
"card_sum","target_score=25",200,final_score,294,1
"card_sum","target_score=25",200,final_score,296,1
"card_sum","target_score=25",200,final_score,299,1
"card_sum","target_score=25",200,final_score,308,1
"card_sum","target_score=25",200,final_score,326,1
"card_sum","target_score=26",200,round_score,0,371600
"card_sum","target_score=26",200,round_score,1,421
"card_sum","target_score=26",200,round_score,2,1333
"card_sum","target_score=26",200,round_score,3,1359
"card_sum","target_score=26",200,round_score,4,2289
"card_sum","target_score=26",200,round_score,5,2387
"card_sum","target_score=26",200,round_score,6,3418
"card_sum","target_score=26",200,round_score,7,3393
"card_sum","target_score=26",200,round_score,8,4504
"card_sum","target_score=26",200,round_score,9,4702
"card_sum","target_score=26",200,round_score,10,5846
"card_sum","target_score=26",200,round_score,11,6469
"card_sum","target_score=26",200,round_score,12,7235
"card_sum","target_score=26",200,round_score,13,2462
"card_sum","target_score=26",200,round_score,14,2874
"card_sum","target_score=26",200,round_score,15,3332
"card_sum","target_score=26",200,round_score,16,3671
"card_sum","target_score=26",200,round_score,17,3954
"card_sum","target_score=26",200,round_score,18,4031
"card_sum","target_score=26",200,round_score,19,4432
"card_sum","target_score=26",200,round_score,20,4015
"card_sum","target_score=26",200,round_score,21,4395
"card_sum","target_score=26",200,round_score,22,3801
"card_sum","target_score=26",200,round_score,23,4066
"card_sum","target_score=26",200,round_score,24,3034
"card_sum","target_score=26",200,round_score,25,3042
"card_sum","target_score=26",200,round_score,26,80639
"card_sum","target_score=26",200,round_score,27,83697
"card_sum","target_score=26",200,round_score,28,77619
"card_sum","target_score=26",200,round_score,29,73847
"card_sum","target_score=26",200,round_score,30,70702
"card_sum","target_score=26",200,round_score,31,59228
"card_sum","target_score=26",200,round_score,32,50528
"card_sum","target_score=26",200,round_score,33,45456
"card_sum","target_score=26",200,round_score,34,31264
"card_sum","target_score=26",200,round_score,35,22259
"card_sum","target_score=26",200,round_score,36,19622
"card_sum","target_score=26",200,round_score,37,8935
"card_sum","target_score=26",200,round_score,38,5901
"card_sum","target_score=26",200,round_score,39,1551
"card_sum","target_score=26",200,round_score,40,5024
"card_sum","target_score=26",200,round_score,41,1296
"card_sum","target_score=26",200,round_score,42,5110
"card_sum","target_score=26",200,round_score,43,954
"card_sum","target_score=26",200,round_score,44,3637
"card_sum","target_score=26",200,round_score,45,813
"card_sum","target_score=26",200,round_score,46,3488
"card_sum","target_score=26",200,round_score,47,576
"card_sum","target_score=26",200,round_score,48,1825
"card_sum","target_score=26",200,round_score,49,365
"card_sum","target_score=26",200,round_score,50,1511
"card_sum","target_score=26",200,round_score,51,212
"card_sum","target_score=26",200,round_score,52,332
"card_sum","target_score=26",200,round_score,53,115
"card_sum","target_score=26",200,round_score,54,242
"card_sum","target_score=26",200,round_score,55,81
"card_sum","target_score=26",200,round_score,56,236
"card_sum","target_score=26",200,round_score,57,63
"card_sum","target_score=26",200,round_score,58,204
"card_sum","target_score=26",200,round_score,59,37
"card_sum","target_score=26",200,round_score,60,175
"card_sum","target_score=26",200,round_score,61,43
"card_sum","target_score=26",200,round_score,62,172
"card_sum","target_score=26",200,round_score,63,52
"card_sum","target_score=26",200,round_score,64,155
"card_sum","target_score=26",200,round_score,65,41
"card_sum","target_score=26",200,round_score,66,134
"card_sum","target_score=26",200,round_score,67,38
"card_sum","target_score=26",200,round_score,68,129
"card_sum","target_score=26",200,round_score,69,25
"card_sum","target_score=26",200,round_score,70,119
"card_sum","target_score=26",200,round_score,71,8
"card_sum","target_score=26",200,round_score,72,119
"card_sum","target_score=26",200,round_score,73,5
"card_sum","target_score=26",200,round_score,74,73
"card_sum","target_score=26",200,round_score,75,3
"card_sum","target_score=26",200,round_score,76,80
"card_sum","target_score=26",200,round_score,77,5
"card_sum","target_score=26",200,round_score,78,86
"card_sum","target_score=26",200,round_score,79,2
"card_sum","target_score=26",200,round_score,80,47
"card_sum","target_score=26",200,round_score,82,41
"card_sum","target_score=26",200,round_score,84,29
"card_sum","target_score=26",200,round_score,86,20
"card_sum","target_score=26",200,round_score,88,17
"card_sum","target_score=26",200,round_score,89,1
"card_sum","target_score=26",200,round_score,90,16
"card_sum","target_score=26",200,round_score,92,8
"card_sum","target_score=26",200,round_score,94,9
"card_sum","target_score=26",200,round_score,95,1
"card_sum","target_score=26",200,round_score,96,3
"card_sum","target_score=26",200,round_score,99,1
"card_sum","target_score=26",200,round_score,100,2
"card_sum","target_score=26",200,round_score,101,1
"card_sum","target_score=26",200,round_score,102,3
"card_sum","target_score=26",200,round_score,103,1
"card_sum","target_score=26",200,round_score,104,1
"card_sum","target_score=26",200,round_score,106,1
"card_sum","target_score=26",200,round_score,107,1
"card_sum","target_score=26",200,round_score,110,2
"card_sum","target_score=26",200,round_score,114,1
"card_sum","target_score=26",200,round_score,115,1
"card_sum","target_score=26",200,round_score,117,1
"card_sum","target_score=26",200,round_score,123,1
"card_sum","target_score=26",200,round_score,133,2
"card_sum","target_score=26",200,round_score,135,1
"card_sum","target_score=26",200,round_end,bust,333390
"card_sum","target_score=26",200,round_end,flip7,806
"card_sum","target_score=26",200,round_end,freeze,130845
"card_sum","target_score=26",200,round_end,finish,656069
"card_sum","target_score=26",200,round_end,deck_exhausted,0
"card_sum","target_score=26",200,final_score,200,3291
"card_sum","target_score=26",200,final_score,201,3450
"card_sum","target_score=26",200,final_score,202,3429
"card_sum","target_score=26",200,final_score,203,3540
"card_sum","target_score=26",200,final_score,204,3523
"card_sum","target_score=26",200,final_score,205,3507
"card_sum","target_score=26",200,final_score,206,3533
"card_sum","target_score=26",200,final_score,207,3568
"card_sum","target_score=26",200,final_score,208,3529
"card_sum","target_score=26",200,final_score,209,3484
"card_sum","target_score=26",200,final_score,210,3605
"card_sum","target_score=26",200,final_score,211,3470
"card_sum","target_score=26",200,final_score,212,3555
"card_sum","target_score=26",200,final_score,213,3456
"card_sum","target_score=26",200,final_score,214,3358
"card_sum","target_score=26",200,final_score,215,3364
"card_sum","target_score=26",200,final_score,216,3313
"card_sum","target_score=26",200,final_score,217,3253
"card_sum","target_score=26",200,final_score,218,3210
"card_sum","target_score=26",200,final_score,219,3101
"card_sum","target_score=26",200,final_score,220,3001
"card_sum","target_score=26",200,final_score,221,3032
"card_sum","target_score=26",200,final_score,222,2969
"card_sum","target_score=26",200,final_score,223,2905
"card_sum","target_score=26",200,final_score,224,2990
"card_sum","target_score=26",200,final_score,225,2965
"card_sum","target_score=26",200,final_score,226,2575
"card_sum","target_score=26",200,final_score,227,2233
"card_sum","target_score=26",200,final_score,228,1836
"card_sum","target_score=26",200,final_score,229,1559
"card_sum","target_score=26",200,final_score,230,1282
"card_sum","target_score=26",200,final_score,231,895
"card_sum","target_score=26",200,final_score,232,693
"card_sum","target_score=26",200,final_score,233,509
"card_sum","target_score=26",200,final_score,234,384
"card_sum","target_score=26",200,final_score,235,295
"card_sum","target_score=26",200,final_score,236,194
"card_sum","target_score=26",200,final_score,237,154
"card_sum","target_score=26",200,final_score,238,116
"card_sum","target_score=26",200,final_score,239,137
"card_sum","target_score=26",200,final_score,240,96
"card_sum","target_score=26",200,final_score,241,91
"card_sum","target_score=26",200,final_score,242,75
"card_sum","target_score=26",200,final_score,243,74
"card_sum","target_score=26",200,final_score,244,50
"card_sum","target_score=26",200,final_score,245,53
"card_sum","target_score=26",200,final_score,246,34
"card_sum","target_score=26",200,final_score,247,29
"card_sum","target_score=26",200,final_score,248,29
"card_sum","target_score=26",200,final_score,249,19
"card_sum","target_score=26",200,final_score,250,12
"card_sum","target_score=26",200,final_score,251,14
"card_sum","target_score=26",200,final_score,252,8
"card_sum","target_score=26",200,final_score,253,16
"card_sum","target_score=26",200,final_score,254,12
"card_sum","target_score=26",200,final_score,255,10
"card_sum","target_score=26",200,final_score,256,10
"card_sum","target_score=26",200,final_score,257,15
"card_sum","target_score=26",200,final_score,258,5
"card_sum","target_score=26",200,final_score,259,8
"card_sum","target_score=26",200,final_score,260,5
"card_sum","target_score=26",200,final_score,261,8
"card_sum","target_score=26",200,final_score,262,3
"card_sum","target_score=26",200,final_score,263,5
"card_sum","target_score=26",200,final_score,264,10
"card_sum","target_score=26",200,final_score,265,7
"card_sum","target_score=26",200,final_score,266,2
"card_sum","target_score=26",200,final_score,267,5
"card_sum","target_score=26",200,final_score,268,2
"card_sum","target_score=26",200,final_score,269,4
"card_sum","target_score=26",200,final_score,270,3
"card_sum","target_score=26",200,final_score,271,1
"card_sum","target_score=26",200,final_score,272,5
"card_sum","target_score=26",200,final_score,274,2
"card_sum","target_score=26",200,final_score,275,1
"card_sum","target_score=26",200,final_score,276,2
"card_sum","target_score=26",200,final_score,278,1
"card_sum","target_score=26",200,final_score,279,1
"card_sum","target_score=26",200,final_score,280,1
"card_sum","target_score=26",200,final_score,281,1
"card_sum","target_score=26",200,final_score,287,2
"card_sum","target_score=26",200,final_score,288,2
"card_sum","target_score=26",200,final_score,290,1
"card_sum","target_score=26",200,final_score,294,1
"card_sum","target_score=26",200,final_score,308,1
"card_sum","target_score=26",200,final_score,334,1
"card_sum","target_score=27",200,round_score,0,391815
"card_sum","target_score=27",200,round_score,1,432
"card_sum","target_score=27",200,round_score,2,1340
"card_sum","target_score=27",200,round_score,3,1398
"card_sum","target_score=27",200,round_score,4,2355
"card_sum","target_score=27",200,round_score,5,2385
"card_sum","target_score=27",200,round_score,6,3447
"card_sum","target_score=27",200,round_score,7,3411
"card_sum","target_score=27",200,round_score,8,4508
"card_sum","target_score=27",200,round_score,9,4799
"card_sum","target_score=27",200,round_score,10,5848
"card_sum","target_score=27",200,round_score,11,6501
"card_sum","target_score=27",200,round_score,12,7233
"card_sum","target_score=27",200,round_score,13,2464
"card_sum","target_score=27",200,round_score,14,2881
"card_sum","target_score=27",200,round_score,15,3364
"card_sum","target_score=27",200,round_score,16,3657
"card_sum","target_score=27",200,round_score,17,3971
"card_sum","target_score=27",200,round_score,18,4020
"card_sum","target_score=27",200,round_score,19,4418
"card_sum","target_score=27",200,round_score,20,4030
"card_sum","target_score=27",200,round_score,21,4432
"card_sum","target_score=27",200,round_score,22,3815
"card_sum","target_score=27",200,round_score,23,4107
"card_sum","target_score=27",200,round_score,24,3054
"card_sum","target_score=27",200,round_score,25,3030
"card_sum","target_score=27",200,round_score,26,3041
"card_sum","target_score=27",200,round_score,27,84832
"card_sum","target_score=27",200,round_score,28,80537
"card_sum","target_score=27",200,round_score,29,76368
"card_sum","target_score=27",200,round_score,30,74819
"card_sum","target_score=27",200,round_score,31,62901
"card_sum","target_score=27",200,round_score,32,55814
"card_sum","target_score=27",200,round_score,33,50011
"card_sum","target_score=27",200,round_score,34,37595
"card_sum","target_score=27",200,round_score,35,27726
"card_sum","target_score=27",200,round_score,36,26810
"card_sum","target_score=27",200,round_score,37,15265
"card_sum","target_score=27",200,round_score,38,13151
"card_sum","target_score=27",200,round_score,39,1614
"card_sum","target_score=27",200,round_score,40,5263
"card_sum","target_score=27",200,round_score,41,1326
"card_sum","target_score=27",200,round_score,42,5366
"card_sum","target_score=27",200,round_score,43,1014
"card_sum","target_score=27",200,round_score,44,3980
"card_sum","target_score=27",200,round_score,45,870
"card_sum","target_score=27",200,round_score,46,3863
"card_sum","target_score=27",200,round_score,47,627
"card_sum","target_score=27",200,round_score,48,2128
"card_sum","target_score=27",200,round_score,49,402
"card_sum","target_score=27",200,round_score,50,1929
"card_sum","target_score=27",200,round_score,51,262
"card_sum","target_score=27",200,round_score,52,1347
"card_sum","target_score=27",200,round_score,53,161
"card_sum","target_score=27",200,round_score,54,259
"card_sum","target_score=27",200,round_score,55,88
"card_sum","target_score=27",200,round_score,56,239
"card_sum","target_score=27",200,round_score,57,73
"card_sum","target_score=27",200,round_score,58,215
"card_sum","target_score=27",200,round_score,59,43
"card_sum","target_score=27",200,round_score,60,183
"card_sum","target_score=27",200,round_score,61,54
"card_sum","target_score=27",200,round_score,62,182
"card_sum","target_score=27",200,round_score,63,62
"card_sum","target_score=27",200,round_score,64,177
"card_sum","target_score=27",200,round_score,65,45
"card_sum","target_score=27",200,round_score,66,147
"card_sum","target_score=27",200,round_score,67,47
"card_sum","target_score=27",200,round_score,68,132
"card_sum","target_score=27",200,round_score,69,28
"card_sum","target_score=27",200,round_score,70,130
"card_sum","target_score=27",200,round_score,71,19
"card_sum","target_score=27",200,round_score,72,123
"card_sum","target_score=27",200,round_score,73,9
"card_sum","target_score=27",200,round_score,74,76
"card_sum","target_score=27",200,round_score,75,2
"card_sum","target_score=27",200,round_score,76,87
"card_sum","target_score=27",200,round_score,77,7
"card_sum","target_score=27",200,round_score,78,98
"card_sum","target_score=27",200,round_score,79,2
"card_sum","target_score=27",200,round_score,80,60
"card_sum","target_score=27",200,round_score,82,44
"card_sum","target_score=27",200,round_score,84,34
"card_sum","target_score=27",200,round_score,86,24
"card_sum","target_score=27",200,round_score,88,21
"card_sum","target_score=27",200,round_score,89,1
"card_sum","target_score=27",200,round_score,90,18
"card_sum","target_score=27",200,round_score,91,1
"card_sum","target_score=27",200,round_score,92,10
"card_sum","target_score=27",200,round_score,93,1
"card_sum","target_score=27",200,round_score,94,12
"card_sum","target_score=27",200,round_score,95,1
"card_sum","target_score=27",200,round_score,96,3
"card_sum","target_score=27",200,round_score,97,1
"card_sum","target_score=27",200,round_score,99,1
"card_sum","target_score=27",200,round_score,100,3
"card_sum","target_score=27",200,round_score,101,1
"card_sum","target_score=27",200,round_score,102,1
"card_sum","target_score=27",200,round_score,103,1
"card_sum","target_score=27",200,round_score,104,1
"card_sum","target_score=27",200,round_score,106,1
"card_sum","target_score=27",200,round_score,107,2
"card_sum","target_score=27",200,round_score,110,2
"card_sum","target_score=27",200,round_score,114,2
"card_sum","target_score=27",200,round_score,115,1
"card_sum","target_score=27",200,round_score,118,1
"card_sum","target_score=27",200,round_score,123,1
"card_sum","target_score=27",200,round_score,127,1
"card_sum","target_score=27",200,round_score,131,1
"card_sum","target_score=27",200,round_score,133,2
"card_sum","target_score=27",200,round_score,135,1
"card_sum","target_score=27",200,round_end,bust,353466
"card_sum","target_score=27",200,round_end,flip7,995
"card_sum","target_score=27",200,round_end,freeze,134330
"card_sum","target_score=27",200,round_end,finish,635726
"card_sum","target_score=27",200,round_end,deck_exhausted,1
"card_sum","target_score=27",200,final_score,200,3224
"card_sum","target_score=27",200,final_score,201,3230
"card_sum","target_score=27",200,final_score,202,3129
"card_sum","target_score=27",200,final_score,203,3236
"card_sum","target_score=27",200,final_score,204,3187
"card_sum","target_score=27",200,final_score,205,3173
"card_sum","target_score=27",200,final_score,206,3246
"card_sum","target_score=27",200,final_score,207,3240
"card_sum","target_score=27",200,final_score,208,3246
"card_sum","target_score=27",200,final_score,209,3236
"card_sum","target_score=27",200,final_score,210,3286
"card_sum","target_score=27",200,final_score,211,3266
"card_sum","target_score=27",200,final_score,212,3346
"card_sum","target_score=27",200,final_score,213,3378
"card_sum","target_score=27",200,final_score,214,3298
"card_sum","target_score=27",200,final_score,215,3337
"card_sum","target_score=27",200,final_score,216,3276
"card_sum","target_score=27",200,final_score,217,3248
"card_sum","target_score=27",200,final_score,218,3357
"card_sum","target_score=27",200,final_score,219,3181
"card_sum","target_score=27",200,final_score,220,3098
"card_sum","target_score=27",200,final_score,221,3143
"card_sum","target_score=27",200,final_score,222,3181
"card_sum","target_score=27",200,final_score,223,3043
"card_sum","target_score=27",200,final_score,224,3056
"card_sum","target_score=27",200,final_score,225,2989
"card_sum","target_score=27",200,final_score,226,3029
"card_sum","target_score=27",200,final_score,227,2552
"card_sum","target_score=27",200,final_score,228,2112
"card_sum","target_score=27",200,final_score,229,1836
"card_sum","target_score=27",200,final_score,230,1504
"card_sum","target_score=27",200,final_score,231,1104
"card_sum","target_score=27",200,final_score,232,897
"card_sum","target_score=27",200,final_score,233,691
"card_sum","target_score=27",200,final_score,234,503
"card_sum","target_score=27",200,final_score,235,450
"card_sum","target_score=27",200,final_score,236,293
"card_sum","target_score=27",200,final_score,237,205
"card_sum","target_score=27",200,final_score,238,151
"card_sum","target_score=27",200,final_score,239,143
"card_sum","target_score=27",200,final_score,240,115
"card_sum","target_score=27",200,final_score,241,116
"card_sum","target_score=27",200,final_score,242,98
"card_sum","target_score=27",200,final_score,243,82
"card_sum","target_score=27",200,final_score,244,75
"card_sum","target_score=27",200,final_score,245,61
"card_sum","target_score=27",200,final_score,246,44
"card_sum","target_score=27",200,final_score,247,42
"card_sum","target_score=27",200,final_score,248,33
"card_sum","target_score=27",200,final_score,249,24
"card_sum","target_score=27",200,final_score,250,19
"card_sum","target_score=27",200,final_score,251,17
"card_sum","target_score=27",200,final_score,252,13
"card_sum","target_score=27",200,final_score,253,17
"card_sum","target_score=27",200,final_score,254,11
"card_sum","target_score=27",200,final_score,255,13
"card_sum","target_score=27",200,final_score,256,9
"card_sum","target_score=27",200,final_score,257,16
"card_sum","target_score=27",200,final_score,258,11
"card_sum","target_score=27",200,final_score,259,8
"card_sum","target_score=27",200,final_score,260,5
"card_sum","target_score=27",200,final_score,261,6
"card_sum","target_score=27",200,final_score,262,7
"card_sum","target_score=27",200,final_score,263,6
"card_sum","target_score=27",200,final_score,264,7
"card_sum","target_score=27",200,final_score,265,4
"card_sum","target_score=27",200,final_score,266,2
"card_sum","target_score=27",200,final_score,267,6
"card_sum","target_score=27",200,final_score,268,1
"card_sum","target_score=27",200,final_score,269,3
"card_sum","target_score=27",200,final_score,270,4
"card_sum","target_score=27",200,final_score,271,1
"card_sum","target_score=27",200,final_score,272,4
"card_sum","target_score=27",200,final_score,274,3
"card_sum","target_score=27",200,final_score,275,1
"card_sum","target_score=27",200,final_score,276,2
"card_sum","target_score=27",200,final_score,277,1
"card_sum","target_score=27",200,final_score,278,2
"card_sum","target_score=27",200,final_score,280,1
"card_sum","target_score=27",200,final_score,281,2
"card_sum","target_score=27",200,final_score,287,2
"card_sum","target_score=27",200,final_score,290,2
"card_sum","target_score=27",200,final_score,292,1
"card_sum","target_score=27",200,final_score,306,1
"card_sum","target_score=27",200,final_score,308,1
"card_sum","target_score=27",200,final_score,334,1
"card_sum","target_score=28",200,round_score,0,415701
"card_sum","target_score=28",200,round_score,1,439
"card_sum","target_score=28",200,round_score,2,1357
"card_sum","target_score=28",200,round_score,3,1411
"card_sum","target_score=28",200,round_score,4,2335
"card_sum","target_score=28",200,round_score,5,2416
"card_sum","target_score=28",200,round_score,6,3474
"card_sum","target_score=28",200,round_score,7,3478
"card_sum","target_score=28",200,round_score,8,4561
"card_sum","target_score=28",200,round_score,9,4884
"card_sum","target_score=28",200,round_score,10,5873
"card_sum","target_score=28",200,round_score,11,6556
"card_sum","target_score=28",200,round_score,12,7311
"card_sum","target_score=28",200,round_score,13,2521
"card_sum","target_score=28",200,round_score,14,2905
"card_sum","target_score=28",200,round_score,15,3392
"card_sum","target_score=28",200,round_score,16,3682
"card_sum","target_score=28",200,round_score,17,4030
"card_sum","target_score=28",200,round_score,18,4018
"card_sum","target_score=28",200,round_score,19,4425
"card_sum","target_score=28",200,round_score,20,4029
"card_sum","target_score=28",200,round_score,21,4487
"card_sum","target_score=28",200,round_score,22,3859
"card_sum","target_score=28",200,round_score,23,4102
"card_sum","target_score=28",200,round_score,24,3115
"card_sum","target_score=28",200,round_score,25,3050
"card_sum","target_score=28",200,round_score,26,3045
"card_sum","target_score=28",200,round_score,27,3356
"card_sum","target_score=28",200,round_score,28,82051
"card_sum","target_score=28",200,round_score,29,79835
"card_sum","target_score=28",200,round_score,30,78062
"card_sum","target_score=28",200,round_score,31,67483
"card_sum","target_score=28",200,round_score,32,60125
"card_sum","target_score=28",200,round_score,33,55605
"card_sum","target_score=28",200,round_score,34,42829
"card_sum","target_score=28",200,round_score,35,34363
"card_sum","target_score=28",200,round_score,36,32447
"card_sum","target_score=28",200,round_score,37,22637
"card_sum","target_score=28",200,round_score,38,20174
"card_sum","target_score=28",200,round_score,39,8583
"card_sum","target_score=28",200,round_score,40,5369
"card_sum","target_score=28",200,round_score,41,1384
"card_sum","target_score=28",200,round_score,42,5331
"card_sum","target_score=28",200,round_score,43,1084
"card_sum","target_score=28",200,round_score,44,4023
"card_sum","target_score=28",200,round_score,45,928
"card_sum","target_score=28",200,round_score,46,3963
"card_sum","target_score=28",200,round_score,47,692
"card_sum","target_score=28",200,round_score,48,2234
"card_sum","target_score=28",200,round_score,49,462
"card_sum","target_score=28",200,round_score,50,2038
"card_sum","target_score=28",200,round_score,51,306
"card_sum","target_score=28",200,round_score,52,1434
"card_sum","target_score=28",200,round_score,53,220
"card_sum","target_score=28",200,round_score,54,1337
"card_sum","target_score=28",200,round_score,55,106
"card_sum","target_score=28",200,round_score,56,267
"card_sum","target_score=28",200,round_score,57,86
"card_sum","target_score=28",200,round_score,58,224
"card_sum","target_score=28",200,round_score,59,41
"card_sum","target_score=28",200,round_score,60,201
"card_sum","target_score=28",200,round_score,61,62
"card_sum","target_score=28",200,round_score,62,197
"card_sum","target_score=28",200,round_score,63,87
"card_sum","target_score=28",200,round_score,64,200
"card_sum","target_score=28",200,round_score,65,55
"card_sum","target_score=28",200,round_score,66,153
"card_sum","target_score=28",200,round_score,67,53
"card_sum","target_score=28",200,round_score,68,141
"card_sum","target_score=28",200,round_score,69,37
"card_sum","target_score=28",200,round_score,70,145
"card_sum","target_score=28",200,round_score,71,29
"card_sum","target_score=28",200,round_score,72,123
"card_sum","target_score=28",200,round_score,73,15
"card_sum","target_score=28",200,round_score,74,86
"card_sum","target_score=28",200,round_score,75,5
"card_sum","target_score=28",200,round_score,76,92
"card_sum","target_score=28",200,round_score,77,5
"card_sum","target_score=28",200,round_score,78,95
"card_sum","target_score=28",200,round_score,79,3
"card_sum","target_score=28",200,round_score,80,60
"card_sum","target_score=28",200,round_score,81,1
"card_sum","target_score=28",200,round_score,82,46
"card_sum","target_score=28",200,round_score,84,41
"card_sum","target_score=28",200,round_score,86,32
"card_sum","target_score=28",200,round_score,88,24
"card_sum","target_score=28",200,round_score,89,1
"card_sum","target_score=28",200,round_score,90,23
"card_sum","target_score=28",200,round_score,91,2
"card_sum","target_score=28",200,round_score,92,13
"card_sum","target_score=28",200,round_score,93,1
"card_sum","target_score=28",200,round_score,94,17
"card_sum","target_score=28",200,round_score,95,1
"card_sum","target_score=28",200,round_score,96,2
"card_sum","target_score=28",200,round_score,97,1
"card_sum","target_score=28",200,round_score,99,1
"card_sum","target_score=28",200,round_score,100,4
"card_sum","target_score=28",200,round_score,101,1
"card_sum","target_score=28",200,round_score,103,1
"card_sum","target_score=28",200,round_score,104,1
"card_sum","target_score=28",200,round_score,106,1
"card_sum","target_score=28",200,round_score,107,3
"card_sum","target_score=28",200,round_score,110,2
"card_sum","target_score=28",200,round_score,114,2
"card_sum","target_score=28",200,round_score,115,1
"card_sum","target_score=28",200,round_score,117,1
"card_sum","target_score=28",200,round_score,118,1
"card_sum","target_score=28",200,round_score,123,2
"card_sum","target_score=28",200,round_score,127,1
"card_sum","target_score=28",200,round_score,131,1
"card_sum","target_score=28",200,round_score,133,2
"card_sum","target_score=28",200,round_end,bust,377143
"card_sum","target_score=28",200,round_end,flip7,1265
"card_sum","target_score=28",200,round_end,freeze,138628
"card_sum","target_score=28",200,round_end,finish,614573
"card_sum","target_score=28",200,round_end,deck_exhausted,0
"card_sum","target_score=28",200,final_score,183,2
"card_sum","target_score=28",200,final_score,200,3400
"card_sum","target_score=28",200,final_score,201,3352
"card_sum","target_score=28",200,final_score,202,3198
"card_sum","target_score=28",200,final_score,203,3222
"card_sum","target_score=28",200,final_score,204,3132
"card_sum","target_score=28",200,final_score,205,3134
"card_sum","target_score=28",200,final_score,206,3126
"card_sum","target_score=28",200,final_score,207,3003
"card_sum","target_score=28",200,final_score,208,3116
"card_sum","target_score=28",200,final_score,209,2970
"card_sum","target_score=28",200,final_score,210,3029
"card_sum","target_score=28",200,final_score,211,2943
"card_sum","target_score=28",200,final_score,212,3002
"card_sum","target_score=28",200,final_score,213,2976
"card_sum","target_score=28",200,final_score,214,2953
"card_sum","target_score=28",200,final_score,215,3123
"card_sum","target_score=28",200,final_score,216,2992
"card_sum","target_score=28",200,final_score,217,3024
"card_sum","target_score=28",200,final_score,218,3100
"card_sum","target_score=28",200,final_score,219,3081
"card_sum","target_score=28",200,final_score,220,2975
"card_sum","target_score=28",200,final_score,221,3056
"card_sum","target_score=28",200,final_score,222,3132
"card_sum","target_score=28",200,final_score,223,3009
"card_sum","target_score=28",200,final_score,224,3043
"card_sum","target_score=28",200,final_score,225,3088
"card_sum","target_score=28",200,final_score,226,3090
"card_sum","target_score=28",200,final_score,227,2991
"card_sum","target_score=28",200,final_score,228,2533
"card_sum","target_score=28",200,final_score,229,2246
"card_sum","target_score=28",200,final_score,230,1856
"card_sum","target_score=28",200,final_score,231,1501
"card_sum","target_score=28",200,final_score,232,1147
"card_sum","target_score=28",200,final_score,233,958
"card_sum","target_score=28",200,final_score,234,744
"card_sum","target_score=28",200,final_score,235,566
"card_sum","target_score=28",200,final_score,236,423
"card_sum","target_score=28",200,final_score,237,309
"card_sum","target_score=28",200,final_score,238,232
"card_sum","target_score=28",200,final_score,239,152
"card_sum","target_score=28",200,final_score,240,132
"card_sum","target_score=28",200,final_score,241,126
"card_sum","target_score=28",200,final_score,242,111
"card_sum","target_score=28",200,final_score,243,112
"card_sum","target_score=28",200,final_score,244,95
"card_sum","target_score=28",200,final_score,245,64
"card_sum","target_score=28",200,final_score,246,54
"card_sum","target_score=28",200,final_score,247,49
"card_sum","target_score=28",200,final_score,248,38
"card_sum","target_score=28",200,final_score,249,36
"card_sum","target_score=28",200,final_score,250,27
"card_sum","target_score=28",200,final_score,251,26
"card_sum","target_score=28",200,final_score,252,22
"card_sum","target_score=28",200,final_score,253,15
"card_sum","target_score=28",200,final_score,254,11
"card_sum","target_score=28",200,final_score,255,13
"card_sum","target_score=28",200,final_score,256,9
"card_sum","target_score=28",200,final_score,257,14
"card_sum","target_score=28",200,final_score,258,12
"card_sum","target_score=28",200,final_score,259,14
"card_sum","target_score=28",200,final_score,260,8
"card_sum","target_score=28",200,final_score,261,6
"card_sum","target_score=28",200,final_score,262,6
"card_sum","target_score=28",200,final_score,263,9
"card_sum","target_score=28",200,final_score,264,8
"card_sum","target_score=28",200,final_score,265,5
"card_sum","target_score=28",200,final_score,266,3
"card_sum","target_score=28",200,final_score,267,7
"card_sum","target_score=28",200,final_score,268,1
"card_sum","target_score=28",200,final_score,269,3
"card_sum","target_score=28",200,final_score,270,4
"card_sum","target_score=28",200,final_score,271,2
"card_sum","target_score=28",200,final_score,272,3
"card_sum","target_score=28",200,final_score,273,2
"card_sum","target_score=28",200,final_score,274,4
"card_sum","target_score=28",200,final_score,275,1
"card_sum","target_score=28",200,final_score,276,3
"card_sum","target_score=28",200,final_score,277,2
"card_sum","target_score=28",200,final_score,278,2
"card_sum","target_score=28",200,final_score,279,1
"card_sum","target_score=28",200,final_score,281,1
"card_sum","target_score=28",200,final_score,282,1
"card_sum","target_score=28",200,final_score,283,1
"card_sum","target_score=28",200,final_score,287,2
"card_sum","target_score=28",200,final_score,290,2
"card_sum","target_score=28",200,final_score,292,1
"card_sum","target_score=28",200,final_score,299,1
"card_sum","target_score=28",200,final_score,306,1
"card_sum","target_score=28",200,final_score,308,1
"card_sum","target_score=29",200,round_score,0,438379
"card_sum","target_score=29",200,round_score,1,432
"card_sum","target_score=29",200,round_score,2,1338
"card_sum","target_score=29",200,round_score,3,1427
"card_sum","target_score=29",200,round_score,4,2367
"card_sum","target_score=29",200,round_score,5,2365
"card_sum","target_score=29",200,round_score,6,3421
"card_sum","target_score=29",200,round_score,7,3488
"card_sum","target_score=29",200,round_score,8,4612
"card_sum","target_score=29",200,round_score,9,4923
"card_sum","target_score=29",200,round_score,10,5944
"card_sum","target_score=29",200,round_score,11,6547
"card_sum","target_score=29",200,round_score,12,7434
"card_sum","target_score=29",200,round_score,13,2499
"card_sum","target_score=29",200,round_score,14,2916
"card_sum","target_score=29",200,round_score,15,3384
"card_sum","target_score=29",200,round_score,16,3680
"card_sum","target_score=29",200,round_score,17,4073
"card_sum","target_score=29",200,round_score,18,4035
"card_sum","target_score=29",200,round_score,19,4503
"card_sum","target_score=29",200,round_score,20,4135
"card_sum","target_score=29",200,round_score,21,4526
"card_sum","target_score=29",200,round_score,22,3876
"card_sum","target_score=29",200,round_score,23,4091
"card_sum","target_score=29",200,round_score,24,3085
"card_sum","target_score=29",200,round_score,25,3102
"card_sum","target_score=29",200,round_score,26,3096
"card_sum","target_score=29",200,round_score,27,3328
"card_sum","target_score=29",200,round_score,28,3152
"card_sum","target_score=29",200,round_score,29,80837
"card_sum","target_score=29",200,round_score,30,81215
"card_sum","target_score=29",200,round_score,31,70351
"card_sum","target_score=29",200,round_score,32,64556
"card_sum","target_score=29",200,round_score,33,59532
"card_sum","target_score=29",200,round_score,34,48181
"card_sum","target_score=29",200,round_score,35,38637
"card_sum","target_score=29",200,round_score,36,39076
"card_sum","target_score=29",200,round_score,37,28121
"card_sum","target_score=29",200,round_score,38,27286
"card_sum","target_score=29",200,round_score,39,14390
"card_sum","target_score=29",200,round_score,40,11938
"card_sum","target_score=29",200,round_score,41,1400
"card_sum","target_score=29",200,round_score,42,5640
"card_sum","target_score=29",200,round_score,43,1118
"card_sum","target_score=29",200,round_score,44,4395
"card_sum","target_score=29",200,round_score,45,1000
"card_sum","target_score=29",200,round_score,46,4270
"card_sum","target_score=29",200,round_score,47,750
"card_sum","target_score=29",200,round_score,48,2604
"card_sum","target_score=29",200,round_score,49,499
"card_sum","target_score=29",200,round_score,50,2464
"card_sum","target_score=29",200,round_score,51,361
"card_sum","target_score=29",200,round_score,52,1806
"card_sum","target_score=29",200,round_score,53,281
"card_sum","target_score=29",200,round_score,54,1406
"card_sum","target_score=29",200,round_score,55,165
"card_sum","target_score=29",200,round_score,56,1313
"card_sum","target_score=29",200,round_score,57,99
"card_sum","target_score=29",200,round_score,58,249
"card_sum","target_score=29",200,round_score,59,52
"card_sum","target_score=29",200,round_score,60,219
"card_sum","target_score=29",200,round_score,61,69
"card_sum","target_score=29",200,round_score,62,207
"card_sum","target_score=29",200,round_score,63,97
"card_sum","target_score=29",200,round_score,64,209
"card_sum","target_score=29",200,round_score,65,64
"card_sum","target_score=29",200,round_score,66,174
"card_sum","target_score=29",200,round_score,67,64
"card_sum","target_score=29",200,round_score,68,168
"card_sum","target_score=29",200,round_score,69,43
"card_sum","target_score=29",200,round_score,70,158
"card_sum","target_score=29",200,round_score,71,36
"card_sum","target_score=29",200,round_score,72,143
"card_sum","target_score=29",200,round_score,73,20
"card_sum","target_score=29",200,round_score,74,105
"card_sum","target_score=29",200,round_score,75,4
"card_sum","target_score=29",200,round_score,76,103
"card_sum","target_score=29",200,round_score,77,6
"card_sum","target_score=29",200,round_score,78,102
"card_sum","target_score=29",200,round_score,79,3
"card_sum","target_score=29",200,round_score,80,65
"card_sum","target_score=29",200,round_score,82,49
"card_sum","target_score=29",200,round_score,84,41
"card_sum","target_score=29",200,round_score,86,41
"card_sum","target_score=29",200,round_score,88,26
"card_sum","target_score=29",200,round_score,89,1
"card_sum","target_score=29",200,round_score,90,28
"card_sum","target_score=29",200,round_score,91,2
"card_sum","target_score=29",200,round_score,92,8
"card_sum","target_score=29",200,round_score,93,1
"card_sum","target_score=29",200,round_score,94,23
"card_sum","target_score=29",200,round_score,95,1
"card_sum","target_score=29",200,round_score,96,7
"card_sum","target_score=29",200,round_score,97,1
"card_sum","target_score=29",200,round_score,98,3
"card_sum","target_score=29",200,round_score,99,1
"card_sum","target_score=29",200,round_score,100,4
"card_sum","target_score=29",200,round_score,101,1
"card_sum","target_score=29",200,round_score,102,1
"card_sum","target_score=29",200,round_score,103,1
"card_sum","target_score=29",200,round_score,104,1
"card_sum","target_score=29",200,round_score,105,1
"card_sum","target_score=29",200,round_score,106,1
"card_sum","target_score=29",200,round_score,107,3
"card_sum","target_score=29",200,round_score,108,1
"card_sum","target_score=29",200,round_score,110,1
"card_sum","target_score=29",200,round_score,113,2
"card_sum","target_score=29",200,round_score,114,2
"card_sum","target_score=29",200,round_score,115,1
"card_sum","target_score=29",200,round_score,117,2
"card_sum","target_score=29",200,round_score,123,2
"card_sum","target_score=29",200,round_score,127,1
"card_sum","target_score=29",200,round_score,133,2
"card_sum","target_score=29",200,round_score,137,1
"card_sum","target_score=29",200,round_end,bust,399722
"card_sum","target_score=29",200,round_end,flip7,1598
"card_sum","target_score=29",200,round_end,freeze,142328
"card_sum","target_score=29",200,round_end,finish,592819
"card_sum","target_score=29",200,round_end,deck_exhausted,3
"card_sum","target_score=29",200,final_score,169,1
"card_sum","target_score=29",200,final_score,174,1
"card_sum","target_score=29",200,final_score,183,2
"card_sum","target_score=29",200,final_score,187,1
"card_sum","target_score=29",200,final_score,188,1
"card_sum","target_score=29",200,final_score,192,1
"card_sum","target_score=29",200,final_score,195,1
"card_sum","target_score=29",200,final_score,198,1
"card_sum","target_score=29",200,final_score,199,2
"card_sum","target_score=29",200,final_score,200,3461
"card_sum","target_score=29",200,final_score,201,3356
"card_sum","target_score=29",200,final_score,202,3398
"card_sum","target_score=29",200,final_score,203,3278
"card_sum","target_score=29",200,final_score,204,3255
"card_sum","target_score=29",200,final_score,205,3261
"card_sum","target_score=29",200,final_score,206,3158
"card_sum","target_score=29",200,final_score,207,3022
"card_sum","target_score=29",200,final_score,208,3219
"card_sum","target_score=29",200,final_score,209,3077
"card_sum","target_score=29",200,final_score,210,3032
"card_sum","target_score=29",200,final_score,211,2999
"card_sum","target_score=29",200,final_score,212,2973
"card_sum","target_score=29",200,final_score,213,2819
"card_sum","target_score=29",200,final_score,214,2800
"card_sum","target_score=29",200,final_score,215,2829
"card_sum","target_score=29",200,final_score,216,2692
"card_sum","target_score=29",200,final_score,217,2783
"card_sum","target_score=29",200,final_score,218,2842
"card_sum","target_score=29",200,final_score,219,2751
"card_sum","target_score=29",200,final_score,220,2845
"card_sum","target_score=29",200,final_score,221,2824
"card_sum","target_score=29",200,final_score,222,2846
"card_sum","target_score=29",200,final_score,223,2799
"card_sum","target_score=29",200,final_score,224,2870
"card_sum","target_score=29",200,final_score,225,2837
"card_sum","target_score=29",200,final_score,226,2963
"card_sum","target_score=29",200,final_score,227,2840
"card_sum","target_score=29",200,final_score,228,2798
"card_sum","target_score=29",200,final_score,229,2513
"card_sum","target_score=29",200,final_score,230,2107
"card_sum","target_score=29",200,final_score,231,1748
"card_sum","target_score=29",200,final_score,232,1379
"card_sum","target_score=29",200,final_score,233,1193
"card_sum","target_score=29",200,final_score,234,932
"card_sum","target_score=29",200,final_score,235,759
"card_sum","target_score=29",200,final_score,236,579
"card_sum","target_score=29",200,final_score,237,391
"card_sum","target_score=29",200,final_score,238,302
"card_sum","target_score=29",200,final_score,239,189
"card_sum","target_score=29",200,final_score,240,143
"card_sum","target_score=29",200,final_score,241,145
"card_sum","target_score=29",200,final_score,242,122
"card_sum","target_score=29",200,final_score,243,123
"card_sum","target_score=29",200,final_score,244,108
"card_sum","target_score=29",200,final_score,245,95
"card_sum","target_score=29",200,final_score,246,54
"card_sum","target_score=29",200,final_score,247,70
"card_sum","target_score=29",200,final_score,248,53
"card_sum","target_score=29",200,final_score,249,54
"card_sum","target_score=29",200,final_score,250,37
"card_sum","target_score=29",200,final_score,251,26
"card_sum","target_score=29",200,final_score,252,24
"card_sum","target_score=29",200,final_score,253,17
"card_sum","target_score=29",200,final_score,254,21
"card_sum","target_score=29",200,final_score,255,25
"card_sum","target_score=29",200,final_score,256,14
"card_sum","target_score=29",200,final_score,257,8
"card_sum","target_score=29",200,final_score,258,11
"card_sum","target_score=29",200,final_score,259,9
"card_sum","target_score=29",200,final_score,260,12
"card_sum","target_score=29",200,final_score,261,12
"card_sum","target_score=29",200,final_score,262,8
"card_sum","target_score=29",200,final_score,263,9
"card_sum","target_score=29",200,final_score,264,11
"card_sum","target_score=29",200,final_score,265,6
"card_sum","target_score=29",200,final_score,266,7
"card_sum","target_score=29",200,final_score,267,9
"card_sum","target_score=29",200,final_score,268,3
"card_sum","target_score=29",200,final_score,269,3
"card_sum","target_score=29",200,final_score,270,4
"card_sum","target_score=29",200,final_score,271,1
"card_sum","target_score=29",200,final_score,272,4
"card_sum","target_score=29",200,final_score,274,2
"card_sum","target_score=29",200,final_score,275,4
"card_sum","target_score=29",200,final_score,276,4
"card_sum","target_score=29",200,final_score,277,2
"card_sum","target_score=29",200,final_score,279,1
"card_sum","target_score=29",200,final_score,282,1
"card_sum","target_score=29",200,final_score,285,1
"card_sum","target_score=29",200,final_score,286,1
"card_sum","target_score=29",200,final_score,287,1
"card_sum","target_score=29",200,final_score,288,1
"card_sum","target_score=29",200,final_score,295,1
"card_sum","target_score=29",200,final_score,300,1
"card_sum","target_score=29",200,final_score,301,1
"card_sum","target_score=29",200,final_score,319,1
"card_sum","target_score=30",200,round_score,0,463861
"card_sum","target_score=30",200,round_score,1,447
"card_sum","target_score=30",200,round_score,2,1351
"card_sum","target_score=30",200,round_score,3,1415
"card_sum","target_score=30",200,round_score,4,2381
"card_sum","target_score=30",200,round_score,5,2366
"card_sum","target_score=30",200,round_score,6,3395
"card_sum","target_score=30",200,round_score,7,3529
"card_sum","target_score=30",200,round_score,8,4634
"card_sum","target_score=30",200,round_score,9,4912
"card_sum","target_score=30",200,round_score,10,6034
"card_sum","target_score=30",200,round_score,11,6521
"card_sum","target_score=30",200,round_score,12,7487
"card_sum","target_score=30",200,round_score,13,2472
"card_sum","target_score=30",200,round_score,14,2963
"card_sum","target_score=30",200,round_score,15,3421
"card_sum","target_score=30",200,round_score,16,3724
"card_sum","target_score=30",200,round_score,17,4121
"card_sum","target_score=30",200,round_score,18,4111
"card_sum","target_score=30",200,round_score,19,4540
"card_sum","target_score=30",200,round_score,20,4141
"card_sum","target_score=30",200,round_score,21,4527
"card_sum","target_score=30",200,round_score,22,3905
"card_sum","target_score=30",200,round_score,23,4102
"card_sum","target_score=30",200,round_score,24,3065
"card_sum","target_score=30",200,round_score,25,3121
"card_sum","target_score=30",200,round_score,26,3141
"card_sum","target_score=30",200,round_score,27,3300
"card_sum","target_score=30",200,round_score,28,3151
"card_sum","target_score=30",200,round_score,29,3243
"card_sum","target_score=30",200,round_score,30,82818
"card_sum","target_score=30",200,round_score,31,73487
"card_sum","target_score=30",200,round_score,32,67884
"card_sum","target_score=30",200,round_score,33,64319
"card_sum","target_score=30",200,round_score,34,52798
"card_sum","target_score=30",200,round_score,35,44167
"card_sum","target_score=30",200,round_score,36,44355
"card_sum","target_score=30",200,round_score,37,33688
"card_sum","target_score=30",200,round_score,38,33417
"card_sum","target_score=30",200,round_score,39,21094
"card_sum","target_score=30",200,round_score,40,18059
"card_sum","target_score=30",200,round_score,41,7047
"card_sum","target_score=30",200,round_score,42,5723
"card_sum","target_score=30",200,round_score,43,1168
"card_sum","target_score=30",200,round_score,44,4474
"card_sum","target_score=30",200,round_score,45,1065
"card_sum","target_score=30",200,round_score,46,4349
"card_sum","target_score=30",200,round_score,47,813
"card_sum","target_score=30",200,round_score,48,2689
"card_sum","target_score=30",200,round_score,49,554
"card_sum","target_score=30",200,round_score,50,2531
"card_sum","target_score=30",200,round_score,51,428
"card_sum","target_score=30",200,round_score,52,1875
"card_sum","target_score=30",200,round_score,53,327
"card_sum","target_score=30",200,round_score,54,1503
"card_sum","target_score=30",200,round_score,55,233
"card_sum","target_score=30",200,round_score,56,1382
"card_sum","target_score=30",200,round_score,57,114
"card_sum","target_score=30",200,round_score,58,1259
"card_sum","target_score=30",200,round_score,59,70
"card_sum","target_score=30",200,round_score,60,232
"card_sum","target_score=30",200,round_score,61,73
"card_sum","target_score=30",200,round_score,62,220
"card_sum","target_score=30",200,round_score,63,101
"card_sum","target_score=30",200,round_score,64,225
"card_sum","target_score=30",200,round_score,65,81
"card_sum","target_score=30",200,round_score,66,196
"card_sum","target_score=30",200,round_score,67,85
"card_sum","target_score=30",200,round_score,68,182
"card_sum","target_score=30",200,round_score,69,45
"card_sum","target_score=30",200,round_score,70,165
"card_sum","target_score=30",200,round_score,71,38
"card_sum","target_score=30",200,round_score,72,154
"card_sum","target_score=30",200,round_score,73,25
"card_sum","target_score=30",200,round_score,74,109
"card_sum","target_score=30",200,round_score,75,7
"card_sum","target_score=30",200,round_score,76,108
"card_sum","target_score=30",200,round_score,77,7
"card_sum","target_score=30",200,round_score,78,99
"card_sum","target_score=30",200,round_score,79,3
"card_sum","target_score=30",200,round_score,80,69
"card_sum","target_score=30",200,round_score,82,52
"card_sum","target_score=30",200,round_score,83,1
"card_sum","target_score=30",200,round_score,84,43
"card_sum","target_score=30",200,round_score,86,42
"card_sum","target_score=30",200,round_score,87,1
"card_sum","target_score=30",200,round_score,88,30
"card_sum","target_score=30",200,round_score,89,2
"card_sum","target_score=30",200,round_score,90,31
"card_sum","target_score=30",200,round_score,91,1
"card_sum","target_score=30",200,round_score,92,9
"card_sum","target_score=30",200,round_score,93,1
"card_sum","target_score=30",200,round_score,94,30
"card_sum","target_score=30",200,round_score,95,1
"card_sum","target_score=30",200,round_score,96,11
"card_sum","target_score=30",200,round_score,97,1
"card_sum","target_score=30",200,round_score,98,6
"card_sum","target_score=30",200,round_score,100,4
"card_sum","target_score=30",200,round_score,102,2
"card_sum","target_score=30",200,round_score,103,1
"card_sum","target_score=30",200,round_score,104,1
"card_sum","target_score=30",200,round_score,105,1
"card_sum","target_score=30",200,round_score,106,1
"card_sum","target_score=30",200,round_score,107,4
"card_sum","target_score=30",200,round_score,108,1
"card_sum","target_score=30",200,round_score,110,1
"card_sum","target_score=30",200,round_score,113,2
"card_sum","target_score=30",200,round_score,114,1
"card_sum","target_score=30",200,round_score,115,1
"card_sum","target_score=30",200,round_score,117,3
"card_sum","target_score=30",200,round_score,123,2
"card_sum","target_score=30",200,round_score,125,1
"card_sum","target_score=30",200,round_score,127,1
"card_sum","target_score=30",200,round_score,133,1
"card_sum","target_score=30",200,round_end,bust,425073
"card_sum","target_score=30",200,round_end,flip7,2009
"card_sum","target_score=30",200,round_end,freeze,146126
"card_sum","target_score=30",200,round_end,finish,572375
"card_sum","target_score=30",200,round_end,deck_exhausted,2
"card_sum","target_score=30",200,final_score,145,1
"card_sum","target_score=30",200,final_score,152,1
"card_sum","target_score=30",200,final_score,171,1
"card_sum","target_score=30",200,final_score,174,1
"card_sum","target_score=30",200,final_score,178,1
"card_sum","target_score=30",200,final_score,181,1
"card_sum","target_score=30",200,final_score,183,1
"card_sum","target_score=30",200,final_score,184,2
"card_sum","target_score=30",200,final_score,186,2
"card_sum","target_score=30",200,final_score,187,1
"card_sum","target_score=30",200,final_score,188,1
"card_sum","target_score=30",200,final_score,190,1
"card_sum","target_score=30",200,final_score,192,3
"card_sum","target_score=30",200,final_score,197,3
"card_sum","target_score=30",200,final_score,198,1
"card_sum","target_score=30",200,final_score,199,5
"card_sum","target_score=30",200,final_score,200,3294
"card_sum","target_score=30",200,final_score,201,3310
"card_sum","target_score=30",200,final_score,202,3351
"card_sum","target_score=30",200,final_score,203,3358
"card_sum","target_score=30",200,final_score,204,3232
"card_sum","target_score=30",200,final_score,205,3340
"card_sum","target_score=30",200,final_score,206,3268
"card_sum","target_score=30",200,final_score,207,3141
"card_sum","target_score=30",200,final_score,208,3140
"card_sum","target_score=30",200,final_score,209,3210
"card_sum","target_score=30",200,final_score,210,3139
"card_sum","target_score=30",200,final_score,211,3171
"card_sum","target_score=30",200,final_score,212,3067
"card_sum","target_score=30",200,final_score,213,2867
"card_sum","target_score=30",200,final_score,214,2852
"card_sum","target_score=30",200,final_score,215,2839
"card_sum","target_score=30",200,final_score,216,2745
"card_sum","target_score=30",200,final_score,217,2736
"card_sum","target_score=30",200,final_score,218,2770
"card_sum","target_score=30",200,final_score,219,2664
"card_sum","target_score=30",200,final_score,220,2648
"card_sum","target_score=30",200,final_score,221,2602
"card_sum","target_score=30",200,final_score,222,2632
"card_sum","target_score=30",200,final_score,223,2590
"card_sum","target_score=30",200,final_score,224,2597
"card_sum","target_score=30",200,final_score,225,2591
"card_sum","target_score=30",200,final_score,226,2609
"card_sum","target_score=30",200,final_score,227,2662
"card_sum","target_score=30",200,final_score,228,2586
"card_sum","target_score=30",200,final_score,229,2712
"card_sum","target_score=30",200,final_score,230,2253
"card_sum","target_score=30",200,final_score,231,1863
"card_sum","target_score=30",200,final_score,232,1629
"card_sum","target_score=30",200,final_score,233,1312
"card_sum","target_score=30",200,final_score,234,1080
"card_sum","target_score=30",200,final_score,235,884
"card_sum","target_score=30",200,final_score,236,689
"card_sum","target_score=30",200,final_score,237,491
"card_sum","target_score=30",200,final_score,238,409
"card_sum","target_score=30",200,final_score,239,245
"card_sum","target_score=30",200,final_score,240,161
"card_sum","target_score=30",200,final_score,241,141
"card_sum","target_score=30",200,final_score,242,124
"card_sum","target_score=30",200,final_score,243,125
"card_sum","target_score=30",200,final_score,244,106
"card_sum","target_score=30",200,final_score,245,92
"card_sum","target_score=30",200,final_score,246,72
"card_sum","target_score=30",200,final_score,247,83
"card_sum","target_score=30",200,final_score,248,64
"card_sum","target_score=30",200,final_score,249,60
"card_sum","target_score=30",200,final_score,250,44
"card_sum","target_score=30",200,final_score,251,39
"card_sum","target_score=30",200,final_score,252,37
"card_sum","target_score=30",200,final_score,253,29
"card_sum","target_score=30",200,final_score,254,26
"card_sum","target_score=30",200,final_score,255,17
"card_sum","target_score=30",200,final_score,256,23
"card_sum","target_score=30",200,final_score,257,10
"card_sum","target_score=30",200,final_score,258,12
"card_sum","target_score=30",200,final_score,259,10
"card_sum","target_score=30",200,final_score,260,16
"card_sum","target_score=30",200,final_score,261,17
"card_sum","target_score=30",200,final_score,262,8
"card_sum","target_score=30",200,final_score,263,9
"card_sum","target_score=30",200,final_score,264,8
"card_sum","target_score=30",200,final_score,265,6
"card_sum","target_score=30",200,final_score,266,8
"card_sum","target_score=30",200,final_score,267,9
"card_sum","target_score=30",200,final_score,268,3
"card_sum","target_score=30",200,final_score,269,5
"card_sum","target_score=30",200,final_score,270,3
"card_sum","target_score=30",200,final_score,271,2
"card_sum","target_score=30",200,final_score,272,5
"card_sum","target_score=30",200,final_score,274,4
"card_sum","target_score=30",200,final_score,275,1
"card_sum","target_score=30",200,final_score,276,2
"card_sum","target_score=30",200,final_score,277,1
"card_sum","target_score=30",200,final_score,278,1
"card_sum","target_score=30",200,final_score,282,3
"card_sum","target_score=30",200,final_score,283,1
"card_sum","target_score=30",200,final_score,285,1
"card_sum","target_score=30",200,final_score,286,1
"card_sum","target_score=30",200,final_score,287,1
"card_sum","target_score=30",200,final_score,288,3
"card_sum","target_score=30",200,final_score,292,1
"card_sum","target_score=30",200,final_score,301,1
"card_sum","target_score=30",200,final_score,318,1
"card_sum","target_score=31",200,round_score,0,491296
"card_sum","target_score=31",200,round_score,1,456
"card_sum","target_score=31",200,round_score,2,1363
"card_sum","target_score=31",200,round_score,3,1453
"card_sum","target_score=31",200,round_score,4,2429
"card_sum","target_score=31",200,round_score,5,2448
"card_sum","target_score=31",200,round_score,6,3384
"card_sum","target_score=31",200,round_score,7,3596
"card_sum","target_score=31",200,round_score,8,4672
"card_sum","target_score=31",200,round_score,9,4943
"card_sum","target_score=31",200,round_score,10,6119
"card_sum","target_score=31",200,round_score,11,6577
"card_sum","target_score=31",200,round_score,12,7596
"card_sum","target_score=31",200,round_score,13,2499
"card_sum","target_score=31",200,round_score,14,2989
"card_sum","target_score=31",200,round_score,15,3504
"card_sum","target_score=31",200,round_score,16,3761
"card_sum","target_score=31",200,round_score,17,4165
"card_sum","target_score=31",200,round_score,18,4184
"card_sum","target_score=31",200,round_score,19,4623
"card_sum","target_score=31",200,round_score,20,4195
"card_sum","target_score=31",200,round_score,21,4575
"card_sum","target_score=31",200,round_score,22,4011
"card_sum","target_score=31",200,round_score,23,4094
"card_sum","target_score=31",200,round_score,24,3112
"card_sum","target_score=31",200,round_score,25,3162
"card_sum","target_score=31",200,round_score,26,3168
"card_sum","target_score=31",200,round_score,27,3359
"card_sum","target_score=31",200,round_score,28,3222
"card_sum","target_score=31",200,round_score,29,3216
"card_sum","target_score=31",200,round_score,30,3223
"card_sum","target_score=31",200,round_score,31,75125
"card_sum","target_score=31",200,round_score,32,71385
"card_sum","target_score=31",200,round_score,33,67231
"card_sum","target_score=31",200,round_score,34,57690
"card_sum","target_score=31",200,round_score,35,48445
"card_sum","target_score=31",200,round_score,36,50558
"card_sum","target_score=31",200,round_score,37,38367
"card_sum","target_score=31",200,round_score,38,39818
"card_sum","target_score=31",200,round_score,39,26615
"card_sum","target_score=31",200,round_score,40,24463
"card_sum","target_score=31",200,round_score,41,12534
"card_sum","target_score=31",200,round_score,42,11952
"card_sum","target_score=31",200,round_score,43,1200
"card_sum","target_score=31",200,round_score,44,4802
"card_sum","target_score=31",200,round_score,45,1108
"card_sum","target_score=31",200,round_score,46,4782
"card_sum","target_score=31",200,round_score,47,859
"card_sum","target_score=31",200,round_score,48,3036
"card_sum","target_score=31",200,round_score,49,589
"card_sum","target_score=31",200,round_score,50,3027
"card_sum","target_score=31",200,round_score,51,484
"card_sum","target_score=31",200,round_score,52,2386
"card_sum","target_score=31",200,round_score,53,383
"card_sum","target_score=31",200,round_score,54,2040
"card_sum","target_score=31",200,round_score,55,308
"card_sum","target_score=31",200,round_score,56,1460
"card_sum","target_score=31",200,round_score,57,204
"card_sum","target_score=31",200,round_score,58,1305
"card_sum","target_score=31",200,round_score,59,83
"card_sum","target_score=31",200,round_score,60,1276
"card_sum","target_score=31",200,round_score,61,89
"card_sum","target_score=31",200,round_score,62,250
"card_sum","target_score=31",200,round_score,63,115
"card_sum","target_score=31",200,round_score,64,250
"card_sum","target_score=31",200,round_score,65,103
"card_sum","target_score=31",200,round_score,66,212
"card_sum","target_score=31",200,round_score,67,95
"card_sum","target_score=31",200,round_score,68,206
"card_sum","target_score=31",200,round_score,69,47
"card_sum","target_score=31",200,round_score,70,173
"card_sum","target_score=31",200,round_score,71,44
"card_sum","target_score=31",200,round_score,72,167
"card_sum","target_score=31",200,round_score,73,35
"card_sum","target_score=31",200,round_score,74,123
"card_sum","target_score=31",200,round_score,75,12
"card_sum","target_score=31",200,round_score,76,117
"card_sum","target_score=31",200,round_score,77,6
"card_sum","target_score=31",200,round_score,78,99
"card_sum","target_score=31",200,round_score,79,5
"card_sum","target_score=31",200,round_score,80,82
"card_sum","target_score=31",200,round_score,82,68
"card_sum","target_score=31",200,round_score,84,50
"card_sum","target_score=31",200,round_score,86,53
"card_sum","target_score=31",200,round_score,87,1
"card_sum","target_score=31",200,round_score,88,37
"card_sum","target_score=31",200,round_score,89,1
"card_sum","target_score=31",200,round_score,90,39
"card_sum","target_score=31",200,round_score,91,1
"card_sum","target_score=31",200,round_score,92,18
"card_sum","target_score=31",200,round_score,93,1
"card_sum","target_score=31",200,round_score,94,31
"card_sum","target_score=31",200,round_score,95,1
"card_sum","target_score=31",200,round_score,96,12
"card_sum","target_score=31",200,round_score,98,7
"card_sum","target_score=31",200,round_score,100,6
"card_sum","target_score=31",200,round_score,102,4
"card_sum","target_score=31",200,round_score,103,1
"card_sum","target_score=31",200,round_score,105,1
"card_sum","target_score=31",200,round_score,106,2
"card_sum","target_score=31",200,round_score,107,4
"card_sum","target_score=31",200,round_score,108,1
"card_sum","target_score=31",200,round_score,110,1
"card_sum","target_score=31",200,round_score,113,2
"card_sum","target_score=31",200,round_score,114,1
"card_sum","target_score=31",200,round_score,115,1
"card_sum","target_score=31",200,round_score,117,2
"card_sum","target_score=31",200,round_score,123,2
"card_sum","target_score=31",200,round_score,125,1
"card_sum","target_score=31",200,round_score,133,1
"card_sum","target_score=31",200,round_end,bust,452010
"card_sum","target_score=31",200,round_end,flip7,2556
"card_sum","target_score=31",200,round_end,freeze,151048
"card_sum","target_score=31",200,round_end,finish,551872
"card_sum","target_score=31",200,round_end,deck_exhausted,3
"card_sum","target_score=31",200,final_score,115,2
"card_sum","target_score=31",200,final_score,135,1
"card_sum","target_score=31",200,final_score,148,1
"card_sum","target_score=31",200,final_score,149,1
"card_sum","target_score=31",200,final_score,152,1
"card_sum","target_score=31",200,final_score,156,2
"card_sum","target_score=31",200,final_score,158,1
"card_sum","target_score=31",200,final_score,159,1
"card_sum","target_score=31",200,final_score,160,1
"card_sum","target_score=31",200,final_score,162,1
"card_sum","target_score=31",200,final_score,167,1
"card_sum","target_score=31",200,final_score,169,2
"card_sum","target_score=31",200,final_score,171,1
"card_sum","target_score=31",200,final_score,173,2
"card_sum","target_score=31",200,final_score,174,1
"card_sum","target_score=31",200,final_score,178,1
"card_sum","target_score=31",200,final_score,179,2
"card_sum","target_score=31",200,final_score,181,1
"card_sum","target_score=31",200,final_score,182,1
"card_sum","target_score=31",200,final_score,183,1
"card_sum","target_score=31",200,final_score,186,3
"card_sum","target_score=31",200,final_score,187,1
"card_sum","target_score=31",200,final_score,188,3
"card_sum","target_score=31",200,final_score,189,3
"card_sum","target_score=31",200,final_score,190,2
"card_sum","target_score=31",200,final_score,191,2
"card_sum","target_score=31",200,final_score,192,4
"card_sum","target_score=31",200,final_score,193,1
"card_sum","target_score=31",200,final_score,194,4
"card_sum","target_score=31",200,final_score,195,1
"card_sum","target_score=31",200,final_score,196,1
"card_sum","target_score=31",200,final_score,197,3
"card_sum","target_score=31",200,final_score,198,2
"card_sum","target_score=31",200,final_score,199,6
"card_sum","target_score=31",200,final_score,200,2999
"card_sum","target_score=31",200,final_score,201,2969
"card_sum","target_score=31",200,final_score,202,3007
"card_sum","target_score=31",200,final_score,203,3132
"card_sum","target_score=31",200,final_score,204,3110
"card_sum","target_score=31",200,final_score,205,3184
"card_sum","target_score=31",200,final_score,206,3111
"card_sum","target_score=31",200,final_score,207,3069
"card_sum","target_score=31",200,final_score,208,3104
"card_sum","target_score=31",200,final_score,209,3169
"card_sum","target_score=31",200,final_score,210,3085
"card_sum","target_score=31",200,final_score,211,3198
"card_sum","target_score=31",200,final_score,212,3054
"card_sum","target_score=31",200,final_score,213,3033
"card_sum","target_score=31",200,final_score,214,2932
"card_sum","target_score=31",200,final_score,215,2930
"card_sum","target_score=31",200,final_score,216,2845
"card_sum","target_score=31",200,final_score,217,2778
"card_sum","target_score=31",200,final_score,218,2882
"card_sum","target_score=31",200,final_score,219,2731
"card_sum","target_score=31",200,final_score,220,2756
"card_sum","target_score=31",200,final_score,221,2685
"card_sum","target_score=31",200,final_score,222,2537
"card_sum","target_score=31",200,final_score,223,2614
"card_sum","target_score=31",200,final_score,224,2546
"card_sum","target_score=31",200,final_score,225,2418
"card_sum","target_score=31",200,final_score,226,2481
"card_sum","target_score=31",200,final_score,227,2519
"card_sum","target_score=31",200,final_score,228,2458
"card_sum","target_score=31",200,final_score,229,2464
"card_sum","target_score=31",200,final_score,230,2464
"card_sum","target_score=31",200,final_score,231,2137
"card_sum","target_score=31",200,final_score,232,1794
"card_sum","target_score=31",200,final_score,233,1430
"card_sum","target_score=31",200,final_score,234,1227
"card_sum","target_score=31",200,final_score,235,1042
"card_sum","target_score=31",200,final_score,236,850
"card_sum","target_score=31",200,final_score,237,642
"card_sum","target_score=31",200,final_score,238,490
"card_sum","target_score=31",200,final_score,239,348
"card_sum","target_score=31",200,final_score,240,222
"card_sum","target_score=31",200,final_score,241,172
"card_sum","target_score=31",200,final_score,242,140
"card_sum","target_score=31",200,final_score,243,133
"card_sum","target_score=31",200,final_score,244,127
"card_sum","target_score=31",200,final_score,245,107
"card_sum","target_score=31",200,final_score,246,98
"card_sum","target_score=31",200,final_score,247,99
"card_sum","target_score=31",200,final_score,248,79
"card_sum","target_score=31",200,final_score,249,69
"card_sum","target_score=31",200,final_score,250,54
"card_sum","target_score=31",200,final_score,251,65
"card_sum","target_score=31",200,final_score,252,50
"card_sum","target_score=31",200,final_score,253,34
"card_sum","target_score=31",200,final_score,254,27
"card_sum","target_score=31",200,final_score,255,31
"card_sum","target_score=31",200,final_score,256,21
"card_sum","target_score=31",200,final_score,257,21
"card_sum","target_score=31",200,final_score,258,16
"card_sum","target_score=31",200,final_score,259,18
"card_sum","target_score=31",200,final_score,260,25
"card_sum","target_score=31",200,final_score,261,14
"card_sum","target_score=31",200,final_score,262,5
"card_sum","target_score=31",200,final_score,263,7
"card_sum","target_score=31",200,final_score,264,6
"card_sum","target_score=31",200,final_score,265,9
"card_sum","target_score=31",200,final_score,266,10
"card_sum","target_score=31",200,final_score,267,8
"card_sum","target_score=31",200,final_score,268,3
"card_sum","target_score=31",200,final_score,269,4
"card_sum","target_score=31",200,final_score,270,5
"card_sum","target_score=31",200,final_score,271,3
"card_sum","target_score=31",200,final_score,272,2
"card_sum","target_score=31",200,final_score,273,1
"card_sum","target_score=31",200,final_score,274,2
"card_sum","target_score=31",200,final_score,275,2
"card_sum","target_score=31",200,final_score,276,3
"card_sum","target_score=31",200,final_score,277,3
"card_sum","target_score=31",200,final_score,278,2
"card_sum","target_score=31",200,final_score,280,1
"card_sum","target_score=31",200,final_score,281,2
"card_sum","target_score=31",200,final_score,282,3
"card_sum","target_score=31",200,final_score,283,1
"card_sum","target_score=31",200,final_score,286,1
"card_sum","target_score=31",200,final_score,287,2
"card_sum","target_score=31",200,final_score,288,3
"card_sum","target_score=31",200,final_score,289,1
"card_sum","target_score=31",200,final_score,290,1
"card_sum","target_score=31",200,final_score,291,1
"card_sum","target_score=31",200,final_score,292,1
"card_sum","target_score=31",200,final_score,309,1
"bust_probability","max_probability=0.200000",200,round_score,0,290722
"bust_probability","max_probability=0.200000",200,round_score,1,428
"bust_probability","max_probability=0.200000",200,round_score,2,1318
"bust_probability","max_probability=0.200000",200,round_score,3,1294
"bust_probability","max_probability=0.200000",200,round_score,4,2129
"bust_probability","max_probability=0.200000",200,round_score,5,2243
"bust_probability","max_probability=0.200000",200,round_score,6,3217
"bust_probability","max_probability=0.200000",200,round_score,7,3337
"bust_probability","max_probability=0.200000",200,round_score,8,4336
"bust_probability","max_probability=0.200000",200,round_score,9,4479
"bust_probability","max_probability=0.200000",200,round_score,10,5538
"bust_probability","max_probability=0.200000",200,round_score,11,6253
"bust_probability","max_probability=0.200000",200,round_score,12,7019
"bust_probability","max_probability=0.200000",200,round_score,13,2391
"bust_probability","max_probability=0.200000",200,round_score,14,2894
"bust_probability","max_probability=0.200000",200,round_score,15,3491
"bust_probability","max_probability=0.200000",200,round_score,16,4310
"bust_probability","max_probability=0.200000",200,round_score,17,6282
"bust_probability","max_probability=0.200000",200,round_score,18,9107
"bust_probability","max_probability=0.200000",200,round_score,19,17236
"bust_probability","max_probability=0.200000",200,round_score,20,25282
"bust_probability","max_probability=0.200000",200,round_score,21,51157
"bust_probability","max_probability=0.200000",200,round_score,22,50257
"bust_probability","max_probability=0.200000",200,round_score,23,65453
"bust_probability","max_probability=0.200000",200,round_score,24,42303
"bust_probability","max_probability=0.200000",200,round_score,25,45301
"bust_probability","max_probability=0.200000",200,round_score,26,45234
"bust_probability","max_probability=0.200000",200,round_score,27,47963
"bust_probability","max_probability=0.200000",200,round_score,28,41803
"bust_probability","max_probability=0.200000",200,round_score,29,39889
"bust_probability","max_probability=0.200000",200,round_score,30,35081
"bust_probability","max_probability=0.200000",200,round_score,31,28915
"bust_probability","max_probability=0.200000",200,round_score,32,21977
"bust_probability","max_probability=0.200000",200,round_score,33,18508
"bust_probability","max_probability=0.200000",200,round_score,34,12805
"bust_probability","max_probability=0.200000",200,round_score,35,10890
"bust_probability","max_probability=0.200000",200,round_score,36,9926
"bust_probability","max_probability=0.200000",200,round_score,37,8257
"bust_probability","max_probability=0.200000",200,round_score,38,7880
"bust_probability","max_probability=0.200000",200,round_score,39,6192
"bust_probability","max_probability=0.200000",200,round_score,40,6088
"bust_probability","max_probability=0.200000",200,round_score,41,4506
"bust_probability","max_probability=0.200000",200,round_score,42,5293
"bust_probability","max_probability=0.200000",200,round_score,43,3071
"bust_probability","max_probability=0.200000",200,round_score,44,4428
"bust_probability","max_probability=0.200000",200,round_score,45,2349
"bust_probability","max_probability=0.200000",200,round_score,46,4404
"bust_probability","max_probability=0.200000",200,round_score,47,1778
"bust_probability","max_probability=0.200000",200,round_score,48,3307
"bust_probability","max_probability=0.200000",200,round_score,49,1353
"bust_probability","max_probability=0.200000",200,round_score,50,3156
"bust_probability","max_probability=0.200000",200,round_score,51,998
"bust_probability","max_probability=0.200000",200,round_score,52,2706
"bust_probability","max_probability=0.200000",200,round_score,53,757
"bust_probability","max_probability=0.200000",200,round_score,54,2670
"bust_probability","max_probability=0.200000",200,round_score,55,625
"bust_probability","max_probability=0.200000",200,round_score,56,2369
"bust_probability","max_probability=0.200000",200,round_score,57,507
"bust_probability","max_probability=0.200000",200,round_score,58,2328
"bust_probability","max_probability=0.200000",200,round_score,59,434
"bust_probability","max_probability=0.200000",200,round_score,60,2045
"bust_probability","max_probability=0.200000",200,round_score,61,413
"bust_probability","max_probability=0.200000",200,round_score,62,1840
"bust_probability","max_probability=0.200000",200,round_score,63,424
"bust_probability","max_probability=0.200000",200,round_score,64,1556
"bust_probability","max_probability=0.200000",200,round_score,65,515
"bust_probability","max_probability=0.200000",200,round_score,66,1457
"bust_probability","max_probability=0.200000",200,round_score,67,471
"bust_probability","max_probability=0.200000",200,round_score,68,1245
"bust_probability","max_probability=0.200000",200,round_score,69,457
"bust_probability","max_probability=0.200000",200,round_score,70,1148
"bust_probability","max_probability=0.200000",200,round_score,71,417
"bust_probability","max_probability=0.200000",200,round_score,72,1066
"bust_probability","max_probability=0.200000",200,round_score,73,396
"bust_probability","max_probability=0.200000",200,round_score,74,920
"bust_probability","max_probability=0.200000",200,round_score,75,297
"bust_probability","max_probability=0.200000",200,round_score,76,738
"bust_probability","max_probability=0.200000",200,round_score,77,218
"bust_probability","max_probability=0.200000",200,round_score,78,626
"bust_probability","max_probability=0.200000",200,round_score,79,149
"bust_probability","max_probability=0.200000",200,round_score,80,504
"bust_probability","max_probability=0.200000",200,round_score,81,104
"bust_probability","max_probability=0.200000",200,round_score,82,419
"bust_probability","max_probability=0.200000",200,round_score,83,61
"bust_probability","max_probability=0.200000",200,round_score,84,355
"bust_probability","max_probability=0.200000",200,round_score,85,45
"bust_probability","max_probability=0.200000",200,round_score,86,267
"bust_probability","max_probability=0.200000",200,round_score,87,37
"bust_probability","max_probability=0.200000",200,round_score,88,248
"bust_probability","max_probability=0.200000",200,round_score,89,19
"bust_probability","max_probability=0.200000",200,round_score,90,218
"bust_probability","max_probability=0.200000",200,round_score,91,15
"bust_probability","max_probability=0.200000",200,round_score,92,209
"bust_probability","max_probability=0.200000",200,round_score,93,17
"bust_probability","max_probability=0.200000",200,round_score,94,179
"bust_probability","max_probability=0.200000",200,round_score,95,11
"bust_probability","max_probability=0.200000",200,round_score,96,171
"bust_probability","max_probability=0.200000",200,round_score,97,17
"bust_probability","max_probability=0.200000",200,round_score,98,131
"bust_probability","max_probability=0.200000",200,round_score,99,11
"bust_probability","max_probability=0.200000",200,round_score,100,118
"bust_probability","max_probability=0.200000",200,round_score,101,20
"bust_probability","max_probability=0.200000",200,round_score,102,97
"bust_probability","max_probability=0.200000",200,round_score,103,27
"bust_probability","max_probability=0.200000",200,round_score,104,89
"bust_probability","max_probability=0.200000",200,round_score,105,26
"bust_probability","max_probability=0.200000",200,round_score,106,66
"bust_probability","max_probability=0.200000",200,round_score,107,40
"bust_probability","max_probability=0.200000",200,round_score,108,58
"bust_probability","max_probability=0.200000",200,round_score,109,25
"bust_probability","max_probability=0.200000",200,round_score,110,47
"bust_probability","max_probability=0.200000",200,round_score,111,37
"bust_probability","max_probability=0.200000",200,round_score,112,36
"bust_probability","max_probability=0.200000",200,round_score,113,37
"bust_probability","max_probability=0.200000",200,round_score,114,38
"bust_probability","max_probability=0.200000",200,round_score,115,38
"bust_probability","max_probability=0.200000",200,round_score,116,21
"bust_probability","max_probability=0.200000",200,round_score,117,33
"bust_probability","max_probability=0.200000",200,round_score,118,19
"bust_probability","max_probability=0.200000",200,round_score,119,43
"bust_probability","max_probability=0.200000",200,round_score,120,23
"bust_probability","max_probability=0.200000",200,round_score,121,49
"bust_probability","max_probability=0.200000",200,round_score,122,26
"bust_probability","max_probability=0.200000",200,round_score,123,39
"bust_probability","max_probability=0.200000",200,round_score,124,13
"bust_probability","max_probability=0.200000",200,round_score,125,51
"bust_probability","max_probability=0.200000",200,round_score,126,9
"bust_probability","max_probability=0.200000",200,round_score,127,50
"bust_probability","max_probability=0.200000",200,round_score,128,7
"bust_probability","max_probability=0.200000",200,round_score,129,49
"bust_probability","max_probability=0.200000",200,round_score,130,8
"bust_probability","max_probability=0.200000",200,round_score,131,41
"bust_probability","max_probability=0.200000",200,round_score,132,5
"bust_probability","max_probability=0.200000",200,round_score,133,30
"bust_probability","max_probability=0.200000",200,round_score,134,3
"bust_probability","max_probability=0.200000",200,round_score,135,30
"bust_probability","max_probability=0.200000",200,round_score,136,3
"bust_probability","max_probability=0.200000",200,round_score,137,17
"bust_probability","max_probability=0.200000",200,round_score,138,1
"bust_probability","max_probability=0.200000",200,round_score,139,30
"bust_probability","max_probability=0.200000",200,round_score,141,21
"bust_probability","max_probability=0.200000",200,round_score,143,15
"bust_probability","max_probability=0.200000",200,round_score,144,1
"bust_probability","max_probability=0.200000",200,round_score,145,15
"bust_probability","max_probability=0.200000",200,round_score,146,1
"bust_probability","max_probability=0.200000",200,round_score,147,13
"bust_probability","max_probability=0.200000",200,round_score,149,14
"bust_probability","max_probability=0.200000",200,round_score,151,13
"bust_probability","max_probability=0.200000",200,round_score,153,10
"bust_probability","max_probability=0.200000",200,round_score,155,7
"bust_probability","max_probability=0.200000",200,round_score,157,5
"bust_probability","max_probability=0.200000",200,round_score,159,7
"bust_probability","max_probability=0.200000",200,round_score,161,3
"bust_probability","max_probability=0.200000",200,round_score,163,2
"bust_probability","max_probability=0.200000",200,round_score,167,1
"bust_probability","max_probability=0.200000",200,round_score,169,3
"bust_probability","max_probability=0.200000",200,round_score,171,1
"bust_probability","max_probability=0.200000",200,round_score,185,1
"bust_probability","max_probability=0.200000",200,round_end,bust,254640
"bust_probability","max_probability=0.200000",200,round_end,flip7,9887
"bust_probability","max_probability=0.200000",200,round_end,freeze,122003
"bust_probability","max_probability=0.200000",200,round_end,finish,680662
"bust_probability","max_probability=0.200000",200,round_end,deck_exhausted,0
"bust_probability","max_probability=0.200000",200,final_score,200,3605
"bust_probability","max_probability=0.200000",200,final_score,201,3612
"bust_probability","max_probability=0.200000",200,final_score,202,3614
"bust_probability","max_probability=0.200000",200,final_score,203,3613
"bust_probability","max_probability=0.200000",200,final_score,204,3571
"bust_probability","max_probability=0.200000",200,final_score,205,3468
"bust_probability","max_probability=0.200000",200,final_score,206,3609
"bust_probability","max_probability=0.200000",200,final_score,207,3493
"bust_probability","max_probability=0.200000",200,final_score,208,3504
"bust_probability","max_probability=0.200000",200,final_score,209,3528
"bust_probability","max_probability=0.200000",200,final_score,210,3414
"bust_probability","max_probability=0.200000",200,final_score,211,3519
"bust_probability","max_probability=0.200000",200,final_score,212,3397
"bust_probability","max_probability=0.200000",200,final_score,213,3335
"bust_probability","max_probability=0.200000",200,final_score,214,3394
"bust_probability","max_probability=0.200000",200,final_score,215,3371
"bust_probability","max_probability=0.200000",200,final_score,216,3328
"bust_probability","max_probability=0.200000",200,final_score,217,3253
"bust_probability","max_probability=0.200000",200,final_score,218,3228
"bust_probability","max_probability=0.200000",200,final_score,219,3109
"bust_probability","max_probability=0.200000",200,final_score,220,2896
"bust_probability","max_probability=0.200000",200,final_score,221,2723
"bust_probability","max_probability=0.200000",200,final_score,222,2419
"bust_probability","max_probability=0.200000",200,final_score,223,2360
"bust_probability","max_probability=0.200000",200,final_score,224,2036
"bust_probability","max_probability=0.200000",200,final_score,225,1872
"bust_probability","max_probability=0.200000",200,final_score,226,1706
"bust_probability","max_probability=0.200000",200,final_score,227,1418
"bust_probability","max_probability=0.200000",200,final_score,228,1305
"bust_probability","max_probability=0.200000",200,final_score,229,1178
"bust_probability","max_probability=0.200000",200,final_score,230,946
"bust_probability","max_probability=0.200000",200,final_score,231,891
"bust_probability","max_probability=0.200000",200,final_score,232,746
"bust_probability","max_probability=0.200000",200,final_score,233,656
"bust_probability","max_probability=0.200000",200,final_score,234,540
"bust_probability","max_probability=0.200000",200,final_score,235,477
"bust_probability","max_probability=0.200000",200,final_score,236,464
"bust_probability","max_probability=0.200000",200,final_score,237,456
"bust_probability","max_probability=0.200000",200,final_score,238,397
"bust_probability","max_probability=0.200000",200,final_score,239,352
"bust_probability","max_probability=0.200000",200,final_score,240,325
"bust_probability","max_probability=0.200000",200,final_score,241,320
"bust_probability","max_probability=0.200000",200,final_score,242,270
"bust_probability","max_probability=0.200000",200,final_score,243,272
"bust_probability","max_probability=0.200000",200,final_score,244,214
"bust_probability","max_probability=0.200000",200,final_score,245,229
"bust_probability","max_probability=0.200000",200,final_score,246,204
"bust_probability","max_probability=0.200000",200,final_score,247,196
"bust_probability","max_probability=0.200000",200,final_score,248,187
"bust_probability","max_probability=0.200000",200,final_score,249,178
"bust_probability","max_probability=0.200000",200,final_score,250,199
"bust_probability","max_probability=0.200000",200,final_score,251,159
"bust_probability","max_probability=0.200000",200,final_score,252,155
"bust_probability","max_probability=0.200000",200,final_score,253,136
"bust_probability","max_probability=0.200000",200,final_score,254,140
"bust_probability","max_probability=0.200000",200,final_score,255,126
"bust_probability","max_probability=0.200000",200,final_score,256,116
"bust_probability","max_probability=0.200000",200,final_score,257,125
"bust_probability","max_probability=0.200000",200,final_score,258,115
"bust_probability","max_probability=0.200000",200,final_score,259,95
"bust_probability","max_probability=0.200000",200,final_score,260,92
"bust_probability","max_probability=0.200000",200,final_score,261,98
"bust_probability","max_probability=0.200000",200,final_score,262,81
"bust_probability","max_probability=0.200000",200,final_score,263,78
"bust_probability","max_probability=0.200000",200,final_score,264,68
"bust_probability","max_probability=0.200000",200,final_score,265,66
"bust_probability","max_probability=0.200000",200,final_score,266,55
"bust_probability","max_probability=0.200000",200,final_score,267,58
"bust_probability","max_probability=0.200000",200,final_score,268,63
"bust_probability","max_probability=0.200000",200,final_score,269,43
"bust_probability","max_probability=0.200000",200,final_score,270,54
"bust_probability","max_probability=0.200000",200,final_score,271,48
"bust_probability","max_probability=0.200000",200,final_score,272,34
"bust_probability","max_probability=0.200000",200,final_score,273,44
"bust_probability","max_probability=0.200000",200,final_score,274,41
"bust_probability","max_probability=0.200000",200,final_score,275,25
"bust_probability","max_probability=0.200000",200,final_score,276,37
"bust_probability","max_probability=0.200000",200,final_score,277,25
"bust_probability","max_probability=0.200000",200,final_score,278,18
"bust_probability","max_probability=0.200000",200,final_score,279,22
"bust_probability","max_probability=0.200000",200,final_score,280,19
"bust_probability","max_probability=0.200000",200,final_score,281,22
"bust_probability","max_probability=0.200000",200,final_score,282,23
"bust_probability","max_probability=0.200000",200,final_score,283,18
"bust_probability","max_probability=0.200000",200,final_score,284,9
"bust_probability","max_probability=0.200000",200,final_score,285,17
"bust_probability","max_probability=0.200000",200,final_score,286,9
"bust_probability","max_probability=0.200000",200,final_score,287,19
"bust_probability","max_probability=0.200000",200,final_score,288,14
"bust_probability","max_probability=0.200000",200,final_score,289,7
"bust_probability","max_probability=0.200000",200,final_score,290,4
"bust_probability","max_probability=0.200000",200,final_score,291,9
"bust_probability","max_probability=0.200000",200,final_score,292,12
"bust_probability","max_probability=0.200000",200,final_score,293,17
"bust_probability","max_probability=0.200000",200,final_score,294,7
"bust_probability","max_probability=0.200000",200,final_score,295,8
"bust_probability","max_probability=0.200000",200,final_score,296,5
"bust_probability","max_probability=0.200000",200,final_score,297,8
"bust_probability","max_probability=0.200000",200,final_score,298,11
"bust_probability","max_probability=0.200000",200,final_score,299,7
"bust_probability","max_probability=0.200000",200,final_score,300,7
"bust_probability","max_probability=0.200000",200,final_score,301,10
"bust_probability","max_probability=0.200000",200,final_score,302,4
"bust_probability","max_probability=0.200000",200,final_score,303,8
"bust_probability","max_probability=0.200000",200,final_score,304,5
"bust_probability","max_probability=0.200000",200,final_score,305,6
"bust_probability","max_probability=0.200000",200,final_score,306,5
"bust_probability","max_probability=0.200000",200,final_score,307,4
"bust_probability","max_probability=0.200000",200,final_score,308,5
"bust_probability","max_probability=0.200000",200,final_score,309,5
"bust_probability","max_probability=0.200000",200,final_score,310,6
"bust_probability","max_probability=0.200000",200,final_score,311,5
"bust_probability","max_probability=0.200000",200,final_score,312,4
"bust_probability","max_probability=0.200000",200,final_score,313,10
"bust_probability","max_probability=0.200000",200,final_score,314,4
"bust_probability","max_probability=0.200000",200,final_score,315,5
"bust_probability","max_probability=0.200000",200,final_score,316,5
"bust_probability","max_probability=0.200000",200,final_score,317,3
"bust_probability","max_probability=0.200000",200,final_score,318,3
"bust_probability","max_probability=0.200000",200,final_score,319,1
"bust_probability","max_probability=0.200000",200,final_score,321,4
"bust_probability","max_probability=0.200000",200,final_score,322,2
"bust_probability","max_probability=0.200000",200,final_score,323,3
"bust_probability","max_probability=0.200000",200,final_score,325,5
"bust_probability","max_probability=0.200000",200,final_score,326,2
"bust_probability","max_probability=0.200000",200,final_score,327,3
"bust_probability","max_probability=0.200000",200,final_score,329,2
"bust_probability","max_probability=0.200000",200,final_score,330,3
"bust_probability","max_probability=0.200000",200,final_score,331,3
"bust_probability","max_probability=0.200000",200,final_score,332,1
"bust_probability","max_probability=0.200000",200,final_score,333,1
"bust_probability","max_probability=0.200000",200,final_score,335,1
"bust_probability","max_probability=0.200000",200,final_score,338,1
"bust_probability","max_probability=0.200000",200,final_score,340,2
"bust_probability","max_probability=0.200000",200,final_score,343,1
"bust_probability","max_probability=0.200000",200,final_score,353,1
"bust_probability","max_probability=0.200000",200,final_score,358,1
"bust_probability","max_probability=0.210000",200,round_score,0,309688
"bust_probability","max_probability=0.210000",200,round_score,1,432
"bust_probability","max_probability=0.210000",200,round_score,2,1308
"bust_probability","max_probability=0.210000",200,round_score,3,1296
"bust_probability","max_probability=0.210000",200,round_score,4,2160
"bust_probability","max_probability=0.210000",200,round_score,5,2238
"bust_probability","max_probability=0.210000",200,round_score,6,3196
"bust_probability","max_probability=0.210000",200,round_score,7,3316
"bust_probability","max_probability=0.210000",200,round_score,8,4314
"bust_probability","max_probability=0.210000",200,round_score,9,4440
"bust_probability","max_probability=0.210000",200,round_score,10,5474
"bust_probability","max_probability=0.210000",200,round_score,11,6196
"bust_probability","max_probability=0.210000",200,round_score,12,6944
"bust_probability","max_probability=0.210000",200,round_score,13,2364
"bust_probability","max_probability=0.210000",200,round_score,14,2849
"bust_probability","max_probability=0.210000",200,round_score,15,3437
"bust_probability","max_probability=0.210000",200,round_score,16,3993
"bust_probability","max_probability=0.210000",200,round_score,17,5316
"bust_probability","max_probability=0.210000",200,round_score,18,6994
"bust_probability","max_probability=0.210000",200,round_score,19,11905
"bust_probability","max_probability=0.210000",200,round_score,20,16427
"bust_probability","max_probability=0.210000",200,round_score,21,32139
"bust_probability","max_probability=0.210000",200,round_score,22,38329
"bust_probability","max_probability=0.210000",200,round_score,23,58407
"bust_probability","max_probability=0.210000",200,round_score,24,39992
"bust_probability","max_probability=0.210000",200,round_score,25,44689
"bust_probability","max_probability=0.210000",200,round_score,26,46081
"bust_probability","max_probability=0.210000",200,round_score,27,49894
"bust_probability","max_probability=0.210000",200,round_score,28,44583
"bust_probability","max_probability=0.210000",200,round_score,29,42876
"bust_probability","max_probability=0.210000",200,round_score,30,38842
"bust_probability","max_probability=0.210000",200,round_score,31,32735
"bust_probability","max_probability=0.210000",200,round_score,32,25977
"bust_probability","max_probability=0.210000",200,round_score,33,22623
"bust_probability","max_probability=0.210000",200,round_score,34,15233
"bust_probability","max_probability=0.210000",200,round_score,35,12634
"bust_probability","max_probability=0.210000",200,round_score,36,11119
"bust_probability","max_probability=0.210000",200,round_score,37,9370
"bust_probability","max_probability=0.210000",200,round_score,38,8659
"bust_probability","max_probability=0.210000",200,round_score,39,6962
"bust_probability","max_probability=0.210000",200,round_score,40,6549
"bust_probability","max_probability=0.210000",200,round_score,41,5070
"bust_probability","max_probability=0.210000",200,round_score,42,5366
"bust_probability","max_probability=0.210000",200,round_score,43,3481
"bust_probability","max_probability=0.210000",200,round_score,44,4437
"bust_probability","max_probability=0.210000",200,round_score,45,2620
"bust_probability","max_probability=0.210000",200,round_score,46,4358
"bust_probability","max_probability=0.210000",200,round_score,47,1941
"bust_probability","max_probability=0.210000",200,round_score,48,3322
"bust_probability","max_probability=0.210000",200,round_score,49,1463
"bust_probability","max_probability=0.210000",200,round_score,50,3269
"bust_probability","max_probability=0.210000",200,round_score,51,1041
"bust_probability","max_probability=0.210000",200,round_score,52,2829
"bust_probability","max_probability=0.210000",200,round_score,53,822
"bust_probability","max_probability=0.210000",200,round_score,54,2772
"bust_probability","max_probability=0.210000",200,round_score,55,657
"bust_probability","max_probability=0.210000",200,round_score,56,2523
"bust_probability","max_probability=0.210000",200,round_score,57,543
"bust_probability","max_probability=0.210000",200,round_score,58,2470
"bust_probability","max_probability=0.210000",200,round_score,59,460
"bust_probability","max_probability=0.210000",200,round_score,60,2218
"bust_probability","max_probability=0.210000",200,round_score,61,443
"bust_probability","max_probability=0.210000",200,round_score,62,2038
"bust_probability","max_probability=0.210000",200,round_score,63,449
"bust_probability","max_probability=0.210000",200,round_score,64,1777
"bust_probability","max_probability=0.210000",200,round_score,65,530
"bust_probability","max_probability=0.210000",200,round_score,66,1681
"bust_probability","max_probability=0.210000",200,round_score,67,478
"bust_probability","max_probability=0.210000",200,round_score,68,1322
"bust_probability","max_probability=0.210000",200,round_score,69,462
"bust_probability","max_probability=0.210000",200,round_score,70,1281
"bust_probability","max_probability=0.210000",200,round_score,71,432
"bust_probability","max_probability=0.210000",200,round_score,72,1130
"bust_probability","max_probability=0.210000",200,round_score,73,395
"bust_probability","max_probability=0.210000",200,round_score,74,995
"bust_probability","max_probability=0.210000",200,round_score,75,317
"bust_probability","max_probability=0.210000",200,round_score,76,838
"bust_probability","max_probability=0.210000",200,round_score,77,222
"bust_probability","max_probability=0.210000",200,round_score,78,694
"bust_probability","max_probability=0.210000",200,round_score,79,152
"bust_probability","max_probability=0.210000",200,round_score,80,554
"bust_probability","max_probability=0.210000",200,round_score,81,101
"bust_probability","max_probability=0.210000",200,round_score,82,471
"bust_probability","max_probability=0.210000",200,round_score,83,66
"bust_probability","max_probability=0.210000",200,round_score,84,397
"bust_probability","max_probability=0.210000",200,round_score,85,42
"bust_probability","max_probability=0.210000",200,round_score,86,309
"bust_probability","max_probability=0.210000",200,round_score,87,34
"bust_probability","max_probability=0.210000",200,round_score,88,271
"bust_probability","max_probability=0.210000",200,round_score,89,22
"bust_probability","max_probability=0.210000",200,round_score,90,226
"bust_probability","max_probability=0.210000",200,round_score,91,16
"bust_probability","max_probability=0.210000",200,round_score,92,215
"bust_probability","max_probability=0.210000",200,round_score,93,20
"bust_probability","max_probability=0.210000",200,round_score,94,196
"bust_probability","max_probability=0.210000",200,round_score,95,11
"bust_probability","max_probability=0.210000",200,round_score,96,180
"bust_probability","max_probability=0.210000",200,round_score,97,21
"bust_probability","max_probability=0.210000",200,round_score,98,129
"bust_probability","max_probability=0.210000",200,round_score,99,16
"bust_probability","max_probability=0.210000",200,round_score,100,120
"bust_probability","max_probability=0.210000",200,round_score,101,25
"bust_probability","max_probability=0.210000",200,round_score,102,96
"bust_probability","max_probability=0.210000",200,round_score,103,30
"bust_probability","max_probability=0.210000",200,round_score,104,96
"bust_probability","max_probability=0.210000",200,round_score,105,27
"bust_probability","max_probability=0.210000",200,round_score,106,65
"bust_probability","max_probability=0.210000",200,round_score,107,41
"bust_probability","max_probability=0.210000",200,round_score,108,63
"bust_probability","max_probability=0.210000",200,round_score,109,23
"bust_probability","max_probability=0.210000",200,round_score,110,51
"bust_probability","max_probability=0.210000",200,round_score,111,37
"bust_probability","max_probability=0.210000",200,round_score,112,37
"bust_probability","max_probability=0.210000",200,round_score,113,38
"bust_probability","max_probability=0.210000",200,round_score,114,41
"bust_probability","max_probability=0.210000",200,round_score,115,43
"bust_probability","max_probability=0.210000",200,round_score,116,16
"bust_probability","max_probability=0.210000",200,round_score,117,38
"bust_probability","max_probability=0.210000",200,round_score,118,21
"bust_probability","max_probability=0.210000",200,round_score,119,42
"bust_probability","max_probability=0.210000",200,round_score,120,25
"bust_probability","max_probability=0.210000",200,round_score,121,53
"bust_probability","max_probability=0.210000",200,round_score,122,27
"bust_probability","max_probability=0.210000",200,round_score,123,39
"bust_probability","max_probability=0.210000",200,round_score,124,14
"bust_probability","max_probability=0.210000",200,round_score,125,56
"bust_probability","max_probability=0.210000",200,round_score,126,12
"bust_probability","max_probability=0.210000",200,round_score,127,44
"bust_probability","max_probability=0.210000",200,round_score,128,5
"bust_probability","max_probability=0.210000",200,round_score,129,43
"bust_probability","max_probability=0.210000",200,round_score,130,8
"bust_probability","max_probability=0.210000",200,round_score,131,47
"bust_probability","max_probability=0.210000",200,round_score,132,4
"bust_probability","max_probability=0.210000",200,round_score,133,31
"bust_probability","max_probability=0.210000",200,round_score,134,3
"bust_probability","max_probability=0.210000",200,round_score,135,37
"bust_probability","max_probability=0.210000",200,round_score,136,3
"bust_probability","max_probability=0.210000",200,round_score,137,14
"bust_probability","max_probability=0.210000",200,round_score,138,1
"bust_probability","max_probability=0.210000",200,round_score,139,30
"bust_probability","max_probability=0.210000",200,round_score,141,21
"bust_probability","max_probability=0.210000",200,round_score,143,16
"bust_probability","max_probability=0.210000",200,round_score,144,2
"bust_probability","max_probability=0.210000",200,round_score,145,15
"bust_probability","max_probability=0.210000",200,round_score,146,1
"bust_probability","max_probability=0.210000",200,round_score,147,15
"bust_probability","max_probability=0.210000",200,round_score,149,11
"bust_probability","max_probability=0.210000",200,round_score,151,16
"bust_probability","max_probability=0.210000",200,round_score,153,8
"bust_probability","max_probability=0.210000",200,round_score,155,5
"bust_probability","max_probability=0.210000",200,round_score,157,5
"bust_probability","max_probability=0.210000",200,round_score,159,7
"bust_probability","max_probability=0.210000",200,round_score,161,3
"bust_probability","max_probability=0.210000",200,round_score,163,2
"bust_probability","max_probability=0.210000",200,round_score,167,1
"bust_probability","max_probability=0.210000",200,round_score,169,2
"bust_probability","max_probability=0.210000",200,round_score,171,1
"bust_probability","max_probability=0.210000",200,round_score,177,1
"bust_probability","max_probability=0.210000",200,round_score,185,1
"bust_probability","max_probability=0.210000",200,round_end,bust,273625
"bust_probability","max_probability=0.210000",200,round_end,flip7,10213
"bust_probability","max_probability=0.210000",200,round_end,freeze,124974
"bust_probability","max_probability=0.210000",200,round_end,finish,655342
"bust_probability","max_probability=0.210000",200,round_end,deck_exhausted,0
"bust_probability","max_probability=0.210000",200,final_score,200,3533
"bust_probability","max_probability=0.210000",200,final_score,201,3520
"bust_probability","max_probability=0.210000",200,final_score,202,3527
"bust_probability","max_probability=0.210000",200,final_score,203,3541
"bust_probability","max_probability=0.210000",200,final_score,204,3540
"bust_probability","max_probability=0.210000",200,final_score,205,3376
"bust_probability","max_probability=0.210000",200,final_score,206,3454
"bust_probability","max_probability=0.210000",200,final_score,207,3403
"bust_probability","max_probability=0.210000",200,final_score,208,3402
"bust_probability","max_probability=0.210000",200,final_score,209,3445
"bust_probability","max_probability=0.210000",200,final_score,210,3262
"bust_probability","max_probability=0.210000",200,final_score,211,3329
"bust_probability","max_probability=0.210000",200,final_score,212,3331
"bust_probability","max_probability=0.210000",200,final_score,213,3273
"bust_probability","max_probability=0.210000",200,final_score,214,3309
"bust_probability","max_probability=0.210000",200,final_score,215,3348
"bust_probability","max_probability=0.210000",200,final_score,216,3236
"bust_probability","max_probability=0.210000",200,final_score,217,3197
"bust_probability","max_probability=0.210000",200,final_score,218,3126
"bust_probability","max_probability=0.210000",200,final_score,219,3143
"bust_probability","max_probability=0.210000",200,final_score,220,2856
"bust_probability","max_probability=0.210000",200,final_score,221,2786
"bust_probability","max_probability=0.210000",200,final_score,222,2490
"bust_probability","max_probability=0.210000",200,final_score,223,2349
"bust_probability","max_probability=0.210000",200,final_score,224,2178
"bust_probability","max_probability=0.210000",200,final_score,225,2004
"bust_probability","max_probability=0.210000",200,final_score,226,1822
"bust_probability","max_probability=0.210000",200,final_score,227,1599
"bust_probability","max_probability=0.210000",200,final_score,228,1443
"bust_probability","max_probability=0.210000",200,final_score,229,1244
"bust_probability","max_probability=0.210000",200,final_score,230,1085
"bust_probability","max_probability=0.210000",200,final_score,231,942
"bust_probability","max_probability=0.210000",200,final_score,232,829
"bust_probability","max_probability=0.210000",200,final_score,233,679
"bust_probability","max_probability=0.210000",200,final_score,234,597
"bust_probability","max_probability=0.210000",200,final_score,235,549
"bust_probability","max_probability=0.210000",200,final_score,236,517
"bust_probability","max_probability=0.210000",200,final_score,237,497
"bust_probability","max_probability=0.210000",200,final_score,238,400
"bust_probability","max_probability=0.210000",200,final_score,239,367
"bust_probability","max_probability=0.210000",200,final_score,240,362
"bust_probability","max_probability=0.210000",200,final_score,241,331
"bust_probability","max_probability=0.210000",200,final_score,242,284
"bust_probability","max_probability=0.210000",200,final_score,243,276
"bust_probability","max_probability=0.210000",200,final_score,244,235
"bust_probability","max_probability=0.210000",200,final_score,245,227
"bust_probability","max_probability=0.210000",200,final_score,246,195
"bust_probability","max_probability=0.210000",200,final_score,247,216
"bust_probability","max_probability=0.210000",200,final_score,248,182
"bust_probability","max_probability=0.210000",200,final_score,249,184
"bust_probability","max_probability=0.210000",200,final_score,250,207
"bust_probability","max_probability=0.210000",200,final_score,251,153
"bust_probability","max_probability=0.210000",200,final_score,252,165
"bust_probability","max_probability=0.210000",200,final_score,253,137
"bust_probability","max_probability=0.210000",200,final_score,254,139
"bust_probability","max_probability=0.210000",200,final_score,255,138
"bust_probability","max_probability=0.210000",200,final_score,256,132
"bust_probability","max_probability=0.210000",200,final_score,257,136
"bust_probability","max_probability=0.210000",200,final_score,258,110
"bust_probability","max_probability=0.210000",200,final_score,259,107
"bust_probability","max_probability=0.210000",200,final_score,260,107
"bust_probability","max_probability=0.210000",200,final_score,261,101
"bust_probability","max_probability=0.210000",200,final_score,262,93
"bust_probability","max_probability=0.210000",200,final_score,263,89
"bust_probability","max_probability=0.210000",200,final_score,264,75
"bust_probability","max_probability=0.210000",200,final_score,265,86
"bust_probability","max_probability=0.210000",200,final_score,266,58
"bust_probability","max_probability=0.210000",200,final_score,267,68
"bust_probability","max_probability=0.210000",200,final_score,268,60
"bust_probability","max_probability=0.210000",200,final_score,269,54
"bust_probability","max_probability=0.210000",200,final_score,270,59
"bust_probability","max_probability=0.210000",200,final_score,271,59
"bust_probability","max_probability=0.210000",200,final_score,272,40
"bust_probability","max_probability=0.210000",200,final_score,273,52
"bust_probability","max_probability=0.210000",200,final_score,274,40
"bust_probability","max_probability=0.210000",200,final_score,275,27
"bust_probability","max_probability=0.210000",200,final_score,276,26
"bust_probability","max_probability=0.210000",200,final_score,277,35
"bust_probability","max_probability=0.210000",200,final_score,278,18
"bust_probability","max_probability=0.210000",200,final_score,279,27
"bust_probability","max_probability=0.210000",200,final_score,280,20
"bust_probability","max_probability=0.210000",200,final_score,281,21
"bust_probability","max_probability=0.210000",200,final_score,282,19
"bust_probability","max_probability=0.210000",200,final_score,283,16
"bust_probability","max_probability=0.210000",200,final_score,284,9
"bust_probability","max_probability=0.210000",200,final_score,285,14
"bust_probability","max_probability=0.210000",200,final_score,286,14
"bust_probability","max_probability=0.210000",200,final_score,287,14
"bust_probability","max_probability=0.210000",200,final_score,288,11
"bust_probability","max_probability=0.210000",200,final_score,289,15
"bust_probability","max_probability=0.210000",200,final_score,290,4
"bust_probability","max_probability=0.210000",200,final_score,291,9
"bust_probability","max_probability=0.210000",200,final_score,292,13
"bust_probability","max_probability=0.210000",200,final_score,293,14
"bust_probability","max_probability=0.210000",200,final_score,294,11
"bust_probability","max_probability=0.210000",200,final_score,295,12
"bust_probability","max_probability=0.210000",200,final_score,296,4
"bust_probability","max_probability=0.210000",200,final_score,297,12
"bust_probability","max_probability=0.210000",200,final_score,298,11
"bust_probability","max_probability=0.210000",200,final_score,299,6
"bust_probability","max_probability=0.210000",200,final_score,300,6
"bust_probability","max_probability=0.210000",200,final_score,301,9
"bust_probability","max_probability=0.210000",200,final_score,302,4
"bust_probability","max_probability=0.210000",200,final_score,303,11
"bust_probability","max_probability=0.210000",200,final_score,304,2
"bust_probability","max_probability=0.210000",200,final_score,305,3
"bust_probability","max_probability=0.210000",200,final_score,306,5
"bust_probability","max_probability=0.210000",200,final_score,307,6
"bust_probability","max_probability=0.210000",200,final_score,308,12
"bust_probability","max_probability=0.210000",200,final_score,309,6
"bust_probability","max_probability=0.210000",200,final_score,310,5
"bust_probability","max_probability=0.210000",200,final_score,311,2
"bust_probability","max_probability=0.210000",200,final_score,312,4
"bust_probability","max_probability=0.210000",200,final_score,313,7
"bust_probability","max_probability=0.210000",200,final_score,314,3
"bust_probability","max_probability=0.210000",200,final_score,315,4
"bust_probability","max_probability=0.210000",200,final_score,316,5
"bust_probability","max_probability=0.210000",200,final_score,317,1
"bust_probability","max_probability=0.210000",200,final_score,318,3
"bust_probability","max_probability=0.210000",200,final_score,319,3
"bust_probability","max_probability=0.210000",200,final_score,320,2
"bust_probability","max_probability=0.210000",200,final_score,321,2
"bust_probability","max_probability=0.210000",200,final_score,322,3
"bust_probability","max_probability=0.210000",200,final_score,323,1
"bust_probability","max_probability=0.210000",200,final_score,324,1
"bust_probability","max_probability=0.210000",200,final_score,325,4
"bust_probability","max_probability=0.210000",200,final_score,326,1
"bust_probability","max_probability=0.210000",200,final_score,327,2
"bust_probability","max_probability=0.210000",200,final_score,328,1
"bust_probability","max_probability=0.210000",200,final_score,329,3
"bust_probability","max_probability=0.210000",200,final_score,331,2
"bust_probability","max_probability=0.210000",200,final_score,332,2
"bust_probability","max_probability=0.210000",200,final_score,334,1
"bust_probability","max_probability=0.210000",200,final_score,336,1
"bust_probability","max_probability=0.210000",200,final_score,340,1
"bust_probability","max_probability=0.210000",200,final_score,343,1
"bust_probability","max_probability=0.210000",200,final_score,353,1
"bust_probability","max_probability=0.210000",200,final_score,358,1
"bust_probability","max_probability=0.210000",200,final_score,363,1
"bust_probability","max_probability=0.210000",200,final_score,372,1
"bust_probability","max_probability=0.220000",200,round_score,0,331047
"bust_probability","max_probability=0.220000",200,round_score,1,420
"bust_probability","max_probability=0.220000",200,round_score,2,1279
"bust_probability","max_probability=0.220000",200,round_score,3,1293
"bust_probability","max_probability=0.220000",200,round_score,4,2114
"bust_probability","max_probability=0.220000",200,round_score,5,2240
"bust_probability","max_probability=0.220000",200,round_score,6,3230
"bust_probability","max_probability=0.220000",200,round_score,7,3274
"bust_probability","max_probability=0.220000",200,round_score,8,4324
"bust_probability","max_probability=0.220000",200,round_score,9,4512
"bust_probability","max_probability=0.220000",200,round_score,10,5442
"bust_probability","max_probability=0.220000",200,round_score,11,6112
"bust_probability","max_probability=0.220000",200,round_score,12,6957
"bust_probability","max_probability=0.220000",200,round_score,13,2342
"bust_probability","max_probability=0.220000",200,round_score,14,2833
"bust_probability","max_probability=0.220000",200,round_score,15,3274
"bust_probability","max_probability=0.220000",200,round_score,16,3814
"bust_probability","max_probability=0.220000",200,round_score,17,4593
"bust_probability","max_probability=0.220000",200,round_score,18,5651
"bust_probability","max_probability=0.220000",200,round_score,19,8611
"bust_probability","max_probability=0.220000",200,round_score,20,10944
"bust_probability","max_probability=0.220000",200,round_score,21,20393
"bust_probability","max_probability=0.220000",200,round_score,22,24450
"bust_probability","max_probability=0.220000",200,round_score,23,44077
"bust_probability","max_probability=0.220000",200,round_score,24,34863
"bust_probability","max_probability=0.220000",200,round_score,25,42376
"bust_probability","max_probability=0.220000",200,round_score,26,45361
"bust_probability","max_probability=0.220000",200,round_score,27,50620
"bust_probability","max_probability=0.220000",200,round_score,28,46373
"bust_probability","max_probability=0.220000",200,round_score,29,45613
"bust_probability","max_probability=0.220000",200,round_score,30,42270
"bust_probability","max_probability=0.220000",200,round_score,31,36366
"bust_probability","max_probability=0.220000",200,round_score,32,29233
"bust_probability","max_probability=0.220000",200,round_score,33,27251
"bust_probability","max_probability=0.220000",200,round_score,34,18368
"bust_probability","max_probability=0.220000",200,round_score,35,15276
"bust_probability","max_probability=0.220000",200,round_score,36,13120
"bust_probability","max_probability=0.220000",200,round_score,37,10922
"bust_probability","max_probability=0.220000",200,round_score,38,9692
"bust_probability","max_probability=0.220000",200,round_score,39,7879
"bust_probability","max_probability=0.220000",200,round_score,40,7300
"bust_probability","max_probability=0.220000",200,round_score,41,5836
"bust_probability","max_probability=0.220000",200,round_score,42,5717
"bust_probability","max_probability=0.220000",200,round_score,43,4043
"bust_probability","max_probability=0.220000",200,round_score,44,4343
"bust_probability","max_probability=0.220000",200,round_score,45,2920
"bust_probability","max_probability=0.220000",200,round_score,46,4297
"bust_probability","max_probability=0.220000",200,round_score,47,2223
"bust_probability","max_probability=0.220000",200,round_score,48,3339
"bust_probability","max_probability=0.220000",200,round_score,49,1599
"bust_probability","max_probability=0.220000",200,round_score,50,3311
"bust_probability","max_probability=0.220000",200,round_score,51,1147
"bust_probability","max_probability=0.220000",200,round_score,52,2899
"bust_probability","max_probability=0.220000",200,round_score,53,861
"bust_probability","max_probability=0.220000",200,round_score,54,2849
"bust_probability","max_probability=0.220000",200,round_score,55,697
"bust_probability","max_probability=0.220000",200,round_score,56,2616
"bust_probability","max_probability=0.220000",200,round_score,57,585
"bust_probability","max_probability=0.220000",200,round_score,58,2569
"bust_probability","max_probability=0.220000",200,round_score,59,471
"bust_probability","max_probability=0.220000",200,round_score,60,2378
"bust_probability","max_probability=0.220000",200,round_score,61,487
"bust_probability","max_probability=0.220000",200,round_score,62,2226
"bust_probability","max_probability=0.220000",200,round_score,63,495
"bust_probability","max_probability=0.220000",200,round_score,64,1969
"bust_probability","max_probability=0.220000",200,round_score,65,534
"bust_probability","max_probability=0.220000",200,round_score,66,1935
"bust_probability","max_probability=0.220000",200,round_score,67,508
"bust_probability","max_probability=0.220000",200,round_score,68,1522
"bust_probability","max_probability=0.220000",200,round_score,69,471
"bust_probability","max_probability=0.220000",200,round_score,70,1457
"bust_probability","max_probability=0.220000",200,round_score,71,466
"bust_probability","max_probability=0.220000",200,round_score,72,1244
"bust_probability","max_probability=0.220000",200,round_score,73,429
"bust_probability","max_probability=0.220000",200,round_score,74,1100
"bust_probability","max_probability=0.220000",200,round_score,75,328
"bust_probability","max_probability=0.220000",200,round_score,76,917
"bust_probability","max_probability=0.220000",200,round_score,77,229
"bust_probability","max_probability=0.220000",200,round_score,78,793
"bust_probability","max_probability=0.220000",200,round_score,79,169
"bust_probability","max_probability=0.220000",200,round_score,80,615
"bust_probability","max_probability=0.220000",200,round_score,81,97
"bust_probability","max_probability=0.220000",200,round_score,82,504
"bust_probability","max_probability=0.220000",200,round_score,83,72
"bust_probability","max_probability=0.220000",200,round_score,84,466
"bust_probability","max_probability=0.220000",200,round_score,85,49
"bust_probability","max_probability=0.220000",200,round_score,86,357
"bust_probability","max_probability=0.220000",200,round_score,87,31
"bust_probability","max_probability=0.220000",200,round_score,88,297
"bust_probability","max_probability=0.220000",200,round_score,89,22
"bust_probability","max_probability=0.220000",200,round_score,90,239
"bust_probability","max_probability=0.220000",200,round_score,91,13
"bust_probability","max_probability=0.220000",200,round_score,92,227
"bust_probability","max_probability=0.220000",200,round_score,93,21
"bust_probability","max_probability=0.220000",200,round_score,94,214
"bust_probability","max_probability=0.220000",200,round_score,95,14
"bust_probability","max_probability=0.220000",200,round_score,96,182
"bust_probability","max_probability=0.220000",200,round_score,97,26
"bust_probability","max_probability=0.220000",200,round_score,98,148
"bust_probability","max_probability=0.220000",200,round_score,99,22
"bust_probability","max_probability=0.220000",200,round_score,100,138
"bust_probability","max_probability=0.220000",200,round_score,101,27
"bust_probability","max_probability=0.220000",200,round_score,102,96
"bust_probability","max_probability=0.220000",200,round_score,103,26
"bust_probability","max_probability=0.220000",200,round_score,104,101
"bust_probability","max_probability=0.220000",200,round_score,105,27
"bust_probability","max_probability=0.220000",200,round_score,106,69
"bust_probability","max_probability=0.220000",200,round_score,107,45
"bust_probability","max_probability=0.220000",200,round_score,108,72
"bust_probability","max_probability=0.220000",200,round_score,109,30
"bust_probability","max_probability=0.220000",200,round_score,110,59
"bust_probability","max_probability=0.220000",200,round_score,111,40
"bust_probability","max_probability=0.220000",200,round_score,112,44
"bust_probability","max_probability=0.220000",200,round_score,113,41
"bust_probability","max_probability=0.220000",200,round_score,114,49
"bust_probability","max_probability=0.220000",200,round_score,115,45
"bust_probability","max_probability=0.220000",200,round_score,116,24
"bust_probability","max_probability=0.220000",200,round_score,117,47
"bust_probability","max_probability=0.220000",200,round_score,118,23
"bust_probability","max_probability=0.220000",200,round_score,119,49
"bust_probability","max_probability=0.220000",200,round_score,120,23
"bust_probability","max_probability=0.220000",200,round_score,121,49
"bust_probability","max_probability=0.220000",200,round_score,122,25
"bust_probability","max_probability=0.220000",200,round_score,123,39
"bust_probability","max_probability=0.220000",200,round_score,124,13
"bust_probability","max_probability=0.220000",200,round_score,125,57
"bust_probability","max_probability=0.220000",200,round_score,126,11
"bust_probability","max_probability=0.220000",200,round_score,127,47
"bust_probability","max_probability=0.220000",200,round_score,128,5
"bust_probability","max_probability=0.220000",200,round_score,129,44
"bust_probability","max_probability=0.220000",200,round_score,130,7
"bust_probability","max_probability=0.220000",200,round_score,131,45
"bust_probability","max_probability=0.220000",200,round_score,132,4
"bust_probability","max_probability=0.220000",200,round_score,133,39
"bust_probability","max_probability=0.220000",200,round_score,134,3
"bust_probability","max_probability=0.220000",200,round_score,135,33
"bust_probability","max_probability=0.220000",200,round_score,136,3
"bust_probability","max_probability=0.220000",200,round_score,137,20
"bust_probability","max_probability=0.220000",200,round_score,138,1
"bust_probability","max_probability=0.220000",200,round_score,139,30
"bust_probability","max_probability=0.220000",200,round_score,140,2
"bust_probability","max_probability=0.220000",200,round_score,141,20
"bust_probability","max_probability=0.220000",200,round_score,143,14
"bust_probability","max_probability=0.220000",200,round_score,144,3
"bust_probability","max_probability=0.220000",200,round_score,145,19
"bust_probability","max_probability=0.220000",200,round_score,146,1
"bust_probability","max_probability=0.220000",200,round_score,147,15
"bust_probability","max_probability=0.220000",200,round_score,149,9
"bust_probability","max_probability=0.220000",200,round_score,151,16
"bust_probability","max_probability=0.220000",200,round_score,153,7
"bust_probability","max_probability=0.220000",200,round_score,155,3
"bust_probability","max_probability=0.220000",200,round_score,157,6
"bust_probability","max_probability=0.220000",200,round_score,159,6
"bust_probability","max_probability=0.220000",200,round_score,161,2
"bust_probability","max_probability=0.220000",200,round_score,163,1
"bust_probability","max_probability=0.220000",200,round_score,165,1
"bust_probability","max_probability=0.220000",200,round_score,167,1
"bust_probability","max_probability=0.220000",200,round_score,169,3
"bust_probability","max_probability=0.220000",200,round_score,177,2
"bust_probability","max_probability=0.220000",200,round_score,185,1
"bust_probability","max_probability=0.220000",200,round_end,bust,294963
"bust_probability","max_probability=0.220000",200,round_end,flip7,10869
"bust_probability","max_probability=0.220000",200,round_end,freeze,128386
"bust_probability","max_probability=0.220000",200,round_end,finish,629168
"bust_probability","max_probability=0.220000",200,round_end,deck_exhausted,0
"bust_probability","max_probability=0.220000",200,final_score,200,3440
"bust_probability","max_probability=0.220000",200,final_score,201,3478
"bust_probability","max_probability=0.220000",200,final_score,202,3314
"bust_probability","max_probability=0.220000",200,final_score,203,3415
"bust_probability","max_probability=0.220000",200,final_score,204,3331
"bust_probability","max_probability=0.220000",200,final_score,205,3333
"bust_probability","max_probability=0.220000",200,final_score,206,3413
"bust_probability","max_probability=0.220000",200,final_score,207,3353
"bust_probability","max_probability=0.220000",200,final_score,208,3258
"bust_probability","max_probability=0.220000",200,final_score,209,3327
"bust_probability","max_probability=0.220000",200,final_score,210,3221
"bust_probability","max_probability=0.220000",200,final_score,211,3205
"bust_probability","max_probability=0.220000",200,final_score,212,3262
"bust_probability","max_probability=0.220000",200,final_score,213,3255
"bust_probability","max_probability=0.220000",200,final_score,214,3163
"bust_probability","max_probability=0.220000",200,final_score,215,3214
"bust_probability","max_probability=0.220000",200,final_score,216,3118
"bust_probability","max_probability=0.220000",200,final_score,217,3086
"bust_probability","max_probability=0.220000",200,final_score,218,2989
"bust_probability","max_probability=0.220000",200,final_score,219,3044
"bust_probability","max_probability=0.220000",200,final_score,220,2823
"bust_probability","max_probability=0.220000",200,final_score,221,2769
"bust_probability","max_probability=0.220000",200,final_score,222,2600
"bust_probability","max_probability=0.220000",200,final_score,223,2419
"bust_probability","max_probability=0.220000",200,final_score,224,2279
"bust_probability","max_probability=0.220000",200,final_score,225,2175
"bust_probability","max_probability=0.220000",200,final_score,226,1950
"bust_probability","max_probability=0.220000",200,final_score,227,1732
"bust_probability","max_probability=0.220000",200,final_score,228,1632
"bust_probability","max_probability=0.220000",200,final_score,229,1334
"bust_probability","max_probability=0.220000",200,final_score,230,1184
"bust_probability","max_probability=0.220000",200,final_score,231,1028
"bust_probability","max_probability=0.220000",200,final_score,232,951
"bust_probability","max_probability=0.220000",200,final_score,233,782
"bust_probability","max_probability=0.220000",200,final_score,234,707
"bust_probability","max_probability=0.220000",200,final_score,235,634
"bust_probability","max_probability=0.220000",200,final_score,236,576
"bust_probability","max_probability=0.220000",200,final_score,237,514
"bust_probability","max_probability=0.220000",200,final_score,238,451
"bust_probability","max_probability=0.220000",200,final_score,239,416
"bust_probability","max_probability=0.220000",200,final_score,240,394
"bust_probability","max_probability=0.220000",200,final_score,241,371
"bust_probability","max_probability=0.220000",200,final_score,242,306
"bust_probability","max_probability=0.220000",200,final_score,243,292
"bust_probability","max_probability=0.220000",200,final_score,244,240
"bust_probability","max_probability=0.220000",200,final_score,245,226
"bust_probability","max_probability=0.220000",200,final_score,246,240
"bust_probability","max_probability=0.220000",200,final_score,247,207
"bust_probability","max_probability=0.220000",200,final_score,248,179
"bust_probability","max_probability=0.220000",200,final_score,249,198
"bust_probability","max_probability=0.220000",200,final_score,250,182
"bust_probability","max_probability=0.220000",200,final_score,251,164
"bust_probability","max_probability=0.220000",200,final_score,252,167
"bust_probability","max_probability=0.220000",200,final_score,253,166
"bust_probability","max_probability=0.220000",200,final_score,254,139
"bust_probability","max_probability=0.220000",200,final_score,255,141
"bust_probability","max_probability=0.220000",200,final_score,256,167
"bust_probability","max_probability=0.220000",200,final_score,257,129
"bust_probability","max_probability=0.220000",200,final_score,258,129
"bust_probability","max_probability=0.220000",200,final_score,259,113
"bust_probability","max_probability=0.220000",200,final_score,260,123
"bust_probability","max_probability=0.220000",200,final_score,261,120
"bust_probability","max_probability=0.220000",200,final_score,262,94
"bust_probability","max_probability=0.220000",200,final_score,263,96
"bust_probability","max_probability=0.220000",200,final_score,264,75
"bust_probability","max_probability=0.220000",200,final_score,265,97
"bust_probability","max_probability=0.220000",200,final_score,266,55
"bust_probability","max_probability=0.220000",200,final_score,267,80
"bust_probability","max_probability=0.220000",200,final_score,268,67
"bust_probability","max_probability=0.220000",200,final_score,269,58
"bust_probability","max_probability=0.220000",200,final_score,270,62
"bust_probability","max_probability=0.220000",200,final_score,271,56
"bust_probability","max_probability=0.220000",200,final_score,272,42
"bust_probability","max_probability=0.220000",200,final_score,273,51
"bust_probability","max_probability=0.220000",200,final_score,274,33
"bust_probability","max_probability=0.220000",200,final_score,275,36
"bust_probability","max_probability=0.220000",200,final_score,276,32
"bust_probability","max_probability=0.220000",200,final_score,277,38
"bust_probability","max_probability=0.220000",200,final_score,278,25
"bust_probability","max_probability=0.220000",200,final_score,279,37
"bust_probability","max_probability=0.220000",200,final_score,280,16
"bust_probability","max_probability=0.220000",200,final_score,281,18
"bust_probability","max_probability=0.220000",200,final_score,282,21
"bust_probability","max_probability=0.220000",200,final_score,283,15
"bust_probability","max_probability=0.220000",200,final_score,284,8
"bust_probability","max_probability=0.220000",200,final_score,285,16
"bust_probability","max_probability=0.220000",200,final_score,286,16
"bust_probability","max_probability=0.220000",200,final_score,287,18
"bust_probability","max_probability=0.220000",200,final_score,288,15
"bust_probability","max_probability=0.220000",200,final_score,289,17
"bust_probability","max_probability=0.220000",200,final_score,290,6
"bust_probability","max_probability=0.220000",200,final_score,291,11
"bust_probability","max_probability=0.220000",200,final_score,292,10
"bust_probability","max_probability=0.220000",200,final_score,293,14
"bust_probability","max_probability=0.220000",200,final_score,294,12
"bust_probability","max_probability=0.220000",200,final_score,295,9
"bust_probability","max_probability=0.220000",200,final_score,296,8
"bust_probability","max_probability=0.220000",200,final_score,297,13
"bust_probability","max_probability=0.220000",200,final_score,298,10
"bust_probability","max_probability=0.220000",200,final_score,299,12
"bust_probability","max_probability=0.220000",200,final_score,300,4
"bust_probability","max_probability=0.220000",200,final_score,301,9
"bust_probability","max_probability=0.220000",200,final_score,302,5
"bust_probability","max_probability=0.220000",200,final_score,303,9
"bust_probability","max_probability=0.220000",200,final_score,304,6
"bust_probability","max_probability=0.220000",200,final_score,305,5
"bust_probability","max_probability=0.220000",200,final_score,306,3
"bust_probability","max_probability=0.220000",200,final_score,307,5
"bust_probability","max_probability=0.220000",200,final_score,308,11
"bust_probability","max_probability=0.220000",200,final_score,309,7
"bust_probability","max_probability=0.220000",200,final_score,310,7
"bust_probability","max_probability=0.220000",200,final_score,311,5
"bust_probability","max_probability=0.220000",200,final_score,312,2
"bust_probability","max_probability=0.220000",200,final_score,313,4
"bust_probability","max_probability=0.220000",200,final_score,314,3
"bust_probability","max_probability=0.220000",200,final_score,315,3
"bust_probability","max_probability=0.220000",200,final_score,316,2
"bust_probability","max_probability=0.220000",200,final_score,317,4
"bust_probability","max_probability=0.220000",200,final_score,318,4
"bust_probability","max_probability=0.220000",200,final_score,319,1
"bust_probability","max_probability=0.220000",200,final_score,320,3
"bust_probability","max_probability=0.220000",200,final_score,321,2
"bust_probability","max_probability=0.220000",200,final_score,322,1
"bust_probability","max_probability=0.220000",200,final_score,323,1
"bust_probability","max_probability=0.220000",200,final_score,324,1
"bust_probability","max_probability=0.220000",200,final_score,325,3
"bust_probability","max_probability=0.220000",200,final_score,326,2
"bust_probability","max_probability=0.220000",200,final_score,327,1
"bust_probability","max_probability=0.220000",200,final_score,329,4
"bust_probability","max_probability=0.220000",200,final_score,331,1
"bust_probability","max_probability=0.220000",200,final_score,332,1
"bust_probability","max_probability=0.220000",200,final_score,333,1
"bust_probability","max_probability=0.220000",200,final_score,334,1
"bust_probability","max_probability=0.220000",200,final_score,336,3
"bust_probability","max_probability=0.220000",200,final_score,338,1
"bust_probability","max_probability=0.220000",200,final_score,339,1
"bust_probability","max_probability=0.220000",200,final_score,340,1
"bust_probability","max_probability=0.220000",200,final_score,342,1
"bust_probability","max_probability=0.220000",200,final_score,343,1
"bust_probability","max_probability=0.220000",200,final_score,345,1
"bust_probability","max_probability=0.220000",200,final_score,358,1
"bust_probability","max_probability=0.220000",200,final_score,363,1
"bust_probability","max_probability=0.220000",200,final_score,372,1
"bust_probability","max_probability=0.230000",200,round_score,0,352999
"bust_probability","max_probability=0.230000",200,round_score,1,418
"bust_probability","max_probability=0.230000",200,round_score,2,1291
"bust_probability","max_probability=0.230000",200,round_score,3,1311
"bust_probability","max_probability=0.230000",200,round_score,4,2144
"bust_probability","max_probability=0.230000",200,round_score,5,2244
"bust_probability","max_probability=0.230000",200,round_score,6,3235
"bust_probability","max_probability=0.230000",200,round_score,7,3268
"bust_probability","max_probability=0.230000",200,round_score,8,4341
"bust_probability","max_probability=0.230000",200,round_score,9,4499
"bust_probability","max_probability=0.230000",200,round_score,10,5480
"bust_probability","max_probability=0.230000",200,round_score,11,6098
"bust_probability","max_probability=0.230000",200,round_score,12,6995
"bust_probability","max_probability=0.230000",200,round_score,13,2331
"bust_probability","max_probability=0.230000",200,round_score,14,2807
"bust_probability","max_probability=0.230000",200,round_score,15,3214
"bust_probability","max_probability=0.230000",200,round_score,16,3725
"bust_probability","max_probability=0.230000",200,round_score,17,4296
"bust_probability","max_probability=0.230000",200,round_score,18,4958
"bust_probability","max_probability=0.230000",200,round_score,19,6841
"bust_probability","max_probability=0.230000",200,round_score,20,7860
"bust_probability","max_probability=0.230000",200,round_score,21,13620
"bust_probability","max_probability=0.230000",200,round_score,22,15672
"bust_probability","max_probability=0.230000",200,round_score,23,27916
"bust_probability","max_probability=0.230000",200,round_score,24,26467
"bust_probability","max_probability=0.230000",200,round_score,25,36817
"bust_probability","max_probability=0.230000",200,round_score,26,42549
"bust_probability","max_probability=0.230000",200,round_score,27,49721
"bust_probability","max_probability=0.230000",200,round_score,28,47198
"bust_probability","max_probability=0.230000",200,round_score,29,47210
"bust_probability","max_probability=0.230000",200,round_score,30,44998
"bust_probability","max_probability=0.230000",200,round_score,31,39314
"bust_probability","max_probability=0.230000",200,round_score,32,32565
"bust_probability","max_probability=0.230000",200,round_score,33,31327
"bust_probability","max_probability=0.230000",200,round_score,34,21277
"bust_probability","max_probability=0.230000",200,round_score,35,18119
"bust_probability","max_probability=0.230000",200,round_score,36,15660
"bust_probability","max_probability=0.230000",200,round_score,37,12840
"bust_probability","max_probability=0.230000",200,round_score,38,11202
"bust_probability","max_probability=0.230000",200,round_score,39,9089
"bust_probability","max_probability=0.230000",200,round_score,40,8178
"bust_probability","max_probability=0.230000",200,round_score,41,6697
"bust_probability","max_probability=0.230000",200,round_score,42,6171
"bust_probability","max_probability=0.230000",200,round_score,43,4752
"bust_probability","max_probability=0.230000",200,round_score,44,4524
"bust_probability","max_probability=0.230000",200,round_score,45,3415
"bust_probability","max_probability=0.230000",200,round_score,46,4137
"bust_probability","max_probability=0.230000",200,round_score,47,2469
"bust_probability","max_probability=0.230000",200,round_score,48,3223
"bust_probability","max_probability=0.230000",200,round_score,49,1766
"bust_probability","max_probability=0.230000",200,round_score,50,3279
"bust_probability","max_probability=0.230000",200,round_score,51,1281
"bust_probability","max_probability=0.230000",200,round_score,52,2916
"bust_probability","max_probability=0.230000",200,round_score,53,943
"bust_probability","max_probability=0.230000",200,round_score,54,2886
"bust_probability","max_probability=0.230000",200,round_score,55,742
"bust_probability","max_probability=0.230000",200,round_score,56,2677
"bust_probability","max_probability=0.230000",200,round_score,57,619
"bust_probability","max_probability=0.230000",200,round_score,58,2695
"bust_probability","max_probability=0.230000",200,round_score,59,494
"bust_probability","max_probability=0.230000",200,round_score,60,2547
"bust_probability","max_probability=0.230000",200,round_score,61,509
"bust_probability","max_probability=0.230000",200,round_score,62,2425
"bust_probability","max_probability=0.230000",200,round_score,63,501
"bust_probability","max_probability=0.230000",200,round_score,64,2162
"bust_probability","max_probability=0.230000",200,round_score,65,560
"bust_probability","max_probability=0.230000",200,round_score,66,2143
"bust_probability","max_probability=0.230000",200,round_score,67,540
"bust_probability","max_probability=0.230000",200,round_score,68,1738
"bust_probability","max_probability=0.230000",200,round_score,69,511
"bust_probability","max_probability=0.230000",200,round_score,70,1695
"bust_probability","max_probability=0.230000",200,round_score,71,496
"bust_probability","max_probability=0.230000",200,round_score,72,1442
"bust_probability","max_probability=0.230000",200,round_score,73,438
"bust_probability","max_probability=0.230000",200,round_score,74,1230
"bust_probability","max_probability=0.230000",200,round_score,75,340
"bust_probability","max_probability=0.230000",200,round_score,76,1016
"bust_probability","max_probability=0.230000",200,round_score,77,243
"bust_probability","max_probability=0.230000",200,round_score,78,881
"bust_probability","max_probability=0.230000",200,round_score,79,174
"bust_probability","max_probability=0.230000",200,round_score,80,695
"bust_probability","max_probability=0.230000",200,round_score,81,102
"bust_probability","max_probability=0.230000",200,round_score,82,546
"bust_probability","max_probability=0.230000",200,round_score,83,73
"bust_probability","max_probability=0.230000",200,round_score,84,515
"bust_probability","max_probability=0.230000",200,round_score,85,46
"bust_probability","max_probability=0.230000",200,round_score,86,414
"bust_probability","max_probability=0.230000",200,round_score,87,34
"bust_probability","max_probability=0.230000",200,round_score,88,344
"bust_probability","max_probability=0.230000",200,round_score,89,22
"bust_probability","max_probability=0.230000",200,round_score,90,265
"bust_probability","max_probability=0.230000",200,round_score,91,15
"bust_probability","max_probability=0.230000",200,round_score,92,253
"bust_probability","max_probability=0.230000",200,round_score,93,22
"bust_probability","max_probability=0.230000",200,round_score,94,258
"bust_probability","max_probability=0.230000",200,round_score,95,17
"bust_probability","max_probability=0.230000",200,round_score,96,192
"bust_probability","max_probability=0.230000",200,round_score,97,26
"bust_probability","max_probability=0.230000",200,round_score,98,149
"bust_probability","max_probability=0.230000",200,round_score,99,21
"bust_probability","max_probability=0.230000",200,round_score,100,143
"bust_probability","max_probability=0.230000",200,round_score,101,29
"bust_probability","max_probability=0.230000",200,round_score,102,114
"bust_probability","max_probability=0.230000",200,round_score,103,29
"bust_probability","max_probability=0.230000",200,round_score,104,111
"bust_probability","max_probability=0.230000",200,round_score,105,24
"bust_probability","max_probability=0.230000",200,round_score,106,76
"bust_probability","max_probability=0.230000",200,round_score,107,42
"bust_probability","max_probability=0.230000",200,round_score,108,76
"bust_probability","max_probability=0.230000",200,round_score,109,31
"bust_probability","max_probability=0.230000",200,round_score,110,68
"bust_probability","max_probability=0.230000",200,round_score,111,42
"bust_probability","max_probability=0.230000",200,round_score,112,49
"bust_probability","max_probability=0.230000",200,round_score,113,44
"bust_probability","max_probability=0.230000",200,round_score,114,46
"bust_probability","max_probability=0.230000",200,round_score,115,49
"bust_probability","max_probability=0.230000",200,round_score,116,24
"bust_probability","max_probability=0.230000",200,round_score,117,48
"bust_probability","max_probability=0.230000",200,round_score,118,26
"bust_probability","max_probability=0.230000",200,round_score,119,54
"bust_probability","max_probability=0.230000",200,round_score,120,23
"bust_probability","max_probability=0.230000",200,round_score,121,54
"bust_probability","max_probability=0.230000",200,round_score,122,26
"bust_probability","max_probability=0.230000",200,round_score,123,48
"bust_probability","max_probability=0.230000",200,round_score,124,15
"bust_probability","max_probability=0.230000",200,round_score,125,59
"bust_probability","max_probability=0.230000",200,round_score,126,10
"bust_probability","max_probability=0.230000",200,round_score,127,50
"bust_probability","max_probability=0.230000",200,round_score,128,7
"bust_probability","max_probability=0.230000",200,round_score,129,48
"bust_probability","max_probability=0.230000",200,round_score,130,8
"bust_probability","max_probability=0.230000",200,round_score,131,48
"bust_probability","max_probability=0.230000",200,round_score,132,6
"bust_probability","max_probability=0.230000",200,round_score,133,41
"bust_probability","max_probability=0.230000",200,round_score,134,3
"bust_probability","max_probability=0.230000",200,round_score,135,34
"bust_probability","max_probability=0.230000",200,round_score,136,3
"bust_probability","max_probability=0.230000",200,round_score,137,20
"bust_probability","max_probability=0.230000",200,round_score,138,1
"bust_probability","max_probability=0.230000",200,round_score,139,31
"bust_probability","max_probability=0.230000",200,round_score,140,2
"bust_probability","max_probability=0.230000",200,round_score,141,22
"bust_probability","max_probability=0.230000",200,round_score,143,14
"bust_probability","max_probability=0.230000",200,round_score,144,3
"bust_probability","max_probability=0.230000",200,round_score,145,19
"bust_probability","max_probability=0.230000",200,round_score,147,13
"bust_probability","max_probability=0.230000",200,round_score,149,10
"bust_probability","max_probability=0.230000",200,round_score,151,10
"bust_probability","max_probability=0.230000",200,round_score,153,7
"bust_probability","max_probability=0.230000",200,round_score,155,5
"bust_probability","max_probability=0.230000",200,round_score,157,6
"bust_probability","max_probability=0.230000",200,round_score,159,6
"bust_probability","max_probability=0.230000",200,round_score,161,3
"bust_probability","max_probability=0.230000",200,round_score,163,2
"bust_probability","max_probability=0.230000",200,round_score,165,1
"bust_probability","max_probability=0.230000",200,round_score,167,1
"bust_probability","max_probability=0.230000",200,round_score,169,1
"bust_probability","max_probability=0.230000",200,round_score,177,2
"bust_probability","max_probability=0.230000",200,round_score,185,1
"bust_probability","max_probability=0.230000",200,round_end,bust,316976
"bust_probability","max_probability=0.230000",200,round_end,flip7,11458
"bust_probability","max_probability=0.230000",200,round_end,freeze,131967
"bust_probability","max_probability=0.230000",200,round_end,finish,604767
"bust_probability","max_probability=0.230000",200,round_end,deck_exhausted,0
"bust_probability","max_probability=0.230000",200,final_score,188,1
"bust_probability","max_probability=0.230000",200,final_score,200,3333
"bust_probability","max_probability=0.230000",200,final_score,201,3432
"bust_probability","max_probability=0.230000",200,final_score,202,3231
"bust_probability","max_probability=0.230000",200,final_score,203,3251
"bust_probability","max_probability=0.230000",200,final_score,204,3243
"bust_probability","max_probability=0.230000",200,final_score,205,3290
"bust_probability","max_probability=0.230000",200,final_score,206,3284
"bust_probability","max_probability=0.230000",200,final_score,207,3253
"bust_probability","max_probability=0.230000",200,final_score,208,3076
"bust_probability","max_probability=0.230000",200,final_score,209,3216
"bust_probability","max_probability=0.230000",200,final_score,210,3261
"bust_probability","max_probability=0.230000",200,final_score,211,3115
"bust_probability","max_probability=0.230000",200,final_score,212,3145
"bust_probability","max_probability=0.230000",200,final_score,213,3162
"bust_probability","max_probability=0.230000",200,final_score,214,3062
"bust_probability","max_probability=0.230000",200,final_score,215,3185
"bust_probability","max_probability=0.230000",200,final_score,216,3016
"bust_probability","max_probability=0.230000",200,final_score,217,3021
"bust_probability","max_probability=0.230000",200,final_score,218,2990
"bust_probability","max_probability=0.230000",200,final_score,219,2977
"bust_probability","max_probability=0.230000",200,final_score,220,2821
"bust_probability","max_probability=0.230000",200,final_score,221,2666
"bust_probability","max_probability=0.230000",200,final_score,222,2563
"bust_probability","max_probability=0.230000",200,final_score,223,2495
"bust_probability","max_probability=0.230000",200,final_score,224,2343
"bust_probability","max_probability=0.230000",200,final_score,225,2153
"bust_probability","max_probability=0.230000",200,final_score,226,2010
"bust_probability","max_probability=0.230000",200,final_score,227,1881
"bust_probability","max_probability=0.230000",200,final_score,228,1730
"bust_probability","max_probability=0.230000",200,final_score,229,1488
"bust_probability","max_probability=0.230000",200,final_score,230,1332
"bust_probability","max_probability=0.230000",200,final_score,231,1088
"bust_probability","max_probability=0.230000",200,final_score,232,1006
"bust_probability","max_probability=0.230000",200,final_score,233,894
"bust_probability","max_probability=0.230000",200,final_score,234,778
"bust_probability","max_probability=0.230000",200,final_score,235,693
"bust_probability","max_probability=0.230000",200,final_score,236,619
"bust_probability","max_probability=0.230000",200,final_score,237,544
"bust_probability","max_probability=0.230000",200,final_score,238,521
"bust_probability","max_probability=0.230000",200,final_score,239,426
"bust_probability","max_probability=0.230000",200,final_score,240,425
"bust_probability","max_probability=0.230000",200,final_score,241,395
"bust_probability","max_probability=0.230000",200,final_score,242,330
"bust_probability","max_probability=0.230000",200,final_score,243,316
"bust_probability","max_probability=0.230000",200,final_score,244,281
"bust_probability","max_probability=0.230000",200,final_score,245,233
"bust_probability","max_probability=0.230000",200,final_score,246,279
"bust_probability","max_probability=0.230000",200,final_score,247,226
"bust_probability","max_probability=0.230000",200,final_score,248,218
"bust_probability","max_probability=0.230000",200,final_score,249,217
"bust_probability","max_probability=0.230000",200,final_score,250,203
"bust_probability","max_probability=0.230000",200,final_score,251,190
"bust_probability","max_probability=0.230000",200,final_score,252,176
"bust_probability","max_probability=0.230000",200,final_score,253,176
"bust_probability","max_probability=0.230000",200,final_score,254,126
"bust_probability","max_probability=0.230000",200,final_score,255,167
"bust_probability","max_probability=0.230000",200,final_score,256,172
"bust_probability","max_probability=0.230000",200,final_score,257,138
"bust_probability","max_probability=0.230000",200,final_score,258,115
"bust_probability","max_probability=0.230000",200,final_score,259,116
"bust_probability","max_probability=0.230000",200,final_score,260,134
"bust_probability","max_probability=0.230000",200,final_score,261,128
"bust_probability","max_probability=0.230000",200,final_score,262,108
"bust_probability","max_probability=0.230000",200,final_score,263,117
"bust_probability","max_probability=0.230000",200,final_score,264,93
"bust_probability","max_probability=0.230000",200,final_score,265,105
"bust_probability","max_probability=0.230000",200,final_score,266,81
"bust_probability","max_probability=0.230000",200,final_score,267,93
"bust_probability","max_probability=0.230000",200,final_score,268,67
"bust_probability","max_probability=0.230000",200,final_score,269,73
"bust_probability","max_probability=0.230000",200,final_score,270,66
"bust_probability","max_probability=0.230000",200,final_score,271,50
"bust_probability","max_probability=0.230000",200,final_score,272,49
"bust_probability","max_probability=0.230000",200,final_score,273,52
"bust_probability","max_probability=0.230000",200,final_score,274,39
"bust_probability","max_probability=0.230000",200,final_score,275,37
"bust_probability","max_probability=0.230000",200,final_score,276,35
"bust_probability","max_probability=0.230000",200,final_score,277,40
"bust_probability","max_probability=0.230000",200,final_score,278,32
"bust_probability","max_probability=0.230000",200,final_score,279,38
"bust_probability","max_probability=0.230000",200,final_score,280,20
"bust_probability","max_probability=0.230000",200,final_score,281,27
"bust_probability","max_probability=0.230000",200,final_score,282,23
"bust_probability","max_probability=0.230000",200,final_score,283,24
"bust_probability","max_probability=0.230000",200,final_score,284,13
"bust_probability","max_probability=0.230000",200,final_score,285,17
"bust_probability","max_probability=0.230000",200,final_score,286,23
"bust_probability","max_probability=0.230000",200,final_score,287,16
"bust_probability","max_probability=0.230000",200,final_score,288,23
"bust_probability","max_probability=0.230000",200,final_score,289,23
"bust_probability","max_probability=0.230000",200,final_score,290,16
"bust_probability","max_probability=0.230000",200,final_score,291,17
"bust_probability","max_probability=0.230000",200,final_score,292,12
"bust_probability","max_probability=0.230000",200,final_score,293,17
"bust_probability","max_probability=0.230000",200,final_score,294,12
"bust_probability","max_probability=0.230000",200,final_score,295,17
"bust_probability","max_probability=0.230000",200,final_score,296,7
"bust_probability","max_probability=0.230000",200,final_score,297,11
"bust_probability","max_probability=0.230000",200,final_score,298,9
"bust_probability","max_probability=0.230000",200,final_score,299,12
"bust_probability","max_probability=0.230000",200,final_score,300,5
"bust_probability","max_probability=0.230000",200,final_score,301,9
"bust_probability","max_probability=0.230000",200,final_score,302,4
"bust_probability","max_probability=0.230000",200,final_score,303,9
"bust_probability","max_probability=0.230000",200,final_score,304,7
"bust_probability","max_probability=0.230000",200,final_score,305,6
"bust_probability","max_probability=0.230000",200,final_score,306,3
"bust_probability","max_probability=0.230000",200,final_score,307,4
"bust_probability","max_probability=0.230000",200,final_score,308,10
"bust_probability","max_probability=0.230000",200,final_score,309,3
"bust_probability","max_probability=0.230000",200,final_score,310,7
"bust_probability","max_probability=0.230000",200,final_score,311,7
"bust_probability","max_probability=0.230000",200,final_score,312,5
"bust_probability","max_probability=0.230000",200,final_score,313,5
"bust_probability","max_probability=0.230000",200,final_score,314,5
"bust_probability","max_probability=0.230000",200,final_score,315,3
"bust_probability","max_probability=0.230000",200,final_score,317,5
"bust_probability","max_probability=0.230000",200,final_score,318,2
"bust_probability","max_probability=0.230000",200,final_score,319,1
"bust_probability","max_probability=0.230000",200,final_score,320,2
"bust_probability","max_probability=0.230000",200,final_score,321,2
"bust_probability","max_probability=0.230000",200,final_score,322,2
"bust_probability","max_probability=0.230000",200,final_score,323,3
"bust_probability","max_probability=0.230000",200,final_score,324,3
"bust_probability","max_probability=0.230000",200,final_score,325,2
"bust_probability","max_probability=0.230000",200,final_score,327,1
"bust_probability","max_probability=0.230000",200,final_score,328,1
"bust_probability","max_probability=0.230000",200,final_score,330,1
"bust_probability","max_probability=0.230000",200,final_score,331,2
"bust_probability","max_probability=0.230000",200,final_score,332,1
"bust_probability","max_probability=0.230000",200,final_score,336,2
"bust_probability","max_probability=0.230000",200,final_score,338,1
"bust_probability","max_probability=0.230000",200,final_score,340,2
"bust_probability","max_probability=0.230000",200,final_score,343,1
"bust_probability","max_probability=0.230000",200,final_score,353,1
"bust_probability","max_probability=0.230000",200,final_score,358,1
"bust_probability","max_probability=0.230000",200,final_score,363,1
"bust_probability","max_probability=0.230000",200,final_score,372,1
"bust_probability","max_probability=0.240000",200,round_score,0,376599
"bust_probability","max_probability=0.240000",200,round_score,1,411
"bust_probability","max_probability=0.240000",200,round_score,2,1286
"bust_probability","max_probability=0.240000",200,round_score,3,1333
"bust_probability","max_probability=0.240000",200,round_score,4,2170
"bust_probability","max_probability=0.240000",200,round_score,5,2234
"bust_probability","max_probability=0.240000",200,round_score,6,3223
"bust_probability","max_probability=0.240000",200,round_score,7,3296
"bust_probability","max_probability=0.240000",200,round_score,8,4372
"bust_probability","max_probability=0.240000",200,round_score,9,4501
"bust_probability","max_probability=0.240000",200,round_score,10,5586
"bust_probability","max_probability=0.240000",200,round_score,11,6131
"bust_probability","max_probability=0.240000",200,round_score,12,7017
"bust_probability","max_probability=0.240000",200,round_score,13,2347
"bust_probability","max_probability=0.240000",200,round_score,14,2818
"bust_probability","max_probability=0.240000",200,round_score,15,3273
"bust_probability","max_probability=0.240000",200,round_score,16,3641
"bust_probability","max_probability=0.240000",200,round_score,17,4100
"bust_probability","max_probability=0.240000",200,round_score,18,4542
"bust_probability","max_probability=0.240000",200,round_score,19,5760
"bust_probability","max_probability=0.240000",200,round_score,20,6230
"bust_probability","max_probability=0.240000",200,round_score,21,9766
"bust_probability","max_probability=0.240000",200,round_score,22,10836
"bust_probability","max_probability=0.240000",200,round_score,23,18543
"bust_probability","max_probability=0.240000",200,round_score,24,15935
"bust_probability","max_probability=0.240000",200,round_score,25,28915
"bust_probability","max_probability=0.240000",200,round_score,26,37667
"bust_probability","max_probability=0.240000",200,round_score,27,46427
"bust_probability","max_probability=0.240000",200,round_score,28,46175
"bust_probability","max_probability=0.240000",200,round_score,29,47567
"bust_probability","max_probability=0.240000",200,round_score,30,46403
"bust_probability","max_probability=0.240000",200,round_score,31,41270
"bust_probability","max_probability=0.240000",200,round_score,32,34947
"bust_probability","max_probability=0.240000",200,round_score,33,34607
"bust_probability","max_probability=0.240000",200,round_score,34,24010
"bust_probability","max_probability=0.240000",200,round_score,35,20920
"bust_probability","max_probability=0.240000",200,round_score,36,18652
"bust_probability","max_probability=0.240000",200,round_score,37,15115
"bust_probability","max_probability=0.240000",200,round_score,38,13124
"bust_probability","max_probability=0.240000",200,round_score,39,10634
"bust_probability","max_probability=0.240000",200,round_score,40,9280
"bust_probability","max_probability=0.240000",200,round_score,41,7696
"bust_probability","max_probability=0.240000",200,round_score,42,6894
"bust_probability","max_probability=0.240000",200,round_score,43,5438
"bust_probability","max_probability=0.240000",200,round_score,44,4905
"bust_probability","max_probability=0.240000",200,round_score,45,3876
"bust_probability","max_probability=0.240000",200,round_score,46,4160
"bust_probability","max_probability=0.240000",200,round_score,47,2729
"bust_probability","max_probability=0.240000",200,round_score,48,3165
"bust_probability","max_probability=0.240000",200,round_score,49,1978
"bust_probability","max_probability=0.240000",200,round_score,50,3165
"bust_probability","max_probability=0.240000",200,round_score,51,1400
"bust_probability","max_probability=0.240000",200,round_score,52,2809
"bust_probability","max_probability=0.240000",200,round_score,53,1051
"bust_probability","max_probability=0.240000",200,round_score,54,2901
"bust_probability","max_probability=0.240000",200,round_score,55,799
"bust_probability","max_probability=0.240000",200,round_score,56,2681
"bust_probability","max_probability=0.240000",200,round_score,57,671
"bust_probability","max_probability=0.240000",200,round_score,58,2746
"bust_probability","max_probability=0.240000",200,round_score,59,546
"bust_probability","max_probability=0.240000",200,round_score,60,2655
"bust_probability","max_probability=0.240000",200,round_score,61,536
"bust_probability","max_probability=0.240000",200,round_score,62,2565
"bust_probability","max_probability=0.240000",200,round_score,63,538
"bust_probability","max_probability=0.240000",200,round_score,64,2321
"bust_probability","max_probability=0.240000",200,round_score,65,583
"bust_probability","max_probability=0.240000",200,round_score,66,2343
"bust_probability","max_probability=0.240000",200,round_score,67,588
"bust_probability","max_probability=0.240000",200,round_score,68,1920
"bust_probability","max_probability=0.240000",200,round_score,69,541
"bust_probability","max_probability=0.240000",200,round_score,70,1887
"bust_probability","max_probability=0.240000",200,round_score,71,526
"bust_probability","max_probability=0.240000",200,round_score,72,1692
"bust_probability","max_probability=0.240000",200,round_score,73,435
"bust_probability","max_probability=0.240000",200,round_score,74,1361
"bust_probability","max_probability=0.240000",200,round_score,75,364
"bust_probability","max_probability=0.240000",200,round_score,76,1167
"bust_probability","max_probability=0.240000",200,round_score,77,262
"bust_probability","max_probability=0.240000",200,round_score,78,985
"bust_probability","max_probability=0.240000",200,round_score,79,188
"bust_probability","max_probability=0.240000",200,round_score,80,773
"bust_probability","max_probability=0.240000",200,round_score,81,108
"bust_probability","max_probability=0.240000",200,round_score,82,604
"bust_probability","max_probability=0.240000",200,round_score,83,86
"bust_probability","max_probability=0.240000",200,round_score,84,558
"bust_probability","max_probability=0.240000",200,round_score,85,50
"bust_probability","max_probability=0.240000",200,round_score,86,473
"bust_probability","max_probability=0.240000",200,round_score,87,36
"bust_probability","max_probability=0.240000",200,round_score,88,400
"bust_probability","max_probability=0.240000",200,round_score,89,21
"bust_probability","max_probability=0.240000",200,round_score,90,320
"bust_probability","max_probability=0.240000",200,round_score,91,17
"bust_probability","max_probability=0.240000",200,round_score,92,299
"bust_probability","max_probability=0.240000",200,round_score,93,23
"bust_probability","max_probability=0.240000",200,round_score,94,280
"bust_probability","max_probability=0.240000",200,round_score,95,15
"bust_probability","max_probability=0.240000",200,round_score,96,219
"bust_probability","max_probability=0.240000",200,round_score,97,25
"bust_probability","max_probability=0.240000",200,round_score,98,162
"bust_probability","max_probability=0.240000",200,round_score,99,24
"bust_probability","max_probability=0.240000",200,round_score,100,149
"bust_probability","max_probability=0.240000",200,round_score,101,29
"bust_probability","max_probability=0.240000",200,round_score,102,131
"bust_probability","max_probability=0.240000",200,round_score,103,27
"bust_probability","max_probability=0.240000",200,round_score,104,132
"bust_probability","max_probability=0.240000",200,round_score,105,23
"bust_probability","max_probability=0.240000",200,round_score,106,83
"bust_probability","max_probability=0.240000",200,round_score,107,44
"bust_probability","max_probability=0.240000",200,round_score,108,77
"bust_probability","max_probability=0.240000",200,round_score,109,38
"bust_probability","max_probability=0.240000",200,round_score,110,81
"bust_probability","max_probability=0.240000",200,round_score,111,43
"bust_probability","max_probability=0.240000",200,round_score,112,56
"bust_probability","max_probability=0.240000",200,round_score,113,48
"bust_probability","max_probability=0.240000",200,round_score,114,53
"bust_probability","max_probability=0.240000",200,round_score,115,50
"bust_probability","max_probability=0.240000",200,round_score,116,26
"bust_probability","max_probability=0.240000",200,round_score,117,47
"bust_probability","max_probability=0.240000",200,round_score,118,31
"bust_probability","max_probability=0.240000",200,round_score,119,55
"bust_probability","max_probability=0.240000",200,round_score,120,30
"bust_probability","max_probability=0.240000",200,round_score,121,57
"bust_probability","max_probability=0.240000",200,round_score,122,29
"bust_probability","max_probability=0.240000",200,round_score,123,52
"bust_probability","max_probability=0.240000",200,round_score,124,17
"bust_probability","max_probability=0.240000",200,round_score,125,59
"bust_probability","max_probability=0.240000",200,round_score,126,12
"bust_probability","max_probability=0.240000",200,round_score,127,52
"bust_probability","max_probability=0.240000",200,round_score,128,7
"bust_probability","max_probability=0.240000",200,round_score,129,50
"bust_probability","max_probability=0.240000",200,round_score,130,8
"bust_probability","max_probability=0.240000",200,round_score,131,47
"bust_probability","max_probability=0.240000",200,round_score,132,6
"bust_probability","max_probability=0.240000",200,round_score,133,42
"bust_probability","max_probability=0.240000",200,round_score,134,2
"bust_probability","max_probability=0.240000",200,round_score,135,33
"bust_probability","max_probability=0.240000",200,round_score,136,2
"bust_probability","max_probability=0.240000",200,round_score,137,20
"bust_probability","max_probability=0.240000",200,round_score,138,2
"bust_probability","max_probability=0.240000",200,round_score,139,34
"bust_probability","max_probability=0.240000",200,round_score,140,2
"bust_probability","max_probability=0.240000",200,round_score,141,27
"bust_probability","max_probability=0.240000",200,round_score,143,14
"bust_probability","max_probability=0.240000",200,round_score,144,3
"bust_probability","max_probability=0.240000",200,round_score,145,20
"bust_probability","max_probability=0.240000",200,round_score,147,14
"bust_probability","max_probability=0.240000",200,round_score,149,11
"bust_probability","max_probability=0.240000",200,round_score,151,12
"bust_probability","max_probability=0.240000",200,round_score,153,6
"bust_probability","max_probability=0.240000",200,round_score,155,7
"bust_probability","max_probability=0.240000",200,round_score,157,8
"bust_probability","max_probability=0.240000",200,round_score,159,4
"bust_probability","max_probability=0.240000",200,round_score,161,2
"bust_probability","max_probability=0.240000",200,round_score,163,2
"bust_probability","max_probability=0.240000",200,round_score,165,2
"bust_probability","max_probability=0.240000",200,round_score,167,1
"bust_probability","max_probability=0.240000",200,round_score,169,2
"bust_probability","max_probability=0.240000",200,round_score,177,2
"bust_probability","max_probability=0.240000",200,round_score,185,1
"bust_probability","max_probability=0.240000",200,round_end,bust,340292
"bust_probability","max_probability=0.240000",200,round_end,flip7,12166
"bust_probability","max_probability=0.240000",200,round_end,freeze,135913
"bust_probability","max_probability=0.240000",200,round_end,finish,582776
"bust_probability","max_probability=0.240000",200,round_end,deck_exhausted,0
"bust_probability","max_probability=0.240000",200,final_score,173,1
"bust_probability","max_probability=0.240000",200,final_score,177,1
"bust_probability","max_probability=0.240000",200,final_score,182,1
"bust_probability","max_probability=0.240000",200,final_score,200,3161
"bust_probability","max_probability=0.240000",200,final_score,201,3307
"bust_probability","max_probability=0.240000",200,final_score,202,3103
"bust_probability","max_probability=0.240000",200,final_score,203,3198
"bust_probability","max_probability=0.240000",200,final_score,204,3138
"bust_probability","max_probability=0.240000",200,final_score,205,3221
"bust_probability","max_probability=0.240000",200,final_score,206,3135
"bust_probability","max_probability=0.240000",200,final_score,207,3179
"bust_probability","max_probability=0.240000",200,final_score,208,2968
"bust_probability","max_probability=0.240000",200,final_score,209,3113
"bust_probability","max_probability=0.240000",200,final_score,210,3078
"bust_probability","max_probability=0.240000",200,final_score,211,2997
"bust_probability","max_probability=0.240000",200,final_score,212,3066
"bust_probability","max_probability=0.240000",200,final_score,213,3142
"bust_probability","max_probability=0.240000",200,final_score,214,2902
"bust_probability","max_probability=0.240000",200,final_score,215,3062
"bust_probability","max_probability=0.240000",200,final_score,216,2875
"bust_probability","max_probability=0.240000",200,final_score,217,2885
"bust_probability","max_probability=0.240000",200,final_score,218,2951
"bust_probability","max_probability=0.240000",200,final_score,219,2861
"bust_probability","max_probability=0.240000",200,final_score,220,2802
"bust_probability","max_probability=0.240000",200,final_score,221,2681
"bust_probability","max_probability=0.240000",200,final_score,222,2702
"bust_probability","max_probability=0.240000",200,final_score,223,2513
"bust_probability","max_probability=0.240000",200,final_score,224,2409
"bust_probability","max_probability=0.240000",200,final_score,225,2303
"bust_probability","max_probability=0.240000",200,final_score,226,2167
"bust_probability","max_probability=0.240000",200,final_score,227,2052
"bust_probability","max_probability=0.240000",200,final_score,228,1899
"bust_probability","max_probability=0.240000",200,final_score,229,1607
"bust_probability","max_probability=0.240000",200,final_score,230,1429
"bust_probability","max_probability=0.240000",200,final_score,231,1267
"bust_probability","max_probability=0.240000",200,final_score,232,1078
"bust_probability","max_probability=0.240000",200,final_score,233,902
"bust_probability","max_probability=0.240000",200,final_score,234,884
"bust_probability","max_probability=0.240000",200,final_score,235,770
"bust_probability","max_probability=0.240000",200,final_score,236,669
"bust_probability","max_probability=0.240000",200,final_score,237,603
"bust_probability","max_probability=0.240000",200,final_score,238,561
"bust_probability","max_probability=0.240000",200,final_score,239,453
"bust_probability","max_probability=0.240000",200,final_score,240,457
"bust_probability","max_probability=0.240000",200,final_score,241,419
"bust_probability","max_probability=0.240000",200,final_score,242,334
"bust_probability","max_probability=0.240000",200,final_score,243,300
"bust_probability","max_probability=0.240000",200,final_score,244,314
"bust_probability","max_probability=0.240000",200,final_score,245,270
"bust_probability","max_probability=0.240000",200,final_score,246,281
"bust_probability","max_probability=0.240000",200,final_score,247,248
"bust_probability","max_probability=0.240000",200,final_score,248,248
"bust_probability","max_probability=0.240000",200,final_score,249,227
"bust_probability","max_probability=0.240000",200,final_score,250,240
"bust_probability","max_probability=0.240000",200,final_score,251,200
"bust_probability","max_probability=0.240000",200,final_score,252,189
"bust_probability","max_probability=0.240000",200,final_score,253,178
"bust_probability","max_probability=0.240000",200,final_score,254,137
"bust_probability","max_probability=0.240000",200,final_score,255,178
"bust_probability","max_probability=0.240000",200,final_score,256,190
"bust_probability","max_probability=0.240000",200,final_score,257,148
"bust_probability","max_probability=0.240000",200,final_score,258,135
"bust_probability","max_probability=0.240000",200,final_score,259,131
"bust_probability","max_probability=0.240000",200,final_score,260,157
"bust_probability","max_probability=0.240000",200,final_score,261,151
"bust_probability","max_probability=0.240000",200,final_score,262,123
"bust_probability","max_probability=0.240000",200,final_score,263,133
"bust_probability","max_probability=0.240000",200,final_score,264,92
"bust_probability","max_probability=0.240000",200,final_score,265,103
"bust_probability","max_probability=0.240000",200,final_score,266,87
"bust_probability","max_probability=0.240000",200,final_score,267,85
"bust_probability","max_probability=0.240000",200,final_score,268,74
"bust_probability","max_probability=0.240000",200,final_score,269,82
"bust_probability","max_probability=0.240000",200,final_score,270,63
"bust_probability","max_probability=0.240000",200,final_score,271,58
"bust_probability","max_probability=0.240000",200,final_score,272,66
"bust_probability","max_probability=0.240000",200,final_score,273,52
"bust_probability","max_probability=0.240000",200,final_score,274,50
"bust_probability","max_probability=0.240000",200,final_score,275,45
"bust_probability","max_probability=0.240000",200,final_score,276,35
"bust_probability","max_probability=0.240000",200,final_score,277,30
"bust_probability","max_probability=0.240000",200,final_score,278,49
"bust_probability","max_probability=0.240000",200,final_score,279,33
"bust_probability","max_probability=0.240000",200,final_score,280,32
"bust_probability","max_probability=0.240000",200,final_score,281,24
"bust_probability","max_probability=0.240000",200,final_score,282,28
"bust_probability","max_probability=0.240000",200,final_score,283,29
"bust_probability","max_probability=0.240000",200,final_score,284,26
"bust_probability","max_probability=0.240000",200,final_score,285,18
"bust_probability","max_probability=0.240000",200,final_score,286,23
"bust_probability","max_probability=0.240000",200,final_score,287,27
"bust_probability","max_probability=0.240000",200,final_score,288,19
"bust_probability","max_probability=0.240000",200,final_score,289,21
"bust_probability","max_probability=0.240000",200,final_score,290,15
"bust_probability","max_probability=0.240000",200,final_score,291,17
"bust_probability","max_probability=0.240000",200,final_score,292,14
"bust_probability","max_probability=0.240000",200,final_score,293,15
"bust_probability","max_probability=0.240000",200,final_score,294,15
"bust_probability","max_probability=0.240000",200,final_score,295,16
"bust_probability","max_probability=0.240000",200,final_score,296,12
"bust_probability","max_probability=0.240000",200,final_score,297,7
"bust_probability","max_probability=0.240000",200,final_score,298,11
"bust_probability","max_probability=0.240000",200,final_score,299,9
"bust_probability","max_probability=0.240000",200,final_score,300,4
"bust_probability","max_probability=0.240000",200,final_score,301,10
"bust_probability","max_probability=0.240000",200,final_score,302,5
"bust_probability","max_probability=0.240000",200,final_score,303,9
"bust_probability","max_probability=0.240000",200,final_score,304,5
"bust_probability","max_probability=0.240000",200,final_score,305,7
"bust_probability","max_probability=0.240000",200,final_score,306,5
"bust_probability","max_probability=0.240000",200,final_score,307,6
"bust_probability","max_probability=0.240000",200,final_score,308,12
"bust_probability","max_probability=0.240000",200,final_score,309,3
"bust_probability","max_probability=0.240000",200,final_score,310,3
"bust_probability","max_probability=0.240000",200,final_score,311,3
"bust_probability","max_probability=0.240000",200,final_score,312,6
"bust_probability","max_probability=0.240000",200,final_score,313,5
"bust_probability","max_probability=0.240000",200,final_score,314,3
"bust_probability","max_probability=0.240000",200,final_score,315,1
"bust_probability","max_probability=0.240000",200,final_score,316,2
"bust_probability","max_probability=0.240000",200,final_score,317,4
"bust_probability","max_probability=0.240000",200,final_score,318,2
"bust_probability","max_probability=0.240000",200,final_score,320,3
"bust_probability","max_probability=0.240000",200,final_score,321,3
"bust_probability","max_probability=0.240000",200,final_score,322,3
"bust_probability","max_probability=0.240000",200,final_score,323,3
"bust_probability","max_probability=0.240000",200,final_score,324,2
"bust_probability","max_probability=0.240000",200,final_score,325,2
"bust_probability","max_probability=0.240000",200,final_score,326,1
"bust_probability","max_probability=0.240000",200,final_score,327,3
"bust_probability","max_probability=0.240000",200,final_score,328,2
"bust_probability","max_probability=0.240000",200,final_score,329,1
"bust_probability","max_probability=0.240000",200,final_score,330,2
"bust_probability","max_probability=0.240000",200,final_score,331,2
"bust_probability","max_probability=0.240000",200,final_score,332,3
"bust_probability","max_probability=0.240000",200,final_score,333,1
"bust_probability","max_probability=0.240000",200,final_score,336,1
"bust_probability","max_probability=0.240000",200,final_score,337,1
"bust_probability","max_probability=0.240000",200,final_score,339,1
"bust_probability","max_probability=0.240000",200,final_score,340,1
"bust_probability","max_probability=0.240000",200,final_score,350,1
"bust_probability","max_probability=0.240000",200,final_score,359,1
"bust_probability","max_probability=0.240000",200,final_score,363,1
"bust_probability","max_probability=0.240000",200,final_score,372,1
"unique_number","target_unique=3",200,round_score,0,310674
"unique_number","target_unique=3",200,round_score,1,453
"unique_number","target_unique=3",200,round_score,2,1422
"unique_number","target_unique=3",200,round_score,3,1400
"unique_number","target_unique=3",200,round_score,4,2390
"unique_number","target_unique=3",200,round_score,5,2555
"unique_number","target_unique=3",200,round_score,6,3611
"unique_number","target_unique=3",200,round_score,7,3938
"unique_number","target_unique=3",200,round_score,8,5252
"unique_number","target_unique=3",200,round_score,9,6045
"unique_number","target_unique=3",200,round_score,10,7521
"unique_number","target_unique=3",200,round_score,11,9088
"unique_number","target_unique=3",200,round_score,12,11329
"unique_number","target_unique=3",200,round_score,13,7849
"unique_number","target_unique=3",200,round_score,14,10108
"unique_number","target_unique=3",200,round_score,15,13819
"unique_number","target_unique=3",200,round_score,16,16780
"unique_number","target_unique=3",200,round_score,17,21428
"unique_number","target_unique=3",200,round_score,18,26044
"unique_number","target_unique=3",200,round_score,19,31009
"unique_number","target_unique=3",200,round_score,20,34512
"unique_number","target_unique=3",200,round_score,21,41918
"unique_number","target_unique=3",200,round_score,22,44183
"unique_number","target_unique=3",200,round_score,23,49618
"unique_number","target_unique=3",200,round_score,24,51543
"unique_number","target_unique=3",200,round_score,25,52600
"unique_number","target_unique=3",200,round_score,26,51064
"unique_number","target_unique=3",200,round_score,27,53745
"unique_number","target_unique=3",200,round_score,28,46174
"unique_number","target_unique=3",200,round_score,29,43393
"unique_number","target_unique=3",200,round_score,30,38377
"unique_number","target_unique=3",200,round_score,31,31313
"unique_number","target_unique=3",200,round_score,32,22164
"unique_number","target_unique=3",200,round_score,33,22651
"unique_number","target_unique=3",200,round_score,34,9198
"unique_number","target_unique=3",200,round_score,35,8125
"unique_number","target_unique=3",200,round_score,36,7831
"unique_number","target_unique=3",200,round_score,37,6397
"unique_number","target_unique=3",200,round_score,38,6174
"unique_number","target_unique=3",200,round_score,39,4420
"unique_number","target_unique=3",200,round_score,40,4597
"unique_number","target_unique=3",200,round_score,41,2938
"unique_number","target_unique=3",200,round_score,42,3537
"unique_number","target_unique=3",200,round_score,43,1657
"unique_number","target_unique=3",200,round_score,44,2695
"unique_number","target_unique=3",200,round_score,45,887
"unique_number","target_unique=3",200,round_score,46,2681
"unique_number","target_unique=3",200,round_score,47,595
"unique_number","target_unique=3",200,round_score,48,2384
"unique_number","target_unique=3",200,round_score,49,325
"unique_number","target_unique=3",200,round_score,50,2341
"unique_number","target_unique=3",200,round_score,51,137
"unique_number","target_unique=3",200,round_score,52,2120
"unique_number","target_unique=3",200,round_score,53,86
"unique_number","target_unique=3",200,round_score,54,2160
"unique_number","target_unique=3",200,round_score,55,53
"unique_number","target_unique=3",200,round_score,56,1912
"unique_number","target_unique=3",200,round_score,57,37
"unique_number","target_unique=3",200,round_score,58,1842
"unique_number","target_unique=3",200,round_score,59,18
"unique_number","target_unique=3",200,round_score,60,1571
"unique_number","target_unique=3",200,round_score,61,10
"unique_number","target_unique=3",200,round_score,62,1355
"unique_number","target_unique=3",200,round_score,63,10
"unique_number","target_unique=3",200,round_score,64,993
"unique_number","target_unique=3",200,round_score,65,10
"unique_number","target_unique=3",200,round_score,66,1004
"unique_number","target_unique=3",200,round_score,67,3
"unique_number","target_unique=3",200,round_score,68,443
"unique_number","target_unique=3",200,round_score,69,6
"unique_number","target_unique=3",200,round_score,70,424
"unique_number","target_unique=3",200,round_score,71,4
"unique_number","target_unique=3",200,round_score,72,358
"unique_number","target_unique=3",200,round_score,73,4
"unique_number","target_unique=3",200,round_score,74,347
"unique_number","target_unique=3",200,round_score,75,2
"unique_number","target_unique=3",200,round_score,76,258
"unique_number","target_unique=3",200,round_score,77,5
"unique_number","target_unique=3",200,round_score,78,280
"unique_number","target_unique=3",200,round_score,80,168
"unique_number","target_unique=3",200,round_score,81,1
"unique_number","target_unique=3",200,round_score,82,138
"unique_number","target_unique=3",200,round_score,84,90
"unique_number","target_unique=3",200,round_score,86,101
"unique_number","target_unique=3",200,round_score,88,72
"unique_number","target_unique=3",200,round_score,90,61
"unique_number","target_unique=3",200,round_score,92,39
"unique_number","target_unique=3",200,round_score,94,29
"unique_number","target_unique=3",200,round_score,96,25
"unique_number","target_unique=3",200,round_score,98,20
"unique_number","target_unique=3",200,round_score,100,17
"unique_number","target_unique=3",200,round_score,102,4
"unique_number","target_unique=3",200,round_score,104,11
"unique_number","target_unique=3",200,round_score,106,4
"unique_number","target_unique=3",200,round_score,108,5
"unique_number","target_unique=3",200,round_score,110,3
"unique_number","target_unique=3",200,round_score,113,1
"unique_number","target_unique=3",200,round_score,114,2
"unique_number","target_unique=3",200,round_score,116,2
"unique_number","target_unique=3",200,round_score,118,1
"unique_number","target_unique=3",200,round_score,123,1
"unique_number","target_unique=3",200,round_score,125,1
"unique_number","target_unique=3",200,round_score,127,1
"unique_number","target_unique=3",200,round_score,129,1
"unique_number","target_unique=3",200,round_score,135,1
"unique_number","target_unique=3",200,round_score,147,1
"unique_number","target_unique=3",200,round_end,bust,270920
"unique_number","target_unique=3",200,round_end,flip7,115
"unique_number","target_unique=3",200,round_end,freeze,121881
"unique_number","target_unique=3",200,round_end,finish,766088
"unique_number","target_unique=3",200,round_end,deck_exhausted,0
"unique_number","target_unique=3",200,final_score,200,3955
"unique_number","target_unique=3",200,final_score,201,3981
"unique_number","target_unique=3",200,final_score,202,3956
"unique_number","target_unique=3",200,final_score,203,3939
"unique_number","target_unique=3",200,final_score,204,4122
"unique_number","target_unique=3",200,final_score,205,3854
"unique_number","target_unique=3",200,final_score,206,3978
"unique_number","target_unique=3",200,final_score,207,3912
"unique_number","target_unique=3",200,final_score,208,3750
"unique_number","target_unique=3",200,final_score,209,3804
"unique_number","target_unique=3",200,final_score,210,3828
"unique_number","target_unique=3",200,final_score,211,3808
"unique_number","target_unique=3",200,final_score,212,3891
"unique_number","target_unique=3",200,final_score,213,3653
"unique_number","target_unique=3",200,final_score,214,3573
"unique_number","target_unique=3",200,final_score,215,3504
"unique_number","target_unique=3",200,final_score,216,3469
"unique_number","target_unique=3",200,final_score,217,3437
"unique_number","target_unique=3",200,final_score,218,3225
"unique_number","target_unique=3",200,final_score,219,3097
"unique_number","target_unique=3",200,final_score,220,2859
"unique_number","target_unique=3",200,final_score,221,2711
"unique_number","target_unique=3",200,final_score,222,2623
"unique_number","target_unique=3",200,final_score,223,2297
"unique_number","target_unique=3",200,final_score,224,2063
"unique_number","target_unique=3",200,final_score,225,1838
"unique_number","target_unique=3",200,final_score,226,1542
"unique_number","target_unique=3",200,final_score,227,1372
"unique_number","target_unique=3",200,final_score,228,1152
"unique_number","target_unique=3",200,final_score,229,880
"unique_number","target_unique=3",200,final_score,230,735
"unique_number","target_unique=3",200,final_score,231,613
"unique_number","target_unique=3",200,final_score,232,522
"unique_number","target_unique=3",200,final_score,233,407
"unique_number","target_unique=3",200,final_score,234,352
"unique_number","target_unique=3",200,final_score,235,318
"unique_number","target_unique=3",200,final_score,236,272
"unique_number","target_unique=3",200,final_score,237,227
"unique_number","target_unique=3",200,final_score,238,232
"unique_number","target_unique=3",200,final_score,239,200
"unique_number","target_unique=3",200,final_score,240,182
"unique_number","target_unique=3",200,final_score,241,178
"unique_number","target_unique=3",200,final_score,242,100
"unique_number","target_unique=3",200,final_score,243,144
"unique_number","target_unique=3",200,final_score,244,109
"unique_number","target_unique=3",200,final_score,245,114
"unique_number","target_unique=3",200,final_score,246,82
"unique_number","target_unique=3",200,final_score,247,111
"unique_number","target_unique=3",200,final_score,248,120
"unique_number","target_unique=3",200,final_score,249,77
"unique_number","target_unique=3",200,final_score,250,73
"unique_number","target_unique=3",200,final_score,251,84
"unique_number","target_unique=3",200,final_score,252,66
"unique_number","target_unique=3",200,final_score,253,75
"unique_number","target_unique=3",200,final_score,254,41
"unique_number","target_unique=3",200,final_score,255,55
"unique_number","target_unique=3",200,final_score,256,41
"unique_number","target_unique=3",200,final_score,257,41
"unique_number","target_unique=3",200,final_score,258,35
"unique_number","target_unique=3",200,final_score,259,39
"unique_number","target_unique=3",200,final_score,260,29
"unique_number","target_unique=3",200,final_score,261,24
"unique_number","target_unique=3",200,final_score,262,24
"unique_number","target_unique=3",200,final_score,263,25
"unique_number","target_unique=3",200,final_score,264,10
"unique_number","target_unique=3",200,final_score,265,19
"unique_number","target_unique=3",200,final_score,266,15
"unique_number","target_unique=3",200,final_score,267,14
"unique_number","target_unique=3",200,final_score,268,15
"unique_number","target_unique=3",200,final_score,269,8
"unique_number","target_unique=3",200,final_score,270,14
"unique_number","target_unique=3",200,final_score,271,7
"unique_number","target_unique=3",200,final_score,272,5
"unique_number","target_unique=3",200,final_score,273,8
"unique_number","target_unique=3",200,final_score,274,3
"unique_number","target_unique=3",200,final_score,275,6
"unique_number","target_unique=3",200,final_score,276,4
"unique_number","target_unique=3",200,final_score,277,5
"unique_number","target_unique=3",200,final_score,278,4
"unique_number","target_unique=3",200,final_score,279,8
"unique_number","target_unique=3",200,final_score,280,3
"unique_number","target_unique=3",200,final_score,281,1
"unique_number","target_unique=3",200,final_score,282,6
"unique_number","target_unique=3",200,final_score,283,4
"unique_number","target_unique=3",200,final_score,284,3
"unique_number","target_unique=3",200,final_score,285,5
"unique_number","target_unique=3",200,final_score,286,2
"unique_number","target_unique=3",200,final_score,287,1
"unique_number","target_unique=3",200,final_score,289,2
"unique_number","target_unique=3",200,final_score,292,2
"unique_number","target_unique=3",200,final_score,296,1
"unique_number","target_unique=3",200,final_score,299,1
"unique_number","target_unique=3",200,final_score,303,1
"unique_number","target_unique=3",200,final_score,305,1
"unique_number","target_unique=3",200,final_score,307,1
"unique_number","target_unique=3",200,final_score,308,1
"unique_number","target_unique=4",200,round_score,0,507836
"unique_number","target_unique=4",200,round_score,1,449
"unique_number","target_unique=4",200,round_score,2,1446
"unique_number","target_unique=4",200,round_score,3,1489
"unique_number","target_unique=4",200,round_score,4,2487
"unique_number","target_unique=4",200,round_score,5,2539
"unique_number","target_unique=4",200,round_score,6,3588
"unique_number","target_unique=4",200,round_score,7,3650
"unique_number","target_unique=4",200,round_score,8,4868
"unique_number","target_unique=4",200,round_score,9,5131
"unique_number","target_unique=4",200,round_score,10,6332
"unique_number","target_unique=4",200,round_score,11,6921
"unique_number","target_unique=4",200,round_score,12,7881
"unique_number","target_unique=4",200,round_score,13,2879
"unique_number","target_unique=4",200,round_score,14,3492
"unique_number","target_unique=4",200,round_score,15,4249
"unique_number","target_unique=4",200,round_score,16,4886
"unique_number","target_unique=4",200,round_score,17,5676
"unique_number","target_unique=4",200,round_score,18,6560
"unique_number","target_unique=4",200,round_score,19,7610
"unique_number","target_unique=4",200,round_score,20,8445
"unique_number","target_unique=4",200,round_score,21,10239
"unique_number","target_unique=4",200,round_score,22,11453
"unique_number","target_unique=4",200,round_score,23,13496
"unique_number","target_unique=4",200,round_score,24,15086
"unique_number","target_unique=4",200,round_score,25,17128
"unique_number","target_unique=4",200,round_score,26,20691
"unique_number","target_unique=4",200,round_score,27,23261
"unique_number","target_unique=4",200,round_score,28,26655
"unique_number","target_unique=4",200,round_score,29,28707
"unique_number","target_unique=4",200,round_score,30,32979
"unique_number","target_unique=4",200,round_score,31,32695
"unique_number","target_unique=4",200,round_score,32,35797
"unique_number","target_unique=4",200,round_score,33,35074
"unique_number","target_unique=4",200,round_score,34,35744
"unique_number","target_unique=4",200,round_score,35,32325
"unique_number","target_unique=4",200,round_score,36,32462
"unique_number","target_unique=4",200,round_score,37,26798
"unique_number","target_unique=4",200,round_score,38,26976
"unique_number","target_unique=4",200,round_score,39,20355
"unique_number","target_unique=4",200,round_score,40,18157
"unique_number","target_unique=4",200,round_score,41,12782
"unique_number","target_unique=4",200,round_score,42,13972
"unique_number","target_unique=4",200,round_score,43,6371
"unique_number","target_unique=4",200,round_score,44,6748
"unique_number","target_unique=4",200,round_score,45,4786
"unique_number","target_unique=4",200,round_score,46,5324
"unique_number","target_unique=4",200,round_score,47,3320
"unique_number","target_unique=4",200,round_score,48,3915
"unique_number","target_unique=4",200,round_score,49,2002
"unique_number","target_unique=4",200,round_score,50,2898
"unique_number","target_unique=4",200,round_score,51,1144
"unique_number","target_unique=4",200,round_score,52,2215
"unique_number","target_unique=4",200,round_score,53,620
"unique_number","target_unique=4",200,round_score,54,1818
"unique_number","target_unique=4",200,round_score,55,382
"unique_number","target_unique=4",200,round_score,56,1697
"unique_number","target_unique=4",200,round_score,57,239
"unique_number","target_unique=4",200,round_score,58,1764
"unique_number","target_unique=4",200,round_score,59,121
"unique_number","target_unique=4",200,round_score,60,1857
"unique_number","target_unique=4",200,round_score,61,57
"unique_number","target_unique=4",200,round_score,62,1812
"unique_number","target_unique=4",200,round_score,63,44
"unique_number","target_unique=4",200,round_score,64,1972
"unique_number","target_unique=4",200,round_score,65,39
"unique_number","target_unique=4",200,round_score,66,1857
"unique_number","target_unique=4",200,round_score,67,32
"unique_number","target_unique=4",200,round_score,68,1952
"unique_number","target_unique=4",200,round_score,69,13
"unique_number","target_unique=4",200,round_score,70,1910
"unique_number","target_unique=4",200,round_score,71,19
"unique_number","target_unique=4",200,round_score,72,1886
"unique_number","target_unique=4",200,round_score,73,9
"unique_number","target_unique=4",200,round_score,74,1542
"unique_number","target_unique=4",200,round_score,75,10
"unique_number","target_unique=4",200,round_score,76,1473
"unique_number","target_unique=4",200,round_score,77,11
"unique_number","target_unique=4",200,round_score,78,1243
"unique_number","target_unique=4",200,round_score,79,2
"unique_number","target_unique=4",200,round_score,80,1063
"unique_number","target_unique=4",200,round_score,81,3
"unique_number","target_unique=4",200,round_score,82,798
"unique_number","target_unique=4",200,round_score,83,2
"unique_number","target_unique=4",200,round_score,84,804
"unique_number","target_unique=4",200,round_score,85,1
"unique_number","target_unique=4",200,round_score,86,455
"unique_number","target_unique=4",200,round_score,87,1
"unique_number","target_unique=4",200,round_score,88,427
"unique_number","target_unique=4",200,round_score,90,317
"unique_number","target_unique=4",200,round_score,91,2
"unique_number","target_unique=4",200,round_score,92,284
"unique_number","target_unique=4",200,round_score,93,1
"unique_number","target_unique=4",200,round_score,94,243
"unique_number","target_unique=4",200,round_score,95,1
"unique_number","target_unique=4",200,round_score,96,221
"unique_number","target_unique=4",200,round_score,98,147
"unique_number","target_unique=4",200,round_score,100,125
"unique_number","target_unique=4",200,round_score,102,85
"unique_number","target_unique=4",200,round_score,104,83
"unique_number","target_unique=4",200,round_score,106,45
"unique_number","target_unique=4",200,round_score,107,2
"unique_number","target_unique=4",200,round_score,108,45
"unique_number","target_unique=4",200,round_score,110,32
"unique_number","target_unique=4",200,round_score,111,1
"unique_number","target_unique=4",200,round_score,112,26
"unique_number","target_unique=4",200,round_score,113,3
"unique_number","target_unique=4",200,round_score,114,17
"unique_number","target_unique=4",200,round_score,115,1
"unique_number","target_unique=4",200,round_score,116,16
"unique_number","target_unique=4",200,round_score,117,1
"unique_number","target_unique=4",200,round_score,118,11
"unique_number","target_unique=4",200,round_score,120,10
"unique_number","target_unique=4",200,round_score,121,2
"unique_number","target_unique=4",200,round_score,122,2
"unique_number","target_unique=4",200,round_score,123,2
"unique_number","target_unique=4",200,round_score,124,6
"unique_number","target_unique=4",200,round_score,125,1
"unique_number","target_unique=4",200,round_score,126,5
"unique_number","target_unique=4",200,round_score,127,2
"unique_number","target_unique=4",200,round_score,131,1
"unique_number","target_unique=4",200,round_score,133,1
"unique_number","target_unique=4",200,round_score,139,1
"unique_number","target_unique=4",200,round_score,141,1
"unique_number","target_unique=4",200,round_score,147,1
"unique_number","target_unique=4",200,round_score,165,1
"unique_number","target_unique=4",200,round_end,bust,467075
"unique_number","target_unique=4",200,round_end,flip7,323
"unique_number","target_unique=4",200,round_end,freeze,155741
"unique_number","target_unique=4",200,round_end,finish,566493
"unique_number","target_unique=4",200,round_end,deck_exhausted,17
"unique_number","target_unique=4",200,final_score,115,1
"unique_number","target_unique=4",200,final_score,134,1
"unique_number","target_unique=4",200,final_score,141,1
"unique_number","target_unique=4",200,final_score,144,1
"unique_number","target_unique=4",200,final_score,147,1
"unique_number","target_unique=4",200,final_score,150,3
"unique_number","target_unique=4",200,final_score,151,1
"unique_number","target_unique=4",200,final_score,152,1
"unique_number","target_unique=4",200,final_score,158,2
"unique_number","target_unique=4",200,final_score,160,2
"unique_number","target_unique=4",200,final_score,162,2
"unique_number","target_unique=4",200,final_score,163,2
"unique_number","target_unique=4",200,final_score,164,3
"unique_number","target_unique=4",200,final_score,165,1
"unique_number","target_unique=4",200,final_score,166,1
"unique_number","target_unique=4",200,final_score,167,2
"unique_number","target_unique=4",200,final_score,169,1
"unique_number","target_unique=4",200,final_score,170,2
"unique_number","target_unique=4",200,final_score,171,2
"unique_number","target_unique=4",200,final_score,172,2
"unique_number","target_unique=4",200,final_score,173,1
"unique_number","target_unique=4",200,final_score,174,4
"unique_number","target_unique=4",200,final_score,175,3
"unique_number","target_unique=4",200,final_score,176,2
"unique_number","target_unique=4",200,final_score,177,3
"unique_number","target_unique=4",200,final_score,178,5
"unique_number","target_unique=4",200,final_score,179,3
"unique_number","target_unique=4",200,final_score,180,4
"unique_number","target_unique=4",200,final_score,181,3
"unique_number","target_unique=4",200,final_score,182,3
"unique_number","target_unique=4",200,final_score,183,4
"unique_number","target_unique=4",200,final_score,184,1
"unique_number","target_unique=4",200,final_score,185,5
"unique_number","target_unique=4",200,final_score,186,4
"unique_number","target_unique=4",200,final_score,187,6
"unique_number","target_unique=4",200,final_score,188,4
"unique_number","target_unique=4",200,final_score,189,3
"unique_number","target_unique=4",200,final_score,190,6
"unique_number","target_unique=4",200,final_score,191,3
"unique_number","target_unique=4",200,final_score,192,3
"unique_number","target_unique=4",200,final_score,193,2
"unique_number","target_unique=4",200,final_score,194,4
"unique_number","target_unique=4",200,final_score,195,5
"unique_number","target_unique=4",200,final_score,196,4
"unique_number","target_unique=4",200,final_score,197,6
"unique_number","target_unique=4",200,final_score,198,6
"unique_number","target_unique=4",200,final_score,199,4
"unique_number","target_unique=4",200,final_score,200,3237
"unique_number","target_unique=4",200,final_score,201,3146
"unique_number","target_unique=4",200,final_score,202,3272
"unique_number","target_unique=4",200,final_score,203,3134
"unique_number","target_unique=4",200,final_score,204,3133
"unique_number","target_unique=4",200,final_score,205,3089
"unique_number","target_unique=4",200,final_score,206,3090
"unique_number","target_unique=4",200,final_score,207,3122
"unique_number","target_unique=4",200,final_score,208,2992
"unique_number","target_unique=4",200,final_score,209,2970
"unique_number","target_unique=4",200,final_score,210,2989
"unique_number","target_unique=4",200,final_score,211,2867
"unique_number","target_unique=4",200,final_score,212,3066
"unique_number","target_unique=4",200,final_score,213,2765
"unique_number","target_unique=4",200,final_score,214,2882
"unique_number","target_unique=4",200,final_score,215,2782
"unique_number","target_unique=4",200,final_score,216,2881
"unique_number","target_unique=4",200,final_score,217,2815
"unique_number","target_unique=4",200,final_score,218,2788
"unique_number","target_unique=4",200,final_score,219,2741
"unique_number","target_unique=4",200,final_score,220,2665
"unique_number","target_unique=4",200,final_score,221,2554
"unique_number","target_unique=4",200,final_score,222,2568
"unique_number","target_unique=4",200,final_score,223,2567
"unique_number","target_unique=4",200,final_score,224,2521
"unique_number","target_unique=4",200,final_score,225,2327
"unique_number","target_unique=4",200,final_score,226,2291
"unique_number","target_unique=4",200,final_score,227,2137
"unique_number","target_unique=4",200,final_score,228,2054
"unique_number","target_unique=4",200,final_score,229,1972
"unique_number","target_unique=4",200,final_score,230,1829
"unique_number","target_unique=4",200,final_score,231,1627
"unique_number","target_unique=4",200,final_score,232,1444
"unique_number","target_unique=4",200,final_score,233,1347
"unique_number","target_unique=4",200,final_score,234,1136
"unique_number","target_unique=4",200,final_score,235,1016
"unique_number","target_unique=4",200,final_score,236,852
"unique_number","target_unique=4",200,final_score,237,726
"unique_number","target_unique=4",200,final_score,238,644
"unique_number","target_unique=4",200,final_score,239,476
"unique_number","target_unique=4",200,final_score,240,432
"unique_number","target_unique=4",200,final_score,241,409
"unique_number","target_unique=4",200,final_score,242,307
"unique_number","target_unique=4",200,final_score,243,307
"unique_number","target_unique=4",200,final_score,244,265
"unique_number","target_unique=4",200,final_score,245,206
"unique_number","target_unique=4",200,final_score,246,242
"unique_number","target_unique=4",200,final_score,247,219
"unique_number","target_unique=4",200,final_score,248,153
"unique_number","target_unique=4",200,final_score,249,171
"unique_number","target_unique=4",200,final_score,250,150
"unique_number","target_unique=4",200,final_score,251,149
"unique_number","target_unique=4",200,final_score,252,155
"unique_number","target_unique=4",200,final_score,253,153
"unique_number","target_unique=4",200,final_score,254,116
"unique_number","target_unique=4",200,final_score,255,118
"unique_number","target_unique=4",200,final_score,256,97
"unique_number","target_unique=4",200,final_score,257,120
"unique_number","target_unique=4",200,final_score,258,116
"unique_number","target_unique=4",200,final_score,259,114
"unique_number","target_unique=4",200,final_score,260,101
"unique_number","target_unique=4",200,final_score,261,97
"unique_number","target_unique=4",200,final_score,262,96
"unique_number","target_unique=4",200,final_score,263,86
"unique_number","target_unique=4",200,final_score,264,89
"unique_number","target_unique=4",200,final_score,265,83
"unique_number","target_unique=4",200,final_score,266,77
"unique_number","target_unique=4",200,final_score,267,67
"unique_number","target_unique=4",200,final_score,268,67
"unique_number","target_unique=4",200,final_score,269,49
"unique_number","target_unique=4",200,final_score,270,46
"unique_number","target_unique=4",200,final_score,271,45
"unique_number","target_unique=4",200,final_score,272,36
"unique_number","target_unique=4",200,final_score,273,41
"unique_number","target_unique=4",200,final_score,274,36
"unique_number","target_unique=4",200,final_score,275,39
"unique_number","target_unique=4",200,final_score,276,29
"unique_number","target_unique=4",200,final_score,277,24
"unique_number","target_unique=4",200,final_score,278,21
"unique_number","target_unique=4",200,final_score,279,20
"unique_number","target_unique=4",200,final_score,280,19
"unique_number","target_unique=4",200,final_score,281,32
"unique_number","target_unique=4",200,final_score,282,27
"unique_number","target_unique=4",200,final_score,283,13
"unique_number","target_unique=4",200,final_score,284,11
"unique_number","target_unique=4",200,final_score,285,5
"unique_number","target_unique=4",200,final_score,286,9
"unique_number","target_unique=4",200,final_score,287,10
"unique_number","target_unique=4",200,final_score,288,3
"unique_number","target_unique=4",200,final_score,289,9
"unique_number","target_unique=4",200,final_score,290,5
"unique_number","target_unique=4",200,final_score,291,10
"unique_number","target_unique=4",200,final_score,292,2
"unique_number","target_unique=4",200,final_score,293,2
"unique_number","target_unique=4",200,final_score,294,6
"unique_number","target_unique=4",200,final_score,295,7
"unique_number","target_unique=4",200,final_score,296,7
"unique_number","target_unique=4",200,final_score,297,5
"unique_number","target_unique=4",200,final_score,298,2
"unique_number","target_unique=4",200,final_score,299,2
"unique_number","target_unique=4",200,final_score,300,3
"unique_number","target_unique=4",200,final_score,301,2
"unique_number","target_unique=4",200,final_score,302,2
"unique_number","target_unique=4",200,final_score,304,3
"unique_number","target_unique=4",200,final_score,305,1
"unique_number","target_unique=4",200,final_score,307,1
"unique_number","target_unique=4",200,final_score,308,2
"unique_number","target_unique=4",200,final_score,309,1
"unique_number","target_unique=4",200,final_score,310,1
"unique_number","target_unique=4",200,final_score,314,2
"unique_number","target_unique=4",200,final_score,328,1
"hybrid","target_score=23;target_unique=3",200,round_score,0,282280
"hybrid","target_score=23;target_unique=3",200,round_score,1,484
"hybrid","target_score=23;target_unique=3",200,round_score,2,1421
"hybrid","target_score=23;target_unique=3",200,round_score,3,1464
"hybrid","target_score=23;target_unique=3",200,round_score,4,2410
"hybrid","target_score=23;target_unique=3",200,round_score,5,2597
"hybrid","target_score=23;target_unique=3",200,round_score,6,3636
"hybrid","target_score=23;target_unique=3",200,round_score,7,3955
"hybrid","target_score=23;target_unique=3",200,round_score,8,5351
"hybrid","target_score=23;target_unique=3",200,round_score,9,6075
"hybrid","target_score=23;target_unique=3",200,round_score,10,7629
"hybrid","target_score=23;target_unique=3",200,round_score,11,9141
"hybrid","target_score=23;target_unique=3",200,round_score,12,11478
"hybrid","target_score=23;target_unique=3",200,round_score,13,7996
"hybrid","target_score=23;target_unique=3",200,round_score,14,10265
"hybrid","target_score=23;target_unique=3",200,round_score,15,13959
"hybrid","target_score=23;target_unique=3",200,round_score,16,16977
"hybrid","target_score=23;target_unique=3",200,round_score,17,21674
"hybrid","target_score=23;target_unique=3",200,round_score,18,26453
"hybrid","target_score=23;target_unique=3",200,round_score,19,31337
"hybrid","target_score=23;target_unique=3",200,round_score,20,34993
"hybrid","target_score=23;target_unique=3",200,round_score,21,42476
"hybrid","target_score=23;target_unique=3",200,round_score,22,44854
"hybrid","target_score=23;target_unique=3",200,round_score,23,99063
"hybrid","target_score=23;target_unique=3",200,round_score,24,67492
"hybrid","target_score=23;target_unique=3",200,round_score,25,63545
"hybrid","target_score=23;target_unique=3",200,round_score,26,60316
"hybrid","target_score=23;target_unique=3",200,round_score,27,60738
"hybrid","target_score=23;target_unique=3",200,round_score,28,50973
"hybrid","target_score=23;target_unique=3",200,round_score,29,44997
"hybrid","target_score=23;target_unique=3",200,round_score,30,39279
"hybrid","target_score=23;target_unique=3",200,round_score,31,27899
"hybrid","target_score=23;target_unique=3",200,round_score,32,17972
"hybrid","target_score=23;target_unique=3",200,round_score,33,14205
"hybrid","target_score=23;target_unique=3",200,round_score,34,6549
"hybrid","target_score=23;target_unique=3",200,round_score,35,1827
"hybrid","target_score=23;target_unique=3",200,round_score,36,4648
"hybrid","target_score=23;target_unique=3",200,round_score,37,1618
"hybrid","target_score=23;target_unique=3",200,round_score,38,4994
"hybrid","target_score=23;target_unique=3",200,round_score,39,1319
"hybrid","target_score=23;target_unique=3",200,round_score,40,3861
"hybrid","target_score=23;target_unique=3",200,round_score,41,1042
"hybrid","target_score=23;target_unique=3",200,round_score,42,3751
"hybrid","target_score=23;target_unique=3",200,round_score,43,692
"hybrid","target_score=23;target_unique=3",200,round_score,44,2122
"hybrid","target_score=23;target_unique=3",200,round_score,45,489
"hybrid","target_score=23;target_unique=3",200,round_score,46,1272
"hybrid","target_score=23;target_unique=3",200,round_score,47,319
"hybrid","target_score=23;target_unique=3",200,round_score,48,395
"hybrid","target_score=23;target_unique=3",200,round_score,49,150
"hybrid","target_score=23;target_unique=3",200,round_score,50,295
"hybrid","target_score=23;target_unique=3",200,round_score,51,61
"hybrid","target_score=23;target_unique=3",200,round_score,52,187
"hybrid","target_score=23;target_unique=3",200,round_score,53,33
"hybrid","target_score=23;target_unique=3",200,round_score,54,153
"hybrid","target_score=23;target_unique=3",200,round_score,55,23
"hybrid","target_score=23;target_unique=3",200,round_score,56,170
"hybrid","target_score=23;target_unique=3",200,round_score,57,18
"hybrid","target_score=23;target_unique=3",200,round_score,58,143
"hybrid","target_score=23;target_unique=3",200,round_score,59,11
"hybrid","target_score=23;target_unique=3",200,round_score,60,132
"hybrid","target_score=23;target_unique=3",200,round_score,61,7
"hybrid","target_score=23;target_unique=3",200,round_score,62,113
"hybrid","target_score=23;target_unique=3",200,round_score,63,8
"hybrid","target_score=23;target_unique=3",200,round_score,64,123
"hybrid","target_score=23;target_unique=3",200,round_score,65,9
"hybrid","target_score=23;target_unique=3",200,round_score,66,104
"hybrid","target_score=23;target_unique=3",200,round_score,67,4
"hybrid","target_score=23;target_unique=3",200,round_score,68,99
"hybrid","target_score=23;target_unique=3",200,round_score,69,4
"hybrid","target_score=23;target_unique=3",200,round_score,70,64
"hybrid","target_score=23;target_unique=3",200,round_score,71,4
"hybrid","target_score=23;target_unique=3",200,round_score,72,82
"hybrid","target_score=23;target_unique=3",200,round_score,73,4
"hybrid","target_score=23;target_unique=3",200,round_score,74,59
"hybrid","target_score=23;target_unique=3",200,round_score,75,2
"hybrid","target_score=23;target_unique=3",200,round_score,76,62
"hybrid","target_score=23;target_unique=3",200,round_score,77,4
"hybrid","target_score=23;target_unique=3",200,round_score,78,50
"hybrid","target_score=23;target_unique=3",200,round_score,80,22
"hybrid","target_score=23;target_unique=3",200,round_score,81,1
"hybrid","target_score=23;target_unique=3",200,round_score,82,16
"hybrid","target_score=23;target_unique=3",200,round_score,84,13
"hybrid","target_score=23;target_unique=3",200,round_score,86,7
"hybrid","target_score=23;target_unique=3",200,round_score,88,7
"hybrid","target_score=23;target_unique=3",200,round_score,90,3
"hybrid","target_score=23;target_unique=3",200,round_score,92,3
"hybrid","target_score=23;target_unique=3",200,round_score,94,6
"hybrid","target_score=23;target_unique=3",200,round_score,96,1
"hybrid","target_score=23;target_unique=3",200,round_score,98,1
"hybrid","target_score=23;target_unique=3",200,round_score,100,3
"hybrid","target_score=23;target_unique=3",200,round_score,104,1
"hybrid","target_score=23;target_unique=3",200,round_score,106,1
"hybrid","target_score=23;target_unique=3",200,round_score,108,1
"hybrid","target_score=23;target_unique=3",200,round_score,110,1
"hybrid","target_score=23;target_unique=3",200,round_score,123,1
"hybrid","target_score=23;target_unique=3",200,round_score,127,1
"hybrid","target_score=23;target_unique=3",200,round_score,133,1
"hybrid","target_score=23;target_unique=3",200,round_end,bust,242133
"hybrid","target_score=23;target_unique=3",200,round_end,flip7,112
"hybrid","target_score=23;target_unique=3",200,round_end,freeze,117303
"hybrid","target_score=23;target_unique=3",200,round_end,finish,813002
"hybrid","target_score=23;target_unique=3",200,round_end,deck_exhausted,0
"hybrid","target_score=23;target_unique=3",200,final_score,200,4146
"hybrid","target_score=23;target_unique=3",200,final_score,201,4178
"hybrid","target_score=23;target_unique=3",200,final_score,202,4156
"hybrid","target_score=23;target_unique=3",200,final_score,203,4121
"hybrid","target_score=23;target_unique=3",200,final_score,204,4257
"hybrid","target_score=23;target_unique=3",200,final_score,205,4112
"hybrid","target_score=23;target_unique=3",200,final_score,206,4220
"hybrid","target_score=23;target_unique=3",200,final_score,207,4134
"hybrid","target_score=23;target_unique=3",200,final_score,208,4122
"hybrid","target_score=23;target_unique=3",200,final_score,209,4143
"hybrid","target_score=23;target_unique=3",200,final_score,210,3942
"hybrid","target_score=23;target_unique=3",200,final_score,211,3983
"hybrid","target_score=23;target_unique=3",200,final_score,212,3965
"hybrid","target_score=23;target_unique=3",200,final_score,213,3970
"hybrid","target_score=23;target_unique=3",200,final_score,214,3807
"hybrid","target_score=23;target_unique=3",200,final_score,215,3761
"hybrid","target_score=23;target_unique=3",200,final_score,216,3643
"hybrid","target_score=23;target_unique=3",200,final_score,217,3590
"hybrid","target_score=23;target_unique=3",200,final_score,218,3544
"hybrid","target_score=23;target_unique=3",200,final_score,219,3350
"hybrid","target_score=23;target_unique=3",200,final_score,220,3100
"hybrid","target_score=23;target_unique=3",200,final_score,221,2988
"hybrid","target_score=23;target_unique=3",200,final_score,222,2754
"hybrid","target_score=23;target_unique=3",200,final_score,223,2240
"hybrid","target_score=23;target_unique=3",200,final_score,224,1948
"hybrid","target_score=23;target_unique=3",200,final_score,225,1717
"hybrid","target_score=23;target_unique=3",200,final_score,226,1354
"hybrid","target_score=23;target_unique=3",200,final_score,227,1120
"hybrid","target_score=23;target_unique=3",200,final_score,228,819
"hybrid","target_score=23;target_unique=3",200,final_score,229,609
"hybrid","target_score=23;target_unique=3",200,final_score,230,429
"hybrid","target_score=23;target_unique=3",200,final_score,231,310
"hybrid","target_score=23;target_unique=3",200,final_score,232,248
"hybrid","target_score=23;target_unique=3",200,final_score,233,166
"hybrid","target_score=23;target_unique=3",200,final_score,234,133
"hybrid","target_score=23;target_unique=3",200,final_score,235,127
"hybrid","target_score=23;target_unique=3",200,final_score,236,114
"hybrid","target_score=23;target_unique=3",200,final_score,237,96
"hybrid","target_score=23;target_unique=3",200,final_score,238,88
"hybrid","target_score=23;target_unique=3",200,final_score,239,81
"hybrid","target_score=23;target_unique=3",200,final_score,240,64
"hybrid","target_score=23;target_unique=3",200,final_score,241,53
"hybrid","target_score=23;target_unique=3",200,final_score,242,48
"hybrid","target_score=23;target_unique=3",200,final_score,243,43
"hybrid","target_score=23;target_unique=3",200,final_score,244,19
"hybrid","target_score=23;target_unique=3",200,final_score,245,17
"hybrid","target_score=23;target_unique=3",200,final_score,246,12
"hybrid","target_score=23;target_unique=3",200,final_score,247,14
"hybrid","target_score=23;target_unique=3",200,final_score,248,14
"hybrid","target_score=23;target_unique=3",200,final_score,249,13
"hybrid","target_score=23;target_unique=3",200,final_score,250,17
"hybrid","target_score=23;target_unique=3",200,final_score,251,3
"hybrid","target_score=23;target_unique=3",200,final_score,252,8
"hybrid","target_score=23;target_unique=3",200,final_score,253,4
"hybrid","target_score=23;target_unique=3",200,final_score,254,8
"hybrid","target_score=23;target_unique=3",200,final_score,255,8
"hybrid","target_score=23;target_unique=3",200,final_score,256,2
"hybrid","target_score=23;target_unique=3",200,final_score,257,7
"hybrid","target_score=23;target_unique=3",200,final_score,258,5
"hybrid","target_score=23;target_unique=3",200,final_score,259,7
"hybrid","target_score=23;target_unique=3",200,final_score,260,1
"hybrid","target_score=23;target_unique=3",200,final_score,261,7
"hybrid","target_score=23;target_unique=3",200,final_score,262,2
"hybrid","target_score=23;target_unique=3",200,final_score,263,5
"hybrid","target_score=23;target_unique=3",200,final_score,264,3
"hybrid","target_score=23;target_unique=3",200,final_score,265,7
"hybrid","target_score=23;target_unique=3",200,final_score,267,2
"hybrid","target_score=23;target_unique=3",200,final_score,268,3
"hybrid","target_score=23;target_unique=3",200,final_score,269,3
"hybrid","target_score=23;target_unique=3",200,final_score,270,3
"hybrid","target_score=23;target_unique=3",200,final_score,273,1
"hybrid","target_score=23;target_unique=3",200,final_score,274,2
"hybrid","target_score=23;target_unique=3",200,final_score,275,2
"hybrid","target_score=23;target_unique=3",200,final_score,276,1
"hybrid","target_score=23;target_unique=3",200,final_score,278,1
"hybrid","target_score=23;target_unique=3",200,final_score,279,1
"hybrid","target_score=23;target_unique=3",200,final_score,283,2
"hybrid","target_score=23;target_unique=3",200,final_score,284,1
"hybrid","target_score=23;target_unique=3",200,final_score,303,2
"hybrid","target_score=23;target_unique=4",200,round_score,0,313033
"hybrid","target_score=23;target_unique=4",200,round_score,1,461
"hybrid","target_score=23;target_unique=4",200,round_score,2,1385
"hybrid","target_score=23;target_unique=4",200,round_score,3,1413
"hybrid","target_score=23;target_unique=4",200,round_score,4,2307
"hybrid","target_score=23;target_unique=4",200,round_score,5,2385
"hybrid","target_score=23;target_unique=4",200,round_score,6,3406
"hybrid","target_score=23;target_unique=4",200,round_score,7,3484
"hybrid","target_score=23;target_unique=4",200,round_score,8,4624
"hybrid","target_score=23;target_unique=4",200,round_score,9,4840
"hybrid","target_score=23;target_unique=4",200,round_score,10,5902
"hybrid","target_score=23;target_unique=4",200,round_score,11,6627
"hybrid","target_score=23;target_unique=4",200,round_score,12,7552
"hybrid","target_score=23;target_unique=4",200,round_score,13,2714
"hybrid","target_score=23;target_unique=4",200,round_score,14,3361
"hybrid","target_score=23;target_unique=4",200,round_score,15,3995
"hybrid","target_score=23;target_unique=4",200,round_score,16,4685
"hybrid","target_score=23;target_unique=4",200,round_score,17,5327
"hybrid","target_score=23;target_unique=4",200,round_score,18,6202
"hybrid","target_score=23;target_unique=4",200,round_score,19,7344
"hybrid","target_score=23;target_unique=4",200,round_score,20,8003
"hybrid","target_score=23;target_unique=4",200,round_score,21,9659
"hybrid","target_score=23;target_unique=4",200,round_score,22,10797
"hybrid","target_score=23;target_unique=4",200,round_score,23,105436
"hybrid","target_score=23;target_unique=4",200,round_score,24,77076
"hybrid","target_score=23;target_unique=4",200,round_score,25,73802
"hybrid","target_score=23;target_unique=4",200,round_score,26,72944
"hybrid","target_score=23;target_unique=4",200,round_score,27,72824
"hybrid","target_score=23;target_unique=4",200,round_score,28,65274
"hybrid","target_score=23;target_unique=4",200,round_score,29,58637
"hybrid","target_score=23;target_unique=4",200,round_score,30,53435
"hybrid","target_score=23;target_unique=4",200,round_score,31,39767
"hybrid","target_score=23;target_unique=4",200,round_score,32,29166
"hybrid","target_score=23;target_unique=4",200,round_score,33,21722
"hybrid","target_score=23;target_unique=4",200,round_score,34,11084
"hybrid","target_score=23;target_unique=4",200,round_score,35,1925
"hybrid","target_score=23;target_unique=4",200,round_score,36,5023
"hybrid","target_score=23;target_unique=4",200,round_score,37,1696
"hybrid","target_score=23;target_unique=4",200,round_score,38,5403
"hybrid","target_score=23;target_unique=4",200,round_score,39,1439
"hybrid","target_score=23;target_unique=4",200,round_score,40,4254
"hybrid","target_score=23;target_unique=4",200,round_score,41,1163
"hybrid","target_score=23;target_unique=4",200,round_score,42,4247
"hybrid","target_score=23;target_unique=4",200,round_score,43,820
"hybrid","target_score=23;target_unique=4",200,round_score,44,2711
"hybrid","target_score=23;target_unique=4",200,round_score,45,645
"hybrid","target_score=23;target_unique=4",200,round_score,46,1384
"hybrid","target_score=23;target_unique=4",200,round_score,47,422
"hybrid","target_score=23;target_unique=4",200,round_score,48,500
"hybrid","target_score=23;target_unique=4",200,round_score,49,214
"hybrid","target_score=23;target_unique=4",200,round_score,50,384
"hybrid","target_score=23;target_unique=4",200,round_score,51,96
"hybrid","target_score=23;target_unique=4",200,round_score,52,223
"hybrid","target_score=23;target_unique=4",200,round_score,53,49
"hybrid","target_score=23;target_unique=4",200,round_score,54,188
"hybrid","target_score=23;target_unique=4",200,round_score,55,27
"hybrid","target_score=23;target_unique=4",200,round_score,56,183
"hybrid","target_score=23;target_unique=4",200,round_score,57,20
"hybrid","target_score=23;target_unique=4",200,round_score,58,140
"hybrid","target_score=23;target_unique=4",200,round_score,59,11
"hybrid","target_score=23;target_unique=4",200,round_score,60,136
"hybrid","target_score=23;target_unique=4",200,round_score,61,10
"hybrid","target_score=23;target_unique=4",200,round_score,62,112
"hybrid","target_score=23;target_unique=4",200,round_score,63,14
"hybrid","target_score=23;target_unique=4",200,round_score,64,124
"hybrid","target_score=23;target_unique=4",200,round_score,65,11
"hybrid","target_score=23;target_unique=4",200,round_score,66,118
"hybrid","target_score=23;target_unique=4",200,round_score,67,5
"hybrid","target_score=23;target_unique=4",200,round_score,68,95
"hybrid","target_score=23;target_unique=4",200,round_score,69,3
"hybrid","target_score=23;target_unique=4",200,round_score,70,85
"hybrid","target_score=23;target_unique=4",200,round_score,71,8
"hybrid","target_score=23;target_unique=4",200,round_score,72,94
"hybrid","target_score=23;target_unique=4",200,round_score,73,5
"hybrid","target_score=23;target_unique=4",200,round_score,74,68
"hybrid","target_score=23;target_unique=4",200,round_score,75,8
"hybrid","target_score=23;target_unique=4",200,round_score,76,60
"hybrid","target_score=23;target_unique=4",200,round_score,77,5
"hybrid","target_score=23;target_unique=4",200,round_score,78,76
"hybrid","target_score=23;target_unique=4",200,round_score,80,33
"hybrid","target_score=23;target_unique=4",200,round_score,82,23
"hybrid","target_score=23;target_unique=4",200,round_score,84,19
"hybrid","target_score=23;target_unique=4",200,round_score,86,8
"hybrid","target_score=23;target_unique=4",200,round_score,88,8
"hybrid","target_score=23;target_unique=4",200,round_score,90,6
"hybrid","target_score=23;target_unique=4",200,round_score,92,5
"hybrid","target_score=23;target_unique=4",200,round_score,94,4
"hybrid","target_score=23;target_unique=4",200,round_score,96,2
"hybrid","target_score=23;target_unique=4",200,round_score,97,1
"hybrid","target_score=23;target_unique=4",200,round_score,98,2
"hybrid","target_score=23;target_unique=4",200,round_score,99,1
"hybrid","target_score=23;target_unique=4",200,round_score,100,1
"hybrid","target_score=23;target_unique=4",200,round_score,102,3
"hybrid","target_score=23;target_unique=4",200,round_score,104,1
"hybrid","target_score=23;target_unique=4",200,round_score,106,1
"hybrid","target_score=23;target_unique=4",200,round_score,108,2
"hybrid","target_score=23;target_unique=4",200,round_score,110,1
"hybrid","target_score=23;target_unique=4",200,round_score,111,1
"hybrid","target_score=23;target_unique=4",200,round_score,114,1
"hybrid","target_score=23;target_unique=4",200,round_score,115,1
"hybrid","target_score=23;target_unique=4",200,round_score,117,1
"hybrid","target_score=23;target_unique=4",200,round_score,123,1
"hybrid","target_score=23;target_unique=4",200,round_score,127,1
"hybrid","target_score=23;target_unique=4",200,round_score,133,1
"hybrid","target_score=23;target_unique=4",200,round_end,bust,274327
"hybrid","target_score=23;target_unique=4",200,round_end,flip7,164
"hybrid","target_score=23;target_unique=4",200,round_end,freeze,121880
"hybrid","target_score=23;target_unique=4",200,round_end,finish,738634
"hybrid","target_score=23;target_unique=4",200,round_end,deck_exhausted,0
"hybrid","target_score=23;target_unique=4",200,final_score,200,3804
"hybrid","target_score=23;target_unique=4",200,final_score,201,3754
"hybrid","target_score=23;target_unique=4",200,final_score,202,3771
"hybrid","target_score=23;target_unique=4",200,final_score,203,3798
"hybrid","target_score=23;target_unique=4",200,final_score,204,3811
"hybrid","target_score=23;target_unique=4",200,final_score,205,3725
"hybrid","target_score=23;target_unique=4",200,final_score,206,3836
"hybrid","target_score=23;target_unique=4",200,final_score,207,3731
"hybrid","target_score=23;target_unique=4",200,final_score,208,3755
"hybrid","target_score=23;target_unique=4",200,final_score,209,3770
"hybrid","target_score=23;target_unique=4",200,final_score,210,3736
"hybrid","target_score=23;target_unique=4",200,final_score,211,3764
"hybrid","target_score=23;target_unique=4",200,final_score,212,3656
"hybrid","target_score=23;target_unique=4",200,final_score,213,3631
"hybrid","target_score=23;target_unique=4",200,final_score,214,3687
"hybrid","target_score=23;target_unique=4",200,final_score,215,3673
"hybrid","target_score=23;target_unique=4",200,final_score,216,3740
"hybrid","target_score=23;target_unique=4",200,final_score,217,3677
"hybrid","target_score=23;target_unique=4",200,final_score,218,3604
"hybrid","target_score=23;target_unique=4",200,final_score,219,3446
"hybrid","target_score=23;target_unique=4",200,final_score,220,3355
"hybrid","target_score=23;target_unique=4",200,final_score,221,3421
"hybrid","target_score=23;target_unique=4",200,final_score,222,3289
"hybrid","target_score=23;target_unique=4",200,final_score,223,2828
"hybrid","target_score=23;target_unique=4",200,final_score,224,2511
"hybrid","target_score=23;target_unique=4",200,final_score,225,2162
"hybrid","target_score=23;target_unique=4",200,final_score,226,1842
"hybrid","target_score=23;target_unique=4",200,final_score,227,1437
"hybrid","target_score=23;target_unique=4",200,final_score,228,1134
"hybrid","target_score=23;target_unique=4",200,final_score,229,898
"hybrid","target_score=23;target_unique=4",200,final_score,230,635
"hybrid","target_score=23;target_unique=4",200,final_score,231,440
"hybrid","target_score=23;target_unique=4",200,final_score,232,319
"hybrid","target_score=23;target_unique=4",200,final_score,233,210
"hybrid","target_score=23;target_unique=4",200,final_score,234,128
"hybrid","target_score=23;target_unique=4",200,final_score,235,156
"hybrid","target_score=23;target_unique=4",200,final_score,236,113
"hybrid","target_score=23;target_unique=4",200,final_score,237,108
"hybrid","target_score=23;target_unique=4",200,final_score,238,90
"hybrid","target_score=23;target_unique=4",200,final_score,239,82
"hybrid","target_score=23;target_unique=4",200,final_score,240,68
"hybrid","target_score=23;target_unique=4",200,final_score,241,63
"hybrid","target_score=23;target_unique=4",200,final_score,242,45
"hybrid","target_score=23;target_unique=4",200,final_score,243,38
"hybrid","target_score=23;target_unique=4",200,final_score,244,31
"hybrid","target_score=23;target_unique=4",200,final_score,245,27
"hybrid","target_score=23;target_unique=4",200,final_score,246,22
"hybrid","target_score=23;target_unique=4",200,final_score,247,15
"hybrid","target_score=23;target_unique=4",200,final_score,248,19
"hybrid","target_score=23;target_unique=4",200,final_score,249,10
"hybrid","target_score=23;target_unique=4",200,final_score,250,12
"hybrid","target_score=23;target_unique=4",200,final_score,251,9
"hybrid","target_score=23;target_unique=4",200,final_score,252,8
"hybrid","target_score=23;target_unique=4",200,final_score,253,7
"hybrid","target_score=23;target_unique=4",200,final_score,254,4
"hybrid","target_score=23;target_unique=4",200,final_score,255,7
"hybrid","target_score=23;target_unique=4",200,final_score,256,6
"hybrid","target_score=23;target_unique=4",200,final_score,257,6
"hybrid","target_score=23;target_unique=4",200,final_score,258,5
"hybrid","target_score=23;target_unique=4",200,final_score,259,5
"hybrid","target_score=23;target_unique=4",200,final_score,260,4
"hybrid","target_score=23;target_unique=4",200,final_score,261,3
"hybrid","target_score=23;target_unique=4",200,final_score,262,3
"hybrid","target_score=23;target_unique=4",200,final_score,263,4
"hybrid","target_score=23;target_unique=4",200,final_score,264,5
"hybrid","target_score=23;target_unique=4",200,final_score,265,5
"hybrid","target_score=23;target_unique=4",200,final_score,266,2
"hybrid","target_score=23;target_unique=4",200,final_score,267,4
"hybrid","target_score=23;target_unique=4",200,final_score,268,6
"hybrid","target_score=23;target_unique=4",200,final_score,269,4
"hybrid","target_score=23;target_unique=4",200,final_score,270,4
"hybrid","target_score=23;target_unique=4",200,final_score,271,1
"hybrid","target_score=23;target_unique=4",200,final_score,272,2
"hybrid","target_score=23;target_unique=4",200,final_score,273,1
"hybrid","target_score=23;target_unique=4",200,final_score,274,3
"hybrid","target_score=23;target_unique=4",200,final_score,275,2
"hybrid","target_score=23;target_unique=4",200,final_score,276,1
"hybrid","target_score=23;target_unique=4",200,final_score,277,1
"hybrid","target_score=23;target_unique=4",200,final_score,278,1
"hybrid","target_score=23;target_unique=4",200,final_score,279,2
"hybrid","target_score=23;target_unique=4",200,final_score,283,1
"hybrid","target_score=23;target_unique=4",200,final_score,284,1
"hybrid","target_score=23;target_unique=4",200,final_score,285,1
"hybrid","target_score=23;target_unique=4",200,final_score,288,1
"hybrid","target_score=23;target_unique=4",200,final_score,289,1
"hybrid","target_score=23;target_unique=4",200,final_score,297,1
"hybrid","target_score=23;target_unique=4",200,final_score,303,1
"hybrid","target_score=23;target_unique=4",200,final_score,321,1
"hybrid","target_score=23;target_unique=5",200,round_score,0,316290
"hybrid","target_score=23;target_unique=5",200,round_score,1,462
"hybrid","target_score=23;target_unique=5",200,round_score,2,1376
"hybrid","target_score=23;target_unique=5",200,round_score,3,1387
"hybrid","target_score=23;target_unique=5",200,round_score,4,2294
"hybrid","target_score=23;target_unique=5",200,round_score,5,2360
"hybrid","target_score=23;target_unique=5",200,round_score,6,3409
"hybrid","target_score=23;target_unique=5",200,round_score,7,3478
"hybrid","target_score=23;target_unique=5",200,round_score,8,4623
"hybrid","target_score=23;target_unique=5",200,round_score,9,4787
"hybrid","target_score=23;target_unique=5",200,round_score,10,5852
"hybrid","target_score=23;target_unique=5",200,round_score,11,6546
"hybrid","target_score=23;target_unique=5",200,round_score,12,7389
"hybrid","target_score=23;target_unique=5",200,round_score,13,2441
"hybrid","target_score=23;target_unique=5",200,round_score,14,2959
"hybrid","target_score=23;target_unique=5",200,round_score,15,3384
"hybrid","target_score=23;target_unique=5",200,round_score,16,3763
"hybrid","target_score=23;target_unique=5",200,round_score,17,4071
"hybrid","target_score=23;target_unique=5",200,round_score,18,4213
"hybrid","target_score=23;target_unique=5",200,round_score,19,4674
"hybrid","target_score=23;target_unique=5",200,round_score,20,4328
"hybrid","target_score=23;target_unique=5",200,round_score,21,4843
"hybrid","target_score=23;target_unique=5",200,round_score,22,4391
"hybrid","target_score=23;target_unique=5",200,round_score,23,105776
"hybrid","target_score=23;target_unique=5",200,round_score,24,77827
"hybrid","target_score=23;target_unique=5",200,round_score,25,74629
"hybrid","target_score=23;target_unique=5",200,round_score,26,74167
"hybrid","target_score=23;target_unique=5",200,round_score,27,74161
"hybrid","target_score=23;target_unique=5",200,round_score,28,66827
"hybrid","target_score=23;target_unique=5",200,round_score,29,60248
"hybrid","target_score=23;target_unique=5",200,round_score,30,55357
"hybrid","target_score=23;target_unique=5",200,round_score,31,41566
"hybrid","target_score=23;target_unique=5",200,round_score,32,31000
"hybrid","target_score=23;target_unique=5",200,round_score,33,23167
"hybrid","target_score=23;target_unique=5",200,round_score,34,11977
"hybrid","target_score=23;target_unique=5",200,round_score,35,1944
"hybrid","target_score=23;target_unique=5",200,round_score,36,5010
"hybrid","target_score=23;target_unique=5",200,round_score,37,1727
"hybrid","target_score=23;target_unique=5",200,round_score,38,5473
"hybrid","target_score=23;target_unique=5",200,round_score,39,1445
"hybrid","target_score=23;target_unique=5",200,round_score,40,4313
"hybrid","target_score=23;target_unique=5",200,round_score,41,1167
"hybrid","target_score=23;target_unique=5",200,round_score,42,4283
"hybrid","target_score=23;target_unique=5",200,round_score,43,813
"hybrid","target_score=23;target_unique=5",200,round_score,44,2774
"hybrid","target_score=23;target_unique=5",200,round_score,45,649
"hybrid","target_score=23;target_unique=5",200,round_score,46,1361
"hybrid","target_score=23;target_unique=5",200,round_score,47,426
"hybrid","target_score=23;target_unique=5",200,round_score,48,504
"hybrid","target_score=23;target_unique=5",200,round_score,49,220
"hybrid","target_score=23;target_unique=5",200,round_score,50,385
"hybrid","target_score=23;target_unique=5",200,round_score,51,103
"hybrid","target_score=23;target_unique=5",200,round_score,52,228
"hybrid","target_score=23;target_unique=5",200,round_score,53,55
"hybrid","target_score=23;target_unique=5",200,round_score,54,197
"hybrid","target_score=23;target_unique=5",200,round_score,55,34
"hybrid","target_score=23;target_unique=5",200,round_score,56,192
"hybrid","target_score=23;target_unique=5",200,round_score,57,33
"hybrid","target_score=23;target_unique=5",200,round_score,58,151
"hybrid","target_score=23;target_unique=5",200,round_score,59,20
"hybrid","target_score=23;target_unique=5",200,round_score,60,152
"hybrid","target_score=23;target_unique=5",200,round_score,61,22
"hybrid","target_score=23;target_unique=5",200,round_score,62,138
"hybrid","target_score=23;target_unique=5",200,round_score,63,28
"hybrid","target_score=23;target_unique=5",200,round_score,64,133
"hybrid","target_score=23;target_unique=5",200,round_score,65,18
"hybrid","target_score=23;target_unique=5",200,round_score,66,122
"hybrid","target_score=23;target_unique=5",200,round_score,67,14
"hybrid","target_score=23;target_unique=5",200,round_score,68,103
"hybrid","target_score=23;target_unique=5",200,round_score,69,4
"hybrid","target_score=23;target_unique=5",200,round_score,70,89
"hybrid","target_score=23;target_unique=5",200,round_score,71,9
"hybrid","target_score=23;target_unique=5",200,round_score,72,94
"hybrid","target_score=23;target_unique=5",200,round_score,73,5
"hybrid","target_score=23;target_unique=5",200,round_score,74,69
"hybrid","target_score=23;target_unique=5",200,round_score,75,8
"hybrid","target_score=23;target_unique=5",200,round_score,76,66
"hybrid","target_score=23;target_unique=5",200,round_score,77,5
"hybrid","target_score=23;target_unique=5",200,round_score,78,75
"hybrid","target_score=23;target_unique=5",200,round_score,80,32
"hybrid","target_score=23;target_unique=5",200,round_score,82,26
"hybrid","target_score=23;target_unique=5",200,round_score,84,17
"hybrid","target_score=23;target_unique=5",200,round_score,86,8
"hybrid","target_score=23;target_unique=5",200,round_score,88,9
"hybrid","target_score=23;target_unique=5",200,round_score,90,6
"hybrid","target_score=23;target_unique=5",200,round_score,92,5
"hybrid","target_score=23;target_unique=5",200,round_score,94,4
"hybrid","target_score=23;target_unique=5",200,round_score,96,2
"hybrid","target_score=23;target_unique=5",200,round_score,97,1
"hybrid","target_score=23;target_unique=5",200,round_score,98,2
"hybrid","target_score=23;target_unique=5",200,round_score,99,1
"hybrid","target_score=23;target_unique=5",200,round_score,100,1
"hybrid","target_score=23;target_unique=5",200,round_score,102,3
"hybrid","target_score=23;target_unique=5",200,round_score,104,1
"hybrid","target_score=23;target_unique=5",200,round_score,106,1
"hybrid","target_score=23;target_unique=5",200,round_score,108,1
"hybrid","target_score=23;target_unique=5",200,round_score,110,1
"hybrid","target_score=23;target_unique=5",200,round_score,111,1
"hybrid","target_score=23;target_unique=5",200,round_score,114,1
"hybrid","target_score=23;target_unique=5",200,round_score,115,1
"hybrid","target_score=23;target_unique=5",200,round_score,117,1
"hybrid","target_score=23;target_unique=5",200,round_score,123,1
"hybrid","target_score=23;target_unique=5",200,round_score,127,1
"hybrid","target_score=23;target_unique=5",200,round_score,133,1
"hybrid","target_score=23;target_unique=5",200,round_end,bust,277813
"hybrid","target_score=23;target_unique=5",200,round_end,flip7,347
"hybrid","target_score=23;target_unique=5",200,round_end,freeze,122441
"hybrid","target_score=23;target_unique=5",200,round_end,finish,730210
"hybrid","target_score=23;target_unique=5",200,round_end,deck_exhausted,0
"hybrid","target_score=23;target_unique=5",200,final_score,200,3759
"hybrid","target_score=23;target_unique=5",200,final_score,201,3747
"hybrid","target_score=23;target_unique=5",200,final_score,202,3772
"hybrid","target_score=23;target_unique=5",200,final_score,203,3771
"hybrid","target_score=23;target_unique=5",200,final_score,204,3739
"hybrid","target_score=23;target_unique=5",200,final_score,205,3595
"hybrid","target_score=23;target_unique=5",200,final_score,206,3713
"hybrid","target_score=23;target_unique=5",200,final_score,207,3591
"hybrid","target_score=23;target_unique=5",200,final_score,208,3703
"hybrid","target_score=23;target_unique=5",200,final_score,209,3697
"hybrid","target_score=23;target_unique=5",200,final_score,210,3663
"hybrid","target_score=23;target_unique=5",200,final_score,211,3688
"hybrid","target_score=23;target_unique=5",200,final_score,212,3671
"hybrid","target_score=23;target_unique=5",200,final_score,213,3604
"hybrid","target_score=23;target_unique=5",200,final_score,214,3699
"hybrid","target_score=23;target_unique=5",200,final_score,215,3651
"hybrid","target_score=23;target_unique=5",200,final_score,216,3647
"hybrid","target_score=23;target_unique=5",200,final_score,217,3654
"hybrid","target_score=23;target_unique=5",200,final_score,218,3635
"hybrid","target_score=23;target_unique=5",200,final_score,219,3437
"hybrid","target_score=23;target_unique=5",200,final_score,220,3405
"hybrid","target_score=23;target_unique=5",200,final_score,221,3502
"hybrid","target_score=23;target_unique=5",200,final_score,222,3447
"hybrid","target_score=23;target_unique=5",200,final_score,223,2944
"hybrid","target_score=23;target_unique=5",200,final_score,224,2580
"hybrid","target_score=23;target_unique=5",200,final_score,225,2303
"hybrid","target_score=23;target_unique=5",200,final_score,226,1885
"hybrid","target_score=23;target_unique=5",200,final_score,227,1488
"hybrid","target_score=23;target_unique=5",200,final_score,228,1183
"hybrid","target_score=23;target_unique=5",200,final_score,229,934
"hybrid","target_score=23;target_unique=5",200,final_score,230,670
"hybrid","target_score=23;target_unique=5",200,final_score,231,471
"hybrid","target_score=23;target_unique=5",200,final_score,232,325
"hybrid","target_score=23;target_unique=5",200,final_score,233,240
"hybrid","target_score=23;target_unique=5",200,final_score,234,123
"hybrid","target_score=23;target_unique=5",200,final_score,235,171
"hybrid","target_score=23;target_unique=5",200,final_score,236,121
"hybrid","target_score=23;target_unique=5",200,final_score,237,117
"hybrid","target_score=23;target_unique=5",200,final_score,238,85
"hybrid","target_score=23;target_unique=5",200,final_score,239,79
"hybrid","target_score=23;target_unique=5",200,final_score,240,66
"hybrid","target_score=23;target_unique=5",200,final_score,241,69
"hybrid","target_score=23;target_unique=5",200,final_score,242,41
"hybrid","target_score=23;target_unique=5",200,final_score,243,39
"hybrid","target_score=23;target_unique=5",200,final_score,244,33
"hybrid","target_score=23;target_unique=5",200,final_score,245,26
"hybrid","target_score=23;target_unique=5",200,final_score,246,21
"hybrid","target_score=23;target_unique=5",200,final_score,247,16
"hybrid","target_score=23;target_unique=5",200,final_score,248,25
"hybrid","target_score=23;target_unique=5",200,final_score,249,13
"hybrid","target_score=23;target_unique=5",200,final_score,250,14
"hybrid","target_score=23;target_unique=5",200,final_score,251,8
"hybrid","target_score=23;target_unique=5",200,final_score,252,9
"hybrid","target_score=23;target_unique=5",200,final_score,253,10
"hybrid","target_score=23;target_unique=5",200,final_score,254,8
"hybrid","target_score=23;target_unique=5",200,final_score,255,7
"hybrid","target_score=23;target_unique=5",200,final_score,256,6
"hybrid","target_score=23;target_unique=5",200,final_score,257,8
"hybrid","target_score=23;target_unique=5",200,final_score,258,5
"hybrid","target_score=23;target_unique=5",200,final_score,259,7
"hybrid","target_score=23;target_unique=5",200,final_score,260,5
"hybrid","target_score=23;target_unique=5",200,final_score,261,2
"hybrid","target_score=23;target_unique=5",200,final_score,262,2
"hybrid","target_score=23;target_unique=5",200,final_score,263,3
"hybrid","target_score=23;target_unique=5",200,final_score,264,5
"hybrid","target_score=23;target_unique=5",200,final_score,265,5
"hybrid","target_score=23;target_unique=5",200,final_score,266,2
"hybrid","target_score=23;target_unique=5",200,final_score,267,2
"hybrid","target_score=23;target_unique=5",200,final_score,268,5
"hybrid","target_score=23;target_unique=5",200,final_score,269,5
"hybrid","target_score=23;target_unique=5",200,final_score,270,5
"hybrid","target_score=23;target_unique=5",200,final_score,271,1
"hybrid","target_score=23;target_unique=5",200,final_score,272,1
"hybrid","target_score=23;target_unique=5",200,final_score,273,1
"hybrid","target_score=23;target_unique=5",200,final_score,274,3
"hybrid","target_score=23;target_unique=5",200,final_score,275,2
"hybrid","target_score=23;target_unique=5",200,final_score,276,1
"hybrid","target_score=23;target_unique=5",200,final_score,277,1
"hybrid","target_score=23;target_unique=5",200,final_score,278,1
"hybrid","target_score=23;target_unique=5",200,final_score,279,1
"hybrid","target_score=23;target_unique=5",200,final_score,284,1
"hybrid","target_score=23;target_unique=5",200,final_score,285,1
"hybrid","target_score=23;target_unique=5",200,final_score,288,1
"hybrid","target_score=23;target_unique=5",200,final_score,289,1
"hybrid","target_score=23;target_unique=5",200,final_score,297,1
"hybrid","target_score=23;target_unique=5",200,final_score,303,1
"hybrid","target_score=23;target_unique=5",200,final_score,321,1
"hybrid","target_score=23;target_unique=6",200,round_score,0,316442
"hybrid","target_score=23;target_unique=6",200,round_score,1,462
"hybrid","target_score=23;target_unique=6",200,round_score,2,1371
"hybrid","target_score=23;target_unique=6",200,round_score,3,1392
"hybrid","target_score=23;target_unique=6",200,round_score,4,2297
"hybrid","target_score=23;target_unique=6",200,round_score,5,2355
"hybrid","target_score=23;target_unique=6",200,round_score,6,3415
"hybrid","target_score=23;target_unique=6",200,round_score,7,3483
"hybrid","target_score=23;target_unique=6",200,round_score,8,4613
"hybrid","target_score=23;target_unique=6",200,round_score,9,4779
"hybrid","target_score=23;target_unique=6",200,round_score,10,5846
"hybrid","target_score=23;target_unique=6",200,round_score,11,6538
"hybrid","target_score=23;target_unique=6",200,round_score,12,7396
"hybrid","target_score=23;target_unique=6",200,round_score,13,2438
"hybrid","target_score=23;target_unique=6",200,round_score,14,2939
"hybrid","target_score=23;target_unique=6",200,round_score,15,3380
"hybrid","target_score=23;target_unique=6",200,round_score,16,3718
"hybrid","target_score=23;target_unique=6",200,round_score,17,4024
"hybrid","target_score=23;target_unique=6",200,round_score,18,4131
"hybrid","target_score=23;target_unique=6",200,round_score,19,4562
"hybrid","target_score=23;target_unique=6",200,round_score,20,4083
"hybrid","target_score=23;target_unique=6",200,round_score,21,4525
"hybrid","target_score=23;target_unique=6",200,round_score,22,3910
"hybrid","target_score=23;target_unique=6",200,round_score,23,105773
"hybrid","target_score=23;target_unique=6",200,round_score,24,77841
"hybrid","target_score=23;target_unique=6",200,round_score,25,74648
"hybrid","target_score=23;target_unique=6",200,round_score,26,74200
"hybrid","target_score=23;target_unique=6",200,round_score,27,74221
"hybrid","target_score=23;target_unique=6",200,round_score,28,66913
"hybrid","target_score=23;target_unique=6",200,round_score,29,60357
"hybrid","target_score=23;target_unique=6",200,round_score,30,55475
"hybrid","target_score=23;target_unique=6",200,round_score,31,41693
"hybrid","target_score=23;target_unique=6",200,round_score,32,31142
"hybrid","target_score=23;target_unique=6",200,round_score,33,23287
"hybrid","target_score=23;target_unique=6",200,round_score,34,12057
"hybrid","target_score=23;target_unique=6",200,round_score,35,1940
"hybrid","target_score=23;target_unique=6",200,round_score,36,5013
"hybrid","target_score=23;target_unique=6",200,round_score,37,1728
"hybrid","target_score=23;target_unique=6",200,round_score,38,5471
"hybrid","target_score=23;target_unique=6",200,round_score,39,1444
"hybrid","target_score=23;target_unique=6",200,round_score,40,4308
"hybrid","target_score=23;target_unique=6",200,round_score,41,1170
"hybrid","target_score=23;target_unique=6",200,round_score,42,4284
"hybrid","target_score=23;target_unique=6",200,round_score,43,813
"hybrid","target_score=23;target_unique=6",200,round_score,44,2778
"hybrid","target_score=23;target_unique=6",200,round_score,45,650
"hybrid","target_score=23;target_unique=6",200,round_score,46,1358
"hybrid","target_score=23;target_unique=6",200,round_score,47,426
"hybrid","target_score=23;target_unique=6",200,round_score,48,503
"hybrid","target_score=23;target_unique=6",200,round_score,49,222
"hybrid","target_score=23;target_unique=6",200,round_score,50,385
"hybrid","target_score=23;target_unique=6",200,round_score,51,103
"hybrid","target_score=23;target_unique=6",200,round_score,52,233
"hybrid","target_score=23;target_unique=6",200,round_score,53,56
"hybrid","target_score=23;target_unique=6",200,round_score,54,199
"hybrid","target_score=23;target_unique=6",200,round_score,55,38
"hybrid","target_score=23;target_unique=6",200,round_score,56,194
"hybrid","target_score=23;target_unique=6",200,round_score,57,33
"hybrid","target_score=23;target_unique=6",200,round_score,58,154
"hybrid","target_score=23;target_unique=6",200,round_score,59,20
"hybrid","target_score=23;target_unique=6",200,round_score,60,151
"hybrid","target_score=23;target_unique=6",200,round_score,61,23
"hybrid","target_score=23;target_unique=6",200,round_score,62,139
"hybrid","target_score=23;target_unique=6",200,round_score,63,28
"hybrid","target_score=23;target_unique=6",200,round_score,64,132
"hybrid","target_score=23;target_unique=6",200,round_score,65,18
"hybrid","target_score=23;target_unique=6",200,round_score,66,121
"hybrid","target_score=23;target_unique=6",200,round_score,67,14
"hybrid","target_score=23;target_unique=6",200,round_score,68,103
"hybrid","target_score=23;target_unique=6",200,round_score,69,4
"hybrid","target_score=23;target_unique=6",200,round_score,70,89
"hybrid","target_score=23;target_unique=6",200,round_score,71,9
"hybrid","target_score=23;target_unique=6",200,round_score,72,93
"hybrid","target_score=23;target_unique=6",200,round_score,73,5
"hybrid","target_score=23;target_unique=6",200,round_score,74,69
"hybrid","target_score=23;target_unique=6",200,round_score,75,8
"hybrid","target_score=23;target_unique=6",200,round_score,76,66
"hybrid","target_score=23;target_unique=6",200,round_score,77,5
"hybrid","target_score=23;target_unique=6",200,round_score,78,75
"hybrid","target_score=23;target_unique=6",200,round_score,80,33
"hybrid","target_score=23;target_unique=6",200,round_score,82,26
"hybrid","target_score=23;target_unique=6",200,round_score,84,17
"hybrid","target_score=23;target_unique=6",200,round_score,86,8
"hybrid","target_score=23;target_unique=6",200,round_score,88,9
"hybrid","target_score=23;target_unique=6",200,round_score,90,6
"hybrid","target_score=23;target_unique=6",200,round_score,92,5
"hybrid","target_score=23;target_unique=6",200,round_score,94,4
"hybrid","target_score=23;target_unique=6",200,round_score,96,2
"hybrid","target_score=23;target_unique=6",200,round_score,97,1
"hybrid","target_score=23;target_unique=6",200,round_score,98,2
"hybrid","target_score=23;target_unique=6",200,round_score,99,1
"hybrid","target_score=23;target_unique=6",200,round_score,100,1
"hybrid","target_score=23;target_unique=6",200,round_score,102,3
"hybrid","target_score=23;target_unique=6",200,round_score,104,1
"hybrid","target_score=23;target_unique=6",200,round_score,106,1
"hybrid","target_score=23;target_unique=6",200,round_score,108,1
"hybrid","target_score=23;target_unique=6",200,round_score,110,1
"hybrid","target_score=23;target_unique=6",200,round_score,111,1
"hybrid","target_score=23;target_unique=6",200,round_score,114,1
"hybrid","target_score=23;target_unique=6",200,round_score,115,1
"hybrid","target_score=23;target_unique=6",200,round_score,117,1
"hybrid","target_score=23;target_unique=6",200,round_score,123,1
"hybrid","target_score=23;target_unique=6",200,round_score,127,1
"hybrid","target_score=23;target_unique=6",200,round_score,133,1
"hybrid","target_score=23;target_unique=6",200,round_end,bust,277978
"hybrid","target_score=23;target_unique=6",200,round_end,flip7,372
"hybrid","target_score=23;target_unique=6",200,round_end,freeze,122462
"hybrid","target_score=23;target_unique=6",200,round_end,finish,729698
"hybrid","target_score=23;target_unique=6",200,round_end,deck_exhausted,0
"hybrid","target_score=23;target_unique=6",200,final_score,200,3767
"hybrid","target_score=23;target_unique=6",200,final_score,201,3748
"hybrid","target_score=23;target_unique=6",200,final_score,202,3777
"hybrid","target_score=23;target_unique=6",200,final_score,203,3771
"hybrid","target_score=23;target_unique=6",200,final_score,204,3742
"hybrid","target_score=23;target_unique=6",200,final_score,205,3594
"hybrid","target_score=23;target_unique=6",200,final_score,206,3695
"hybrid","target_score=23;target_unique=6",200,final_score,207,3587
"hybrid","target_score=23;target_unique=6",200,final_score,208,3695
"hybrid","target_score=23;target_unique=6",200,final_score,209,3692
"hybrid","target_score=23;target_unique=6",200,final_score,210,3664
"hybrid","target_score=23;target_unique=6",200,final_score,211,3685
"hybrid","target_score=23;target_unique=6",200,final_score,212,3663
"hybrid","target_score=23;target_unique=6",200,final_score,213,3600
"hybrid","target_score=23;target_unique=6",200,final_score,214,3698
"hybrid","target_score=23;target_unique=6",200,final_score,215,3649
"hybrid","target_score=23;target_unique=6",200,final_score,216,3630
"hybrid","target_score=23;target_unique=6",200,final_score,217,3667
"hybrid","target_score=23;target_unique=6",200,final_score,218,3637
"hybrid","target_score=23;target_unique=6",200,final_score,219,3444
"hybrid","target_score=23;target_unique=6",200,final_score,220,3403
"hybrid","target_score=23;target_unique=6",200,final_score,221,3504
"hybrid","target_score=23;target_unique=6",200,final_score,222,3458
"hybrid","target_score=23;target_unique=6",200,final_score,223,2944
"hybrid","target_score=23;target_unique=6",200,final_score,224,2582
"hybrid","target_score=23;target_unique=6",200,final_score,225,2304
"hybrid","target_score=23;target_unique=6",200,final_score,226,1891
"hybrid","target_score=23;target_unique=6",200,final_score,227,1487
"hybrid","target_score=23;target_unique=6",200,final_score,228,1189
"hybrid","target_score=23;target_unique=6",200,final_score,229,936
"hybrid","target_score=23;target_unique=6",200,final_score,230,671
"hybrid","target_score=23;target_unique=6",200,final_score,231,475
"hybrid","target_score=23;target_unique=6",200,final_score,232,324
"hybrid","target_score=23;target_unique=6",200,final_score,233,239
"hybrid","target_score=23;target_unique=6",200,final_score,234,120
"hybrid","target_score=23;target_unique=6",200,final_score,235,172
"hybrid","target_score=23;target_unique=6",200,final_score,236,122
"hybrid","target_score=23;target_unique=6",200,final_score,237,117
"hybrid","target_score=23;target_unique=6",200,final_score,238,84
"hybrid","target_score=23;target_unique=6",200,final_score,239,79
"hybrid","target_score=23;target_unique=6",200,final_score,240,65
"hybrid","target_score=23;target_unique=6",200,final_score,241,70
"hybrid","target_score=23;target_unique=6",200,final_score,242,42
"hybrid","target_score=23;target_unique=6",200,final_score,243,39
"hybrid","target_score=23;target_unique=6",200,final_score,244,32
"hybrid","target_score=23;target_unique=6",200,final_score,245,27
"hybrid","target_score=23;target_unique=6",200,final_score,246,22
"hybrid","target_score=23;target_unique=6",200,final_score,247,16
"hybrid","target_score=23;target_unique=6",200,final_score,248,25
"hybrid","target_score=23;target_unique=6",200,final_score,249,13
"hybrid","target_score=23;target_unique=6",200,final_score,250,14
"hybrid","target_score=23;target_unique=6",200,final_score,251,8
"hybrid","target_score=23;target_unique=6",200,final_score,252,9
"hybrid","target_score=23;target_unique=6",200,final_score,253,10
"hybrid","target_score=23;target_unique=6",200,final_score,254,8
"hybrid","target_score=23;target_unique=6",200,final_score,255,7
"hybrid","target_score=23;target_unique=6",200,final_score,256,6
"hybrid","target_score=23;target_unique=6",200,final_score,257,8
"hybrid","target_score=23;target_unique=6",200,final_score,258,5
"hybrid","target_score=23;target_unique=6",200,final_score,259,7
"hybrid","target_score=23;target_unique=6",200,final_score,260,5
"hybrid","target_score=23;target_unique=6",200,final_score,261,2
"hybrid","target_score=23;target_unique=6",200,final_score,262,2
"hybrid","target_score=23;target_unique=6",200,final_score,263,3
"hybrid","target_score=23;target_unique=6",200,final_score,264,5
"hybrid","target_score=23;target_unique=6",200,final_score,265,5
"hybrid","target_score=23;target_unique=6",200,final_score,266,2
"hybrid","target_score=23;target_unique=6",200,final_score,267,2
"hybrid","target_score=23;target_unique=6",200,final_score,268,5
"hybrid","target_score=23;target_unique=6",200,final_score,269,5
"hybrid","target_score=23;target_unique=6",200,final_score,270,5
"hybrid","target_score=23;target_unique=6",200,final_score,271,1
"hybrid","target_score=23;target_unique=6",200,final_score,272,1
"hybrid","target_score=23;target_unique=6",200,final_score,273,2
"hybrid","target_score=23;target_unique=6",200,final_score,274,3
"hybrid","target_score=23;target_unique=6",200,final_score,275,2
"hybrid","target_score=23;target_unique=6",200,final_score,276,1
"hybrid","target_score=23;target_unique=6",200,final_score,277,1
"hybrid","target_score=23;target_unique=6",200,final_score,278,1
"hybrid","target_score=23;target_unique=6",200,final_score,279,1
"hybrid","target_score=23;target_unique=6",200,final_score,284,1
"hybrid","target_score=23;target_unique=6",200,final_score,285,1
"hybrid","target_score=23;target_unique=6",200,final_score,288,1
"hybrid","target_score=23;target_unique=6",200,final_score,289,1
"hybrid","target_score=23;target_unique=6",200,final_score,297,1
"hybrid","target_score=23;target_unique=6",200,final_score,303,1
"hybrid","target_score=23;target_unique=6",200,final_score,321,1
"hybrid","target_score=23;target_unique=7",200,round_score,0,316448
"hybrid","target_score=23;target_unique=7",200,round_score,1,462
"hybrid","target_score=23;target_unique=7",200,round_score,2,1371
"hybrid","target_score=23;target_unique=7",200,round_score,3,1392
"hybrid","target_score=23;target_unique=7",200,round_score,4,2296
"hybrid","target_score=23;target_unique=7",200,round_score,5,2354
"hybrid","target_score=23;target_unique=7",200,round_score,6,3415
"hybrid","target_score=23;target_unique=7",200,round_score,7,3483
"hybrid","target_score=23;target_unique=7",200,round_score,8,4613
"hybrid","target_score=23;target_unique=7",200,round_score,9,4778
"hybrid","target_score=23;target_unique=7",200,round_score,10,5847
"hybrid","target_score=23;target_unique=7",200,round_score,11,6535
"hybrid","target_score=23;target_unique=7",200,round_score,12,7393
"hybrid","target_score=23;target_unique=7",200,round_score,13,2438
"hybrid","target_score=23;target_unique=7",200,round_score,14,2939
"hybrid","target_score=23;target_unique=7",200,round_score,15,3379
"hybrid","target_score=23;target_unique=7",200,round_score,16,3718
"hybrid","target_score=23;target_unique=7",200,round_score,17,4021
"hybrid","target_score=23;target_unique=7",200,round_score,18,4130
"hybrid","target_score=23;target_unique=7",200,round_score,19,4558
"hybrid","target_score=23;target_unique=7",200,round_score,20,4079
"hybrid","target_score=23;target_unique=7",200,round_score,21,4506
"hybrid","target_score=23;target_unique=7",200,round_score,22,3894
"hybrid","target_score=23;target_unique=7",200,round_score,23,105772
"hybrid","target_score=23;target_unique=7",200,round_score,24,77839
"hybrid","target_score=23;target_unique=7",200,round_score,25,74651
"hybrid","target_score=23;target_unique=7",200,round_score,26,74204
"hybrid","target_score=23;target_unique=7",200,round_score,27,74218
"hybrid","target_score=23;target_unique=7",200,round_score,28,66911
"hybrid","target_score=23;target_unique=7",200,round_score,29,60359
"hybrid","target_score=23;target_unique=7",200,round_score,30,55478
"hybrid","target_score=23;target_unique=7",200,round_score,31,41687
"hybrid","target_score=23;target_unique=7",200,round_score,32,31139
"hybrid","target_score=23;target_unique=7",200,round_score,33,23288
"hybrid","target_score=23;target_unique=7",200,round_score,34,12056
"hybrid","target_score=23;target_unique=7",200,round_score,35,1940
"hybrid","target_score=23;target_unique=7",200,round_score,36,5013
"hybrid","target_score=23;target_unique=7",200,round_score,37,1728
"hybrid","target_score=23;target_unique=7",200,round_score,38,5469
"hybrid","target_score=23;target_unique=7",200,round_score,39,1445
"hybrid","target_score=23;target_unique=7",200,round_score,40,4310
"hybrid","target_score=23;target_unique=7",200,round_score,41,1170
"hybrid","target_score=23;target_unique=7",200,round_score,42,4286
"hybrid","target_score=23;target_unique=7",200,round_score,43,813
"hybrid","target_score=23;target_unique=7",200,round_score,44,2782
"hybrid","target_score=23;target_unique=7",200,round_score,45,656
"hybrid","target_score=23;target_unique=7",200,round_score,46,1361
"hybrid","target_score=23;target_unique=7",200,round_score,47,431
"hybrid","target_score=23;target_unique=7",200,round_score,48,510
"hybrid","target_score=23;target_unique=7",200,round_score,49,222
"hybrid","target_score=23;target_unique=7",200,round_score,50,385
"hybrid","target_score=23;target_unique=7",200,round_score,51,103
"hybrid","target_score=23;target_unique=7",200,round_score,52,233
"hybrid","target_score=23;target_unique=7",200,round_score,53,56
"hybrid","target_score=23;target_unique=7",200,round_score,54,199
"hybrid","target_score=23;target_unique=7",200,round_score,55,38
"hybrid","target_score=23;target_unique=7",200,round_score,56,194
"hybrid","target_score=23;target_unique=7",200,round_score,57,33
"hybrid","target_score=23;target_unique=7",200,round_score,58,154
"hybrid","target_score=23;target_unique=7",200,round_score,59,20
"hybrid","target_score=23;target_unique=7",200,round_score,60,151
"hybrid","target_score=23;target_unique=7",200,round_score,61,23
"hybrid","target_score=23;target_unique=7",200,round_score,62,139
"hybrid","target_score=23;target_unique=7",200,round_score,63,28
"hybrid","target_score=23;target_unique=7",200,round_score,64,132
"hybrid","target_score=23;target_unique=7",200,round_score,65,18
"hybrid","target_score=23;target_unique=7",200,round_score,66,121
"hybrid","target_score=23;target_unique=7",200,round_score,67,14
"hybrid","target_score=23;target_unique=7",200,round_score,68,103
"hybrid","target_score=23;target_unique=7",200,round_score,69,4
"hybrid","target_score=23;target_unique=7",200,round_score,70,89
"hybrid","target_score=23;target_unique=7",200,round_score,71,9
"hybrid","target_score=23;target_unique=7",200,round_score,72,93
"hybrid","target_score=23;target_unique=7",200,round_score,73,5
"hybrid","target_score=23;target_unique=7",200,round_score,74,69
"hybrid","target_score=23;target_unique=7",200,round_score,75,8
"hybrid","target_score=23;target_unique=7",200,round_score,76,66
"hybrid","target_score=23;target_unique=7",200,round_score,77,5
"hybrid","target_score=23;target_unique=7",200,round_score,78,75
"hybrid","target_score=23;target_unique=7",200,round_score,80,33
"hybrid","target_score=23;target_unique=7",200,round_score,82,26
"hybrid","target_score=23;target_unique=7",200,round_score,84,17
"hybrid","target_score=23;target_unique=7",200,round_score,86,8
"hybrid","target_score=23;target_unique=7",200,round_score,88,9
"hybrid","target_score=23;target_unique=7",200,round_score,90,6
"hybrid","target_score=23;target_unique=7",200,round_score,92,5
"hybrid","target_score=23;target_unique=7",200,round_score,94,4
"hybrid","target_score=23;target_unique=7",200,round_score,96,2
"hybrid","target_score=23;target_unique=7",200,round_score,97,1
"hybrid","target_score=23;target_unique=7",200,round_score,98,2
"hybrid","target_score=23;target_unique=7",200,round_score,99,1
"hybrid","target_score=23;target_unique=7",200,round_score,100,1
"hybrid","target_score=23;target_unique=7",200,round_score,102,3
"hybrid","target_score=23;target_unique=7",200,round_score,104,1
"hybrid","target_score=23;target_unique=7",200,round_score,106,1
"hybrid","target_score=23;target_unique=7",200,round_score,108,1
"hybrid","target_score=23;target_unique=7",200,round_score,110,1
"hybrid","target_score=23;target_unique=7",200,round_score,111,1
"hybrid","target_score=23;target_unique=7",200,round_score,114,1
"hybrid","target_score=23;target_unique=7",200,round_score,115,1
"hybrid","target_score=23;target_unique=7",200,round_score,117,1
"hybrid","target_score=23;target_unique=7",200,round_score,123,1
"hybrid","target_score=23;target_unique=7",200,round_score,127,1
"hybrid","target_score=23;target_unique=7",200,round_score,133,1
"hybrid","target_score=23;target_unique=7",200,round_end,bust,277975
"hybrid","target_score=23;target_unique=7",200,round_end,flip7,401
"hybrid","target_score=23;target_unique=7",200,round_end,freeze,122458
"hybrid","target_score=23;target_unique=7",200,round_end,finish,729649
"hybrid","target_score=23;target_unique=7",200,round_end,deck_exhausted,0
"hybrid","target_score=23;target_unique=7",200,final_score,200,3767
"hybrid","target_score=23;target_unique=7",200,final_score,201,3749
"hybrid","target_score=23;target_unique=7",200,final_score,202,3774
"hybrid","target_score=23;target_unique=7",200,final_score,203,3771
"hybrid","target_score=23;target_unique=7",200,final_score,204,3742
"hybrid","target_score=23;target_unique=7",200,final_score,205,3595
"hybrid","target_score=23;target_unique=7",200,final_score,206,3693
"hybrid","target_score=23;target_unique=7",200,final_score,207,3588
"hybrid","target_score=23;target_unique=7",200,final_score,208,3695
"hybrid","target_score=23;target_unique=7",200,final_score,209,3692
"hybrid","target_score=23;target_unique=7",200,final_score,210,3664
"hybrid","target_score=23;target_unique=7",200,final_score,211,3684
"hybrid","target_score=23;target_unique=7",200,final_score,212,3663
"hybrid","target_score=23;target_unique=7",200,final_score,213,3601
"hybrid","target_score=23;target_unique=7",200,final_score,214,3697
"hybrid","target_score=23;target_unique=7",200,final_score,215,3651
"hybrid","target_score=23;target_unique=7",200,final_score,216,3632
"hybrid","target_score=23;target_unique=7",200,final_score,217,3668
"hybrid","target_score=23;target_unique=7",200,final_score,218,3639
"hybrid","target_score=23;target_unique=7",200,final_score,219,3443
"hybrid","target_score=23;target_unique=7",200,final_score,220,3403
"hybrid","target_score=23;target_unique=7",200,final_score,221,3501
"hybrid","target_score=23;target_unique=7",200,final_score,222,3457
"hybrid","target_score=23;target_unique=7",200,final_score,223,2942
"hybrid","target_score=23;target_unique=7",200,final_score,224,2582
"hybrid","target_score=23;target_unique=7",200,final_score,225,2303
"hybrid","target_score=23;target_unique=7",200,final_score,226,1892
"hybrid","target_score=23;target_unique=7",200,final_score,227,1487
"hybrid","target_score=23;target_unique=7",200,final_score,228,1189
"hybrid","target_score=23;target_unique=7",200,final_score,229,936
"hybrid","target_score=23;target_unique=7",200,final_score,230,671
"hybrid","target_score=23;target_unique=7",200,final_score,231,475
"hybrid","target_score=23;target_unique=7",200,final_score,232,326
"hybrid","target_score=23;target_unique=7",200,final_score,233,239
"hybrid","target_score=23;target_unique=7",200,final_score,234,120
"hybrid","target_score=23;target_unique=7",200,final_score,235,172
"hybrid","target_score=23;target_unique=7",200,final_score,236,122
"hybrid","target_score=23;target_unique=7",200,final_score,237,118
"hybrid","target_score=23;target_unique=7",200,final_score,238,84
"hybrid","target_score=23;target_unique=7",200,final_score,239,79
"hybrid","target_score=23;target_unique=7",200,final_score,240,65
"hybrid","target_score=23;target_unique=7",200,final_score,241,70
"hybrid","target_score=23;target_unique=7",200,final_score,242,42
"hybrid","target_score=23;target_unique=7",200,final_score,243,39
"hybrid","target_score=23;target_unique=7",200,final_score,244,32
"hybrid","target_score=23;target_unique=7",200,final_score,245,27
"hybrid","target_score=23;target_unique=7",200,final_score,246,22
"hybrid","target_score=23;target_unique=7",200,final_score,247,16
"hybrid","target_score=23;target_unique=7",200,final_score,248,25
"hybrid","target_score=23;target_unique=7",200,final_score,249,13
"hybrid","target_score=23;target_unique=7",200,final_score,250,14
"hybrid","target_score=23;target_unique=7",200,final_score,251,8
"hybrid","target_score=23;target_unique=7",200,final_score,252,9
"hybrid","target_score=23;target_unique=7",200,final_score,253,10
"hybrid","target_score=23;target_unique=7",200,final_score,254,8
"hybrid","target_score=23;target_unique=7",200,final_score,255,7
"hybrid","target_score=23;target_unique=7",200,final_score,256,6
"hybrid","target_score=23;target_unique=7",200,final_score,257,8
"hybrid","target_score=23;target_unique=7",200,final_score,258,5
"hybrid","target_score=23;target_unique=7",200,final_score,259,7
"hybrid","target_score=23;target_unique=7",200,final_score,260,5
"hybrid","target_score=23;target_unique=7",200,final_score,261,2
"hybrid","target_score=23;target_unique=7",200,final_score,262,2
"hybrid","target_score=23;target_unique=7",200,final_score,263,3
"hybrid","target_score=23;target_unique=7",200,final_score,264,5
"hybrid","target_score=23;target_unique=7",200,final_score,265,5
"hybrid","target_score=23;target_unique=7",200,final_score,266,2
"hybrid","target_score=23;target_unique=7",200,final_score,267,2
"hybrid","target_score=23;target_unique=7",200,final_score,268,5
"hybrid","target_score=23;target_unique=7",200,final_score,269,5
"hybrid","target_score=23;target_unique=7",200,final_score,270,5
"hybrid","target_score=23;target_unique=7",200,final_score,271,1
"hybrid","target_score=23;target_unique=7",200,final_score,272,1
"hybrid","target_score=23;target_unique=7",200,final_score,273,2
"hybrid","target_score=23;target_unique=7",200,final_score,274,3
"hybrid","target_score=23;target_unique=7",200,final_score,275,2
"hybrid","target_score=23;target_unique=7",200,final_score,276,1
"hybrid","target_score=23;target_unique=7",200,final_score,277,1
"hybrid","target_score=23;target_unique=7",200,final_score,278,1
"hybrid","target_score=23;target_unique=7",200,final_score,279,1
"hybrid","target_score=23;target_unique=7",200,final_score,284,1
"hybrid","target_score=23;target_unique=7",200,final_score,285,1
"hybrid","target_score=23;target_unique=7",200,final_score,288,1
"hybrid","target_score=23;target_unique=7",200,final_score,289,1
"hybrid","target_score=23;target_unique=7",200,final_score,297,1
"hybrid","target_score=23;target_unique=7",200,final_score,303,1
"hybrid","target_score=23;target_unique=7",200,final_score,321,1
"hybrid","target_score=24;target_unique=3",200,round_score,0,293542
"hybrid","target_score=24;target_unique=3",200,round_score,1,483
"hybrid","target_score=24;target_unique=3",200,round_score,2,1412
"hybrid","target_score=24;target_unique=3",200,round_score,3,1434
"hybrid","target_score=24;target_unique=3",200,round_score,4,2456
"hybrid","target_score=24;target_unique=3",200,round_score,5,2610
"hybrid","target_score=24;target_unique=3",200,round_score,6,3627
"hybrid","target_score=24;target_unique=3",200,round_score,7,3966
"hybrid","target_score=24;target_unique=3",200,round_score,8,5345
"hybrid","target_score=24;target_unique=3",200,round_score,9,6050
"hybrid","target_score=24;target_unique=3",200,round_score,10,7599
"hybrid","target_score=24;target_unique=3",200,round_score,11,9153
"hybrid","target_score=24;target_unique=3",200,round_score,12,11373
"hybrid","target_score=24;target_unique=3",200,round_score,13,7986
"hybrid","target_score=24;target_unique=3",200,round_score,14,10264
"hybrid","target_score=24;target_unique=3",200,round_score,15,13978
"hybrid","target_score=24;target_unique=3",200,round_score,16,16988
"hybrid","target_score=24;target_unique=3",200,round_score,17,21686
"hybrid","target_score=24;target_unique=3",200,round_score,18,26523
"hybrid","target_score=24;target_unique=3",200,round_score,19,31222
"hybrid","target_score=24;target_unique=3",200,round_score,20,35034
"hybrid","target_score=24;target_unique=3",200,round_score,21,42360
"hybrid","target_score=24;target_unique=3",200,round_score,22,44809
"hybrid","target_score=24;target_unique=3",200,round_score,23,49985
"hybrid","target_score=24;target_unique=3",200,round_score,24,67919
"hybrid","target_score=24;target_unique=3",200,round_score,25,65464
"hybrid","target_score=24;target_unique=3",200,round_score,26,62368
"hybrid","target_score=24;target_unique=3",200,round_score,27,63595
"hybrid","target_score=24;target_unique=3",200,round_score,28,54082
"hybrid","target_score=24;target_unique=3",200,round_score,29,48855
"hybrid","target_score=24;target_unique=3",200,round_score,30,43176
"hybrid","target_score=24;target_unique=3",200,round_score,31,32773
"hybrid","target_score=24;target_unique=3",200,round_score,32,22889
"hybrid","target_score=24;target_unique=3",200,round_score,33,20317
"hybrid","target_score=24;target_unique=3",200,round_score,34,7750
"hybrid","target_score=24;target_unique=3",200,round_score,35,3229
"hybrid","target_score=24;target_unique=3",200,round_score,36,4712
"hybrid","target_score=24;target_unique=3",200,round_score,37,1630
"hybrid","target_score=24;target_unique=3",200,round_score,38,5019
"hybrid","target_score=24;target_unique=3",200,round_score,39,1341
"hybrid","target_score=24;target_unique=3",200,round_score,40,3918
"hybrid","target_score=24;target_unique=3",200,round_score,41,1068
"hybrid","target_score=24;target_unique=3",200,round_score,42,3796
"hybrid","target_score=24;target_unique=3",200,round_score,43,732
"hybrid","target_score=24;target_unique=3",200,round_score,44,2139
"hybrid","target_score=24;target_unique=3",200,round_score,45,533
"hybrid","target_score=24;target_unique=3",200,round_score,46,1906
"hybrid","target_score=24;target_unique=3",200,round_score,47,343
"hybrid","target_score=24;target_unique=3",200,round_score,48,407
"hybrid","target_score=24;target_unique=3",200,round_score,49,171
"hybrid","target_score=24;target_unique=3",200,round_score,50,313
"hybrid","target_score=24;target_unique=3",200,round_score,51,63
"hybrid","target_score=24;target_unique=3",200,round_score,52,198
"hybrid","target_score=24;target_unique=3",200,round_score,53,37
"hybrid","target_score=24;target_unique=3",200,round_score,54,155
"hybrid","target_score=24;target_unique=3",200,round_score,55,23
"hybrid","target_score=24;target_unique=3",200,round_score,56,167
"hybrid","target_score=24;target_unique=3",200,round_score,57,19
"hybrid","target_score=24;target_unique=3",200,round_score,58,152
"hybrid","target_score=24;target_unique=3",200,round_score,59,9
"hybrid","target_score=24;target_unique=3",200,round_score,60,136
"hybrid","target_score=24;target_unique=3",200,round_score,61,9
"hybrid","target_score=24;target_unique=3",200,round_score,62,119
"hybrid","target_score=24;target_unique=3",200,round_score,63,9
"hybrid","target_score=24;target_unique=3",200,round_score,64,121
"hybrid","target_score=24;target_unique=3",200,round_score,65,10
"hybrid","target_score=24;target_unique=3",200,round_score,66,105
"hybrid","target_score=24;target_unique=3",200,round_score,67,4
"hybrid","target_score=24;target_unique=3",200,round_score,68,98
"hybrid","target_score=24;target_unique=3",200,round_score,69,4
"hybrid","target_score=24;target_unique=3",200,round_score,70,67
"hybrid","target_score=24;target_unique=3",200,round_score,71,4
"hybrid","target_score=24;target_unique=3",200,round_score,72,81
"hybrid","target_score=24;target_unique=3",200,round_score,73,4
"hybrid","target_score=24;target_unique=3",200,round_score,74,58
"hybrid","target_score=24;target_unique=3",200,round_score,75,3
"hybrid","target_score=24;target_unique=3",200,round_score,76,62
"hybrid","target_score=24;target_unique=3",200,round_score,77,5
"hybrid","target_score=24;target_unique=3",200,round_score,78,47
"hybrid","target_score=24;target_unique=3",200,round_score,80,19
"hybrid","target_score=24;target_unique=3",200,round_score,81,1
"hybrid","target_score=24;target_unique=3",200,round_score,82,21
"hybrid","target_score=24;target_unique=3",200,round_score,84,17
"hybrid","target_score=24;target_unique=3",200,round_score,86,8
"hybrid","target_score=24;target_unique=3",200,round_score,88,9
"hybrid","target_score=24;target_unique=3",200,round_score,90,4
"hybrid","target_score=24;target_unique=3",200,round_score,92,5
"hybrid","target_score=24;target_unique=3",200,round_score,94,5
"hybrid","target_score=24;target_unique=3",200,round_score,96,1
"hybrid","target_score=24;target_unique=3",200,round_score,98,2
"hybrid","target_score=24;target_unique=3",200,round_score,100,2
"hybrid","target_score=24;target_unique=3",200,round_score,104,1
"hybrid","target_score=24;target_unique=3",200,round_score,106,1
"hybrid","target_score=24;target_unique=3",200,round_score,108,2
"hybrid","target_score=24;target_unique=3",200,round_score,110,1
"hybrid","target_score=24;target_unique=3",200,round_score,123,1
"hybrid","target_score=24;target_unique=3",200,round_end,bust,253397
"hybrid","target_score=24;target_unique=3",200,round_end,flip7,115
"hybrid","target_score=24;target_unique=3",200,round_end,freeze,119048
"hybrid","target_score=24;target_unique=3",200,round_end,finish,799639
"hybrid","target_score=24;target_unique=3",200,round_end,deck_exhausted,0
"hybrid","target_score=24;target_unique=3",200,final_score,200,4136
"hybrid","target_score=24;target_unique=3",200,final_score,201,4138
"hybrid","target_score=24;target_unique=3",200,final_score,202,4073
"hybrid","target_score=24;target_unique=3",200,final_score,203,4053
"hybrid","target_score=24;target_unique=3",200,final_score,204,4275
"hybrid","target_score=24;target_unique=3",200,final_score,205,4099
"hybrid","target_score=24;target_unique=3",200,final_score,206,4155
"hybrid","target_score=24;target_unique=3",200,final_score,207,4126
"hybrid","target_score=24;target_unique=3",200,final_score,208,3954
"hybrid","target_score=24;target_unique=3",200,final_score,209,3935
"hybrid","target_score=24;target_unique=3",200,final_score,210,3955
"hybrid","target_score=24;target_unique=3",200,final_score,211,3948
"hybrid","target_score=24;target_unique=3",200,final_score,212,3848
"hybrid","target_score=24;target_unique=3",200,final_score,213,3900
"hybrid","target_score=24;target_unique=3",200,final_score,214,3818
"hybrid","target_score=24;target_unique=3",200,final_score,215,3670
"hybrid","target_score=24;target_unique=3",200,final_score,216,3568
"hybrid","target_score=24;target_unique=3",200,final_score,217,3497
"hybrid","target_score=24;target_unique=3",200,final_score,218,3449
"hybrid","target_score=24;target_unique=3",200,final_score,219,3399
"hybrid","target_score=24;target_unique=3",200,final_score,220,3065
"hybrid","target_score=24;target_unique=3",200,final_score,221,2911
"hybrid","target_score=24;target_unique=3",200,final_score,222,2684
"hybrid","target_score=24;target_unique=3",200,final_score,223,2378
"hybrid","target_score=24;target_unique=3",200,final_score,224,2148
"hybrid","target_score=24;target_unique=3",200,final_score,225,1852
"hybrid","target_score=24;target_unique=3",200,final_score,226,1499
"hybrid","target_score=24;target_unique=3",200,final_score,227,1269
"hybrid","target_score=24;target_unique=3",200,final_score,228,991
"hybrid","target_score=24;target_unique=3",200,final_score,229,715
"hybrid","target_score=24;target_unique=3",200,final_score,230,539
"hybrid","target_score=24;target_unique=3",200,final_score,231,380
"hybrid","target_score=24;target_unique=3",200,final_score,232,279
"hybrid","target_score=24;target_unique=3",200,final_score,233,193
"hybrid","target_score=24;target_unique=3",200,final_score,234,157
"hybrid","target_score=24;target_unique=3",200,final_score,235,128
"hybrid","target_score=24;target_unique=3",200,final_score,236,108
"hybrid","target_score=24;target_unique=3",200,final_score,237,99
"hybrid","target_score=24;target_unique=3",200,final_score,238,80
"hybrid","target_score=24;target_unique=3",200,final_score,239,83
"hybrid","target_score=24;target_unique=3",200,final_score,240,70
"hybrid","target_score=24;target_unique=3",200,final_score,241,57
"hybrid","target_score=24;target_unique=3",200,final_score,242,45
"hybrid","target_score=24;target_unique=3",200,final_score,243,44
"hybrid","target_score=24;target_unique=3",200,final_score,244,22
"hybrid","target_score=24;target_unique=3",200,final_score,245,22
"hybrid","target_score=24;target_unique=3",200,final_score,246,22
"hybrid","target_score=24;target_unique=3",200,final_score,247,16
"hybrid","target_score=24;target_unique=3",200,final_score,248,16
"hybrid","target_score=24;target_unique=3",200,final_score,249,13
"hybrid","target_score=24;target_unique=3",200,final_score,250,12
"hybrid","target_score=24;target_unique=3",200,final_score,251,3
"hybrid","target_score=24;target_unique=3",200,final_score,252,10
"hybrid","target_score=24;target_unique=3",200,final_score,253,5
"hybrid","target_score=24;target_unique=3",200,final_score,254,8
"hybrid","target_score=24;target_unique=3",200,final_score,255,6
"hybrid","target_score=24;target_unique=3",200,final_score,256,1
"hybrid","target_score=24;target_unique=3",200,final_score,257,8
"hybrid","target_score=24;target_unique=3",200,final_score,258,5
"hybrid","target_score=24;target_unique=3",200,final_score,259,6
"hybrid","target_score=24;target_unique=3",200,final_score,260,3
"hybrid","target_score=24;target_unique=3",200,final_score,261,6
"hybrid","target_score=24;target_unique=3",200,final_score,262,4
"hybrid","target_score=24;target_unique=3",200,final_score,263,5
"hybrid","target_score=24;target_unique=3",200,final_score,264,4
"hybrid","target_score=24;target_unique=3",200,final_score,265,7
"hybrid","target_score=24;target_unique=3",200,final_score,266,2
"hybrid","target_score=24;target_unique=3",200,final_score,267,2
"hybrid","target_score=24;target_unique=3",200,final_score,268,2
"hybrid","target_score=24;target_unique=3",200,final_score,269,2
"hybrid","target_score=24;target_unique=3",200,final_score,270,3
"hybrid","target_score=24;target_unique=3",200,final_score,271,1
"hybrid","target_score=24;target_unique=3",200,final_score,273,2
"hybrid","target_score=24;target_unique=3",200,final_score,274,3
"hybrid","target_score=24;target_unique=3",200,final_score,275,3
"hybrid","target_score=24;target_unique=3",200,final_score,276,1
"hybrid","target_score=24;target_unique=3",200,final_score,279,1
"hybrid","target_score=24;target_unique=3",200,final_score,281,1
"hybrid","target_score=24;target_unique=3",200,final_score,284,1
"hybrid","target_score=24;target_unique=3",200,final_score,303,1
"hybrid","target_score=24;target_unique=3",200,final_score,307,1
"hybrid","target_score=24;target_unique=4",200,round_score,0,333732
"hybrid","target_score=24;target_unique=4",200,round_score,1,440
"hybrid","target_score=24;target_unique=4",200,round_score,2,1338
"hybrid","target_score=24;target_unique=4",200,round_score,3,1397
"hybrid","target_score=24;target_unique=4",200,round_score,4,2289
"hybrid","target_score=24;target_unique=4",200,round_score,5,2370
"hybrid","target_score=24;target_unique=4",200,round_score,6,3344
"hybrid","target_score=24;target_unique=4",200,round_score,7,3540
"hybrid","target_score=24;target_unique=4",200,round_score,8,4598
"hybrid","target_score=24;target_unique=4",200,round_score,9,4785
"hybrid","target_score=24;target_unique=4",200,round_score,10,5883
"hybrid","target_score=24;target_unique=4",200,round_score,11,6659
"hybrid","target_score=24;target_unique=4",200,round_score,12,7456
"hybrid","target_score=24;target_unique=4",200,round_score,13,2743
"hybrid","target_score=24;target_unique=4",200,round_score,14,3315
"hybrid","target_score=24;target_unique=4",200,round_score,15,3994
"hybrid","target_score=24;target_unique=4",200,round_score,16,4600
"hybrid","target_score=24;target_unique=4",200,round_score,17,5371
"hybrid","target_score=24;target_unique=4",200,round_score,18,6251
"hybrid","target_score=24;target_unique=4",200,round_score,19,7264
"hybrid","target_score=24;target_unique=4",200,round_score,20,7994
"hybrid","target_score=24;target_unique=4",200,round_score,21,9713
"hybrid","target_score=24;target_unique=4",200,round_score,22,10814
"hybrid","target_score=24;target_unique=4",200,round_score,23,12769
"hybrid","target_score=24;target_unique=4",200,round_score,24,78052
"hybrid","target_score=24;target_unique=4",200,round_score,25,76801
"hybrid","target_score=24;target_unique=4",200,round_score,26,76243
"hybrid","target_score=24;target_unique=4",200,round_score,27,77584
"hybrid","target_score=24;target_unique=4",200,round_score,28,70007
"hybrid","target_score=24;target_unique=4",200,round_score,29,64933
"hybrid","target_score=24;target_unique=4",200,round_score,30,60035
"hybrid","target_score=24;target_unique=4",200,round_score,31,48061
"hybrid","target_score=24;target_unique=4",200,round_score,32,37679
"hybrid","target_score=24;target_unique=4",200,round_score,33,31932
"hybrid","target_score=24;target_unique=4",200,round_score,34,16517
"hybrid","target_score=24;target_unique=4",200,round_score,35,7872
"hybrid","target_score=24;target_unique=4",200,round_score,36,5112
"hybrid","target_score=24;target_unique=4",200,round_score,37,1760
"hybrid","target_score=24;target_unique=4",200,round_score,38,5468
"hybrid","target_score=24;target_unique=4",200,round_score,39,1483
"hybrid","target_score=24;target_unique=4",200,round_score,40,4394
"hybrid","target_score=24;target_unique=4",200,round_score,41,1210
"hybrid","target_score=24;target_unique=4",200,round_score,42,4307
"hybrid","target_score=24;target_unique=4",200,round_score,43,890
"hybrid","target_score=24;target_unique=4",200,round_score,44,2783
"hybrid","target_score=24;target_unique=4",200,round_score,45,683
"hybrid","target_score=24;target_unique=4",200,round_score,46,2567
"hybrid","target_score=24;target_unique=4",200,round_score,47,493
"hybrid","target_score=24;target_unique=4",200,round_score,48,528
"hybrid","target_score=24;target_unique=4",200,round_score,49,253
"hybrid","target_score=24;target_unique=4",200,round_score,50,403
"hybrid","target_score=24;target_unique=4",200,round_score,51,124
"hybrid","target_score=24;target_unique=4",200,round_score,52,245
"hybrid","target_score=24;target_unique=4",200,round_score,53,56
"hybrid","target_score=24;target_unique=4",200,round_score,54,196
"hybrid","target_score=24;target_unique=4",200,round_score,55,31
"hybrid","target_score=24;target_unique=4",200,round_score,56,192
"hybrid","target_score=24;target_unique=4",200,round_score,57,22
"hybrid","target_score=24;target_unique=4",200,round_score,58,154
"hybrid","target_score=24;target_unique=4",200,round_score,59,10
"hybrid","target_score=24;target_unique=4",200,round_score,60,151
"hybrid","target_score=24;target_unique=4",200,round_score,61,11
"hybrid","target_score=24;target_unique=4",200,round_score,62,124
"hybrid","target_score=24;target_unique=4",200,round_score,63,16
"hybrid","target_score=24;target_unique=4",200,round_score,64,119
"hybrid","target_score=24;target_unique=4",200,round_score,65,13
"hybrid","target_score=24;target_unique=4",200,round_score,66,119
"hybrid","target_score=24;target_unique=4",200,round_score,67,11
"hybrid","target_score=24;target_unique=4",200,round_score,68,94
"hybrid","target_score=24;target_unique=4",200,round_score,69,4
"hybrid","target_score=24;target_unique=4",200,round_score,70,100
"hybrid","target_score=24;target_unique=4",200,round_score,71,9
"hybrid","target_score=24;target_unique=4",200,round_score,72,105
"hybrid","target_score=24;target_unique=4",200,round_score,73,4
"hybrid","target_score=24;target_unique=4",200,round_score,74,63
"hybrid","target_score=24;target_unique=4",200,round_score,75,7
"hybrid","target_score=24;target_unique=4",200,round_score,76,65
"hybrid","target_score=24;target_unique=4",200,round_score,77,5
"hybrid","target_score=24;target_unique=4",200,round_score,78,73
"hybrid","target_score=24;target_unique=4",200,round_score,80,31
"hybrid","target_score=24;target_unique=4",200,round_score,82,25
"hybrid","target_score=24;target_unique=4",200,round_score,84,20
"hybrid","target_score=24;target_unique=4",200,round_score,86,13
"hybrid","target_score=24;target_unique=4",200,round_score,88,11
"hybrid","target_score=24;target_unique=4",200,round_score,90,6
"hybrid","target_score=24;target_unique=4",200,round_score,92,6
"hybrid","target_score=24;target_unique=4",200,round_score,94,5
"hybrid","target_score=24;target_unique=4",200,round_score,96,2
"hybrid","target_score=24;target_unique=4",200,round_score,98,1
"hybrid","target_score=24;target_unique=4",200,round_score,99,1
"hybrid","target_score=24;target_unique=4",200,round_score,102,3
"hybrid","target_score=24;target_unique=4",200,round_score,106,1
"hybrid","target_score=24;target_unique=4",200,round_score,108,2
"hybrid","target_score=24;target_unique=4",200,round_score,110,1
"hybrid","target_score=24;target_unique=4",200,round_score,111,1
"hybrid","target_score=24;target_unique=4",200,round_score,114,1
"hybrid","target_score=24;target_unique=4",200,round_score,115,1
"hybrid","target_score=24;target_unique=4",200,round_score,117,1
"hybrid","target_score=24;target_unique=4",200,round_score,123,1
"hybrid","target_score=24;target_unique=4",200,round_score,133,1
"hybrid","target_score=24;target_unique=4",200,round_score,135,1
"hybrid","target_score=24;target_unique=4",200,round_end,bust,295009
"hybrid","target_score=24;target_unique=4",200,round_end,flip7,192
"hybrid","target_score=24;target_unique=4",200,round_end,freeze,125143
"hybrid","target_score=24;target_unique=4",200,round_end,finish,712623
"hybrid","target_score=24;target_unique=4",200,round_end,deck_exhausted,0
"hybrid","target_score=24;target_unique=4",200,final_score,200,3715
"hybrid","target_score=24;target_unique=4",200,final_score,201,3762
"hybrid","target_score=24;target_unique=4",200,final_score,202,3813
"hybrid","target_score=24;target_unique=4",200,final_score,203,3752
"hybrid","target_score=24;target_unique=4",200,final_score,204,3747
"hybrid","target_score=24;target_unique=4",200,final_score,205,3677
"hybrid","target_score=24;target_unique=4",200,final_score,206,3657
"hybrid","target_score=24;target_unique=4",200,final_score,207,3497
"hybrid","target_score=24;target_unique=4",200,final_score,208,3512
"hybrid","target_score=24;target_unique=4",200,final_score,209,3497
"hybrid","target_score=24;target_unique=4",200,final_score,210,3547
"hybrid","target_score=24;target_unique=4",200,final_score,211,3507
"hybrid","target_score=24;target_unique=4",200,final_score,212,3520
"hybrid","target_score=24;target_unique=4",200,final_score,213,3445
"hybrid","target_score=24;target_unique=4",200,final_score,214,3470
"hybrid","target_score=24;target_unique=4",200,final_score,215,3418
"hybrid","target_score=24;target_unique=4",200,final_score,216,3433
"hybrid","target_score=24;target_unique=4",200,final_score,217,3490
"hybrid","target_score=24;target_unique=4",200,final_score,218,3440
"hybrid","target_score=24;target_unique=4",200,final_score,219,3363
"hybrid","target_score=24;target_unique=4",200,final_score,220,3387
"hybrid","target_score=24;target_unique=4",200,final_score,221,3302
"hybrid","target_score=24;target_unique=4",200,final_score,222,3344
"hybrid","target_score=24;target_unique=4",200,final_score,223,3282
"hybrid","target_score=24;target_unique=4",200,final_score,224,2837
"hybrid","target_score=24;target_unique=4",200,final_score,225,2528
"hybrid","target_score=24;target_unique=4",200,final_score,226,2199
"hybrid","target_score=24;target_unique=4",200,final_score,227,1712
"hybrid","target_score=24;target_unique=4",200,final_score,228,1408
"hybrid","target_score=24;target_unique=4",200,final_score,229,1158
"hybrid","target_score=24;target_unique=4",200,final_score,230,849
"hybrid","target_score=24;target_unique=4",200,final_score,231,630
"hybrid","target_score=24;target_unique=4",200,final_score,232,441
"hybrid","target_score=24;target_unique=4",200,final_score,233,285
"hybrid","target_score=24;target_unique=4",200,final_score,234,181
"hybrid","target_score=24;target_unique=4",200,final_score,235,170
"hybrid","target_score=24;target_unique=4",200,final_score,236,135
"hybrid","target_score=24;target_unique=4",200,final_score,237,132
"hybrid","target_score=24;target_unique=4",200,final_score,238,104
"hybrid","target_score=24;target_unique=4",200,final_score,239,104
"hybrid","target_score=24;target_unique=4",200,final_score,240,83
"hybrid","target_score=24;target_unique=4",200,final_score,241,71
"hybrid","target_score=24;target_unique=4",200,final_score,242,52
"hybrid","target_score=24;target_unique=4",200,final_score,243,54
"hybrid","target_score=24;target_unique=4",200,final_score,244,39
"hybrid","target_score=24;target_unique=4",200,final_score,245,41
"hybrid","target_score=24;target_unique=4",200,final_score,246,15
"hybrid","target_score=24;target_unique=4",200,final_score,247,15
"hybrid","target_score=24;target_unique=4",200,final_score,248,15
"hybrid","target_score=24;target_unique=4",200,final_score,249,17
"hybrid","target_score=24;target_unique=4",200,final_score,250,8
"hybrid","target_score=24;target_unique=4",200,final_score,251,11
"hybrid","target_score=24;target_unique=4",200,final_score,252,8
"hybrid","target_score=24;target_unique=4",200,final_score,253,7
"hybrid","target_score=24;target_unique=4",200,final_score,254,7
"hybrid","target_score=24;target_unique=4",200,final_score,255,9
"hybrid","target_score=24;target_unique=4",200,final_score,256,5
"hybrid","target_score=24;target_unique=4",200,final_score,257,9
"hybrid","target_score=24;target_unique=4",200,final_score,258,4
"hybrid","target_score=24;target_unique=4",200,final_score,259,7
"hybrid","target_score=24;target_unique=4",200,final_score,260,4
"hybrid","target_score=24;target_unique=4",200,final_score,261,2
"hybrid","target_score=24;target_unique=4",200,final_score,262,3
"hybrid","target_score=24;target_unique=4",200,final_score,263,3
"hybrid","target_score=24;target_unique=4",200,final_score,264,6
"hybrid","target_score=24;target_unique=4",200,final_score,265,8
"hybrid","target_score=24;target_unique=4",200,final_score,266,1
"hybrid","target_score=24;target_unique=4",200,final_score,267,6
"hybrid","target_score=24;target_unique=4",200,final_score,268,4
"hybrid","target_score=24;target_unique=4",200,final_score,269,5
"hybrid","target_score=24;target_unique=4",200,final_score,270,3
"hybrid","target_score=24;target_unique=4",200,final_score,271,1
"hybrid","target_score=24;target_unique=4",200,final_score,272,3
"hybrid","target_score=24;target_unique=4",200,final_score,273,2
"hybrid","target_score=24;target_unique=4",200,final_score,274,3
"hybrid","target_score=24;target_unique=4",200,final_score,275,2
"hybrid","target_score=24;target_unique=4",200,final_score,276,1
"hybrid","target_score=24;target_unique=4",200,final_score,277,2
"hybrid","target_score=24;target_unique=4",200,final_score,278,1
"hybrid","target_score=24;target_unique=4",200,final_score,279,2
"hybrid","target_score=24;target_unique=4",200,final_score,280,1
"hybrid","target_score=24;target_unique=4",200,final_score,283,1
"hybrid","target_score=24;target_unique=4",200,final_score,284,1
"hybrid","target_score=24;target_unique=4",200,final_score,285,3
"hybrid","target_score=24;target_unique=4",200,final_score,288,1
"hybrid","target_score=24;target_unique=4",200,final_score,289,1
"hybrid","target_score=24;target_unique=4",200,final_score,299,1
"hybrid","target_score=24;target_unique=4",200,final_score,303,1
"hybrid","target_score=24;target_unique=4",200,final_score,326,1
"hybrid","target_score=24;target_unique=5",200,round_score,0,338351
"hybrid","target_score=24;target_unique=5",200,round_score,1,447
"hybrid","target_score=24;target_unique=5",200,round_score,2,1335
"hybrid","target_score=24;target_unique=5",200,round_score,3,1349
"hybrid","target_score=24;target_unique=5",200,round_score,4,2283
"hybrid","target_score=24;target_unique=5",200,round_score,5,2319
"hybrid","target_score=24;target_unique=5",200,round_score,6,3373
"hybrid","target_score=24;target_unique=5",200,round_score,7,3500
"hybrid","target_score=24;target_unique=5",200,round_score,8,4617
"hybrid","target_score=24;target_unique=5",200,round_score,9,4707
"hybrid","target_score=24;target_unique=5",200,round_score,10,5820
"hybrid","target_score=24;target_unique=5",200,round_score,11,6572
"hybrid","target_score=24;target_unique=5",200,round_score,12,7272
"hybrid","target_score=24;target_unique=5",200,round_score,13,2499
"hybrid","target_score=24;target_unique=5",200,round_score,14,2879
"hybrid","target_score=24;target_unique=5",200,round_score,15,3408
"hybrid","target_score=24;target_unique=5",200,round_score,16,3721
"hybrid","target_score=24;target_unique=5",200,round_score,17,4066
"hybrid","target_score=24;target_unique=5",200,round_score,18,4242
"hybrid","target_score=24;target_unique=5",200,round_score,19,4621
"hybrid","target_score=24;target_unique=5",200,round_score,20,4296
"hybrid","target_score=24;target_unique=5",200,round_score,21,4867
"hybrid","target_score=24;target_unique=5",200,round_score,22,4427
"hybrid","target_score=24;target_unique=5",200,round_score,23,4787
"hybrid","target_score=24;target_unique=5",200,round_score,24,78858
"hybrid","target_score=24;target_unique=5",200,round_score,25,77980
"hybrid","target_score=24;target_unique=5",200,round_score,26,77546
"hybrid","target_score=24;target_unique=5",200,round_score,27,79359
"hybrid","target_score=24;target_unique=5",200,round_score,28,71732
"hybrid","target_score=24;target_unique=5",200,round_score,29,67050
"hybrid","target_score=24;target_unique=5",200,round_score,30,62350
"hybrid","target_score=24;target_unique=5",200,round_score,31,50326
"hybrid","target_score=24;target_unique=5",200,round_score,32,39995
"hybrid","target_score=24;target_unique=5",200,round_score,33,34291
"hybrid","target_score=24;target_unique=5",200,round_score,34,18329
"hybrid","target_score=24;target_unique=5",200,round_score,35,8848
"hybrid","target_score=24;target_unique=5",200,round_score,36,5085
"hybrid","target_score=24;target_unique=5",200,round_score,37,1770
"hybrid","target_score=24;target_unique=5",200,round_score,38,5505
"hybrid","target_score=24;target_unique=5",200,round_score,39,1502
"hybrid","target_score=24;target_unique=5",200,round_score,40,4427
"hybrid","target_score=24;target_unique=5",200,round_score,41,1211
"hybrid","target_score=24;target_unique=5",200,round_score,42,4382
"hybrid","target_score=24;target_unique=5",200,round_score,43,886
"hybrid","target_score=24;target_unique=5",200,round_score,44,2847
"hybrid","target_score=24;target_unique=5",200,round_score,45,690
"hybrid","target_score=24;target_unique=5",200,round_score,46,2684
"hybrid","target_score=24;target_unique=5",200,round_score,47,490
"hybrid","target_score=24;target_unique=5",200,round_score,48,530
"hybrid","target_score=24;target_unique=5",200,round_score,49,264
"hybrid","target_score=24;target_unique=5",200,round_score,50,414
"hybrid","target_score=24;target_unique=5",200,round_score,51,128
"hybrid","target_score=24;target_unique=5",200,round_score,52,249
"hybrid","target_score=24;target_unique=5",200,round_score,53,70
"hybrid","target_score=24;target_unique=5",200,round_score,54,209
"hybrid","target_score=24;target_unique=5",200,round_score,55,42
"hybrid","target_score=24;target_unique=5",200,round_score,56,199
"hybrid","target_score=24;target_unique=5",200,round_score,57,33
"hybrid","target_score=24;target_unique=5",200,round_score,58,170
"hybrid","target_score=24;target_unique=5",200,round_score,59,25
"hybrid","target_score=24;target_unique=5",200,round_score,60,173
"hybrid","target_score=24;target_unique=5",200,round_score,61,27
"hybrid","target_score=24;target_unique=5",200,round_score,62,149
"hybrid","target_score=24;target_unique=5",200,round_score,63,35
"hybrid","target_score=24;target_unique=5",200,round_score,64,131
"hybrid","target_score=24;target_unique=5",200,round_score,65,21
"hybrid","target_score=24;target_unique=5",200,round_score,66,128
"hybrid","target_score=24;target_unique=5",200,round_score,67,21
"hybrid","target_score=24;target_unique=5",200,round_score,68,106
"hybrid","target_score=24;target_unique=5",200,round_score,69,6
"hybrid","target_score=24;target_unique=5",200,round_score,70,101
"hybrid","target_score=24;target_unique=5",200,round_score,71,8
"hybrid","target_score=24;target_unique=5",200,round_score,72,106
"hybrid","target_score=24;target_unique=5",200,round_score,73,4
"hybrid","target_score=24;target_unique=5",200,round_score,74,63
"hybrid","target_score=24;target_unique=5",200,round_score,75,7
"hybrid","target_score=24;target_unique=5",200,round_score,76,74
"hybrid","target_score=24;target_unique=5",200,round_score,77,5
"hybrid","target_score=24;target_unique=5",200,round_score,78,71
"hybrid","target_score=24;target_unique=5",200,round_score,80,35
"hybrid","target_score=24;target_unique=5",200,round_score,82,28
"hybrid","target_score=24;target_unique=5",200,round_score,84,17
"hybrid","target_score=24;target_unique=5",200,round_score,86,15
"hybrid","target_score=24;target_unique=5",200,round_score,88,13
"hybrid","target_score=24;target_unique=5",200,round_score,90,7
"hybrid","target_score=24;target_unique=5",200,round_score,92,5
"hybrid","target_score=24;target_unique=5",200,round_score,94,5
"hybrid","target_score=24;target_unique=5",200,round_score,96,2
"hybrid","target_score=24;target_unique=5",200,round_score,99,1
"hybrid","target_score=24;target_unique=5",200,round_score,102,3
"hybrid","target_score=24;target_unique=5",200,round_score,106,1
"hybrid","target_score=24;target_unique=5",200,round_score,108,1
"hybrid","target_score=24;target_unique=5",200,round_score,110,1
"hybrid","target_score=24;target_unique=5",200,round_score,111,1
"hybrid","target_score=24;target_unique=5",200,round_score,114,1
"hybrid","target_score=24;target_unique=5",200,round_score,115,1
"hybrid","target_score=24;target_unique=5",200,round_score,117,1
"hybrid","target_score=24;target_unique=5",200,round_score,123,1
"hybrid","target_score=24;target_unique=5",200,round_score,133,1
"hybrid","target_score=24;target_unique=5",200,round_score,135,1
"hybrid","target_score=24;target_unique=5",200,round_end,bust,299956
"hybrid","target_score=24;target_unique=5",200,round_end,flip7,410
"hybrid","target_score=24;target_unique=5",200,round_end,freeze,125909
"hybrid","target_score=24;target_unique=5",200,round_end,finish,701336
"hybrid","target_score=24;target_unique=5",200,round_end,deck_exhausted,0
"hybrid","target_score=24;target_unique=5",200,final_score,200,3700
"hybrid","target_score=24;target_unique=5",200,final_score,201,3775
"hybrid","target_score=24;target_unique=5",200,final_score,202,3808
"hybrid","target_score=24;target_unique=5",200,final_score,203,3836
"hybrid","target_score=24;target_unique=5",200,final_score,204,3724
"hybrid","target_score=24;target_unique=5",200,final_score,205,3668
"hybrid","target_score=24;target_unique=5",200,final_score,206,3608
"hybrid","target_score=24;target_unique=5",200,final_score,207,3462
"hybrid","target_score=24;target_unique=5",200,final_score,208,3452
"hybrid","target_score=24;target_unique=5",200,final_score,209,3510
"hybrid","target_score=24;target_unique=5",200,final_score,210,3500
"hybrid","target_score=24;target_unique=5",200,final_score,211,3431
"hybrid","target_score=24;target_unique=5",200,final_score,212,3405
"hybrid","target_score=24;target_unique=5",200,final_score,213,3378
"hybrid","target_score=24;target_unique=5",200,final_score,214,3413
"hybrid","target_score=24;target_unique=5",200,final_score,215,3368
"hybrid","target_score=24;target_unique=5",200,final_score,216,3270
"hybrid","target_score=24;target_unique=5",200,final_score,217,3412
"hybrid","target_score=24;target_unique=5",200,final_score,218,3371
"hybrid","target_score=24;target_unique=5",200,final_score,219,3275
"hybrid","target_score=24;target_unique=5",200,final_score,220,3330
"hybrid","target_score=24;target_unique=5",200,final_score,221,3335
"hybrid","target_score=24;target_unique=5",200,final_score,222,3369
"hybrid","target_score=24;target_unique=5",200,final_score,223,3349
"hybrid","target_score=24;target_unique=5",200,final_score,224,2967
"hybrid","target_score=24;target_unique=5",200,final_score,225,2640
"hybrid","target_score=24;target_unique=5",200,final_score,226,2228
"hybrid","target_score=24;target_unique=5",200,final_score,227,1852
"hybrid","target_score=24;target_unique=5",200,final_score,228,1507
"hybrid","target_score=24;target_unique=5",200,final_score,229,1230
"hybrid","target_score=24;target_unique=5",200,final_score,230,905
"hybrid","target_score=24;target_unique=5",200,final_score,231,659
"hybrid","target_score=24;target_unique=5",200,final_score,232,475
"hybrid","target_score=24;target_unique=5",200,final_score,233,342
"hybrid","target_score=24;target_unique=5",200,final_score,234,181
"hybrid","target_score=24;target_unique=5",200,final_score,235,185
"hybrid","target_score=24;target_unique=5",200,final_score,236,131
"hybrid","target_score=24;target_unique=5",200,final_score,237,144
"hybrid","target_score=24;target_unique=5",200,final_score,238,106
"hybrid","target_score=24;target_unique=5",200,final_score,239,102
"hybrid","target_score=24;target_unique=5",200,final_score,240,89
"hybrid","target_score=24;target_unique=5",200,final_score,241,81
"hybrid","target_score=24;target_unique=5",200,final_score,242,58
"hybrid","target_score=24;target_unique=5",200,final_score,243,53
"hybrid","target_score=24;target_unique=5",200,final_score,244,41
"hybrid","target_score=24;target_unique=5",200,final_score,245,39
"hybrid","target_score=24;target_unique=5",200,final_score,246,19
"hybrid","target_score=24;target_unique=5",200,final_score,247,16
"hybrid","target_score=24;target_unique=5",200,final_score,248,21
"hybrid","target_score=24;target_unique=5",200,final_score,249,16
"hybrid","target_score=24;target_unique=5",200,final_score,250,9
"hybrid","target_score=24;target_unique=5",200,final_score,251,10
"hybrid","target_score=24;target_unique=5",200,final_score,252,14
"hybrid","target_score=24;target_unique=5",200,final_score,253,9
"hybrid","target_score=24;target_unique=5",200,final_score,254,13
"hybrid","target_score=24;target_unique=5",200,final_score,255,8
"hybrid","target_score=24;target_unique=5",200,final_score,256,6
"hybrid","target_score=24;target_unique=5",200,final_score,257,16
"hybrid","target_score=24;target_unique=5",200,final_score,258,3
"hybrid","target_score=24;target_unique=5",200,final_score,259,9
"hybrid","target_score=24;target_unique=5",200,final_score,260,6
"hybrid","target_score=24;target_unique=5",200,final_score,261,3
"hybrid","target_score=24;target_unique=5",200,final_score,262,2
"hybrid","target_score=24;target_unique=5",200,final_score,263,3
"hybrid","target_score=24;target_unique=5",200,final_score,264,6
"hybrid","target_score=24;target_unique=5",200,final_score,265,7
"hybrid","target_score=24;target_unique=5",200,final_score,266,2
"hybrid","target_score=24;target_unique=5",200,final_score,267,3
"hybrid","target_score=24;target_unique=5",200,final_score,268,3
"hybrid","target_score=24;target_unique=5",200,final_score,269,7
"hybrid","target_score=24;target_unique=5",200,final_score,270,3
"hybrid","target_score=24;target_unique=5",200,final_score,271,2
"hybrid","target_score=24;target_unique=5",200,final_score,272,1
"hybrid","target_score=24;target_unique=5",200,final_score,273,1
"hybrid","target_score=24;target_unique=5",200,final_score,274,1
"hybrid","target_score=24;target_unique=5",200,final_score,275,2
"hybrid","target_score=24;target_unique=5",200,final_score,277,2
"hybrid","target_score=24;target_unique=5",200,final_score,278,1
"hybrid","target_score=24;target_unique=5",200,final_score,279,3
"hybrid","target_score=24;target_unique=5",200,final_score,280,1
"hybrid","target_score=24;target_unique=5",200,final_score,284,1
"hybrid","target_score=24;target_unique=5",200,final_score,285,2
"hybrid","target_score=24;target_unique=5",200,final_score,288,1
"hybrid","target_score=24;target_unique=5",200,final_score,289,1
"hybrid","target_score=24;target_unique=5",200,final_score,299,1
"hybrid","target_score=24;target_unique=5",200,final_score,303,1
"hybrid","target_score=24;target_unique=5",200,final_score,326,1
"hybrid","target_score=24;target_unique=6",200,round_score,0,338656
"hybrid","target_score=24;target_unique=6",200,round_score,1,447
"hybrid","target_score=24;target_unique=6",200,round_score,2,1332
"hybrid","target_score=24;target_unique=6",200,round_score,3,1354
"hybrid","target_score=24;target_unique=6",200,round_score,4,2283
"hybrid","target_score=24;target_unique=6",200,round_score,5,2314
"hybrid","target_score=24;target_unique=6",200,round_score,6,3377
"hybrid","target_score=24;target_unique=6",200,round_score,7,3507
"hybrid","target_score=24;target_unique=6",200,round_score,8,4603
"hybrid","target_score=24;target_unique=6",200,round_score,9,4701
"hybrid","target_score=24;target_unique=6",200,round_score,10,5813
"hybrid","target_score=24;target_unique=6",200,round_score,11,6563
"hybrid","target_score=24;target_unique=6",200,round_score,12,7280
"hybrid","target_score=24;target_unique=6",200,round_score,13,2498
"hybrid","target_score=24;target_unique=6",200,round_score,14,2863
"hybrid","target_score=24;target_unique=6",200,round_score,15,3397
"hybrid","target_score=24;target_unique=6",200,round_score,16,3670
"hybrid","target_score=24;target_unique=6",200,round_score,17,4016
"hybrid","target_score=24;target_unique=6",200,round_score,18,4166
"hybrid","target_score=24;target_unique=6",200,round_score,19,4506
"hybrid","target_score=24;target_unique=6",200,round_score,20,4063
"hybrid","target_score=24;target_unique=6",200,round_score,21,4552
"hybrid","target_score=24;target_unique=6",200,round_score,22,3951
"hybrid","target_score=24;target_unique=6",200,round_score,23,4093
"hybrid","target_score=24;target_unique=6",200,round_score,24,78891
"hybrid","target_score=24;target_unique=6",200,round_score,25,78047
"hybrid","target_score=24;target_unique=6",200,round_score,26,77634
"hybrid","target_score=24;target_unique=6",200,round_score,27,79439
"hybrid","target_score=24;target_unique=6",200,round_score,28,71813
"hybrid","target_score=24;target_unique=6",200,round_score,29,67168
"hybrid","target_score=24;target_unique=6",200,round_score,30,62476
"hybrid","target_score=24;target_unique=6",200,round_score,31,50490
"hybrid","target_score=24;target_unique=6",200,round_score,32,40204
"hybrid","target_score=24;target_unique=6",200,round_score,33,34483
"hybrid","target_score=24;target_unique=6",200,round_score,34,18431
"hybrid","target_score=24;target_unique=6",200,round_score,35,8936
"hybrid","target_score=24;target_unique=6",200,round_score,36,5097
"hybrid","target_score=24;target_unique=6",200,round_score,37,1767
"hybrid","target_score=24;target_unique=6",200,round_score,38,5504
"hybrid","target_score=24;target_unique=6",200,round_score,39,1500
"hybrid","target_score=24;target_unique=6",200,round_score,40,4427
"hybrid","target_score=24;target_unique=6",200,round_score,41,1208
"hybrid","target_score=24;target_unique=6",200,round_score,42,4387
"hybrid","target_score=24;target_unique=6",200,round_score,43,888
"hybrid","target_score=24;target_unique=6",200,round_score,44,2851
"hybrid","target_score=24;target_unique=6",200,round_score,45,691
"hybrid","target_score=24;target_unique=6",200,round_score,46,2686
"hybrid","target_score=24;target_unique=6",200,round_score,47,489
"hybrid","target_score=24;target_unique=6",200,round_score,48,532
"hybrid","target_score=24;target_unique=6",200,round_score,49,267
"hybrid","target_score=24;target_unique=6",200,round_score,50,413
"hybrid","target_score=24;target_unique=6",200,round_score,51,128
"hybrid","target_score=24;target_unique=6",200,round_score,52,255
"hybrid","target_score=24;target_unique=6",200,round_score,53,72
"hybrid","target_score=24;target_unique=6",200,round_score,54,211
"hybrid","target_score=24;target_unique=6",200,round_score,55,47
"hybrid","target_score=24;target_unique=6",200,round_score,56,203
"hybrid","target_score=24;target_unique=6",200,round_score,57,34
"hybrid","target_score=24;target_unique=6",200,round_score,58,174
"hybrid","target_score=24;target_unique=6",200,round_score,59,30
"hybrid","target_score=24;target_unique=6",200,round_score,60,173
"hybrid","target_score=24;target_unique=6",200,round_score,61,29
"hybrid","target_score=24;target_unique=6",200,round_score,62,150
"hybrid","target_score=24;target_unique=6",200,round_score,63,35
"hybrid","target_score=24;target_unique=6",200,round_score,64,130
"hybrid","target_score=24;target_unique=6",200,round_score,65,22
"hybrid","target_score=24;target_unique=6",200,round_score,66,128
"hybrid","target_score=24;target_unique=6",200,round_score,67,21
"hybrid","target_score=24;target_unique=6",200,round_score,68,107
"hybrid","target_score=24;target_unique=6",200,round_score,69,6
"hybrid","target_score=24;target_unique=6",200,round_score,70,101
"hybrid","target_score=24;target_unique=6",200,round_score,71,8
"hybrid","target_score=24;target_unique=6",200,round_score,72,106
"hybrid","target_score=24;target_unique=6",200,round_score,73,4
"hybrid","target_score=24;target_unique=6",200,round_score,74,63
"hybrid","target_score=24;target_unique=6",200,round_score,75,7
"hybrid","target_score=24;target_unique=6",200,round_score,76,73
"hybrid","target_score=24;target_unique=6",200,round_score,77,5
"hybrid","target_score=24;target_unique=6",200,round_score,78,71
"hybrid","target_score=24;target_unique=6",200,round_score,80,35
"hybrid","target_score=24;target_unique=6",200,round_score,82,28
"hybrid","target_score=24;target_unique=6",200,round_score,84,17
"hybrid","target_score=24;target_unique=6",200,round_score,86,15
"hybrid","target_score=24;target_unique=6",200,round_score,88,13
"hybrid","target_score=24;target_unique=6",200,round_score,90,7
"hybrid","target_score=24;target_unique=6",200,round_score,92,5
"hybrid","target_score=24;target_unique=6",200,round_score,94,5
"hybrid","target_score=24;target_unique=6",200,round_score,96,2
"hybrid","target_score=24;target_unique=6",200,round_score,99,1
"hybrid","target_score=24;target_unique=6",200,round_score,102,3
"hybrid","target_score=24;target_unique=6",200,round_score,106,1
"hybrid","target_score=24;target_unique=6",200,round_score,108,1
"hybrid","target_score=24;target_unique=6",200,round_score,110,1
"hybrid","target_score=24;target_unique=6",200,round_score,111,1
"hybrid","target_score=24;target_unique=6",200,round_score,114,1
"hybrid","target_score=24;target_unique=6",200,round_score,115,1
"hybrid","target_score=24;target_unique=6",200,round_score,117,1
"hybrid","target_score=24;target_unique=6",200,round_score,123,1
"hybrid","target_score=24;target_unique=6",200,round_score,133,1
"hybrid","target_score=24;target_unique=6",200,round_score,135,1
"hybrid","target_score=24;target_unique=6",200,round_end,bust,300267
"hybrid","target_score=24;target_unique=6",200,round_end,flip7,452
"hybrid","target_score=24;target_unique=6",200,round_end,freeze,125950
"hybrid","target_score=24;target_unique=6",200,round_end,finish,700589
"hybrid","target_score=24;target_unique=6",200,round_end,deck_exhausted,0
"hybrid","target_score=24;target_unique=6",200,final_score,200,3728
"hybrid","target_score=24;target_unique=6",200,final_score,201,3781
"hybrid","target_score=24;target_unique=6",200,final_score,202,3819
"hybrid","target_score=24;target_unique=6",200,final_score,203,3841
"hybrid","target_score=24;target_unique=6",200,final_score,204,3747
"hybrid","target_score=24;target_unique=6",200,final_score,205,3658
"hybrid","target_score=24;target_unique=6",200,final_score,206,3616
"hybrid","target_score=24;target_unique=6",200,final_score,207,3456
"hybrid","target_score=24;target_unique=6",200,final_score,208,3440
"hybrid","target_score=24;target_unique=6",200,final_score,209,3507
"hybrid","target_score=24;target_unique=6",200,final_score,210,3496
"hybrid","target_score=24;target_unique=6",200,final_score,211,3418
"hybrid","target_score=24;target_unique=6",200,final_score,212,3398
"hybrid","target_score=24;target_unique=6",200,final_score,213,3364
"hybrid","target_score=24;target_unique=6",200,final_score,214,3398
"hybrid","target_score=24;target_unique=6",200,final_score,215,3358
"hybrid","target_score=24;target_unique=6",200,final_score,216,3241
"hybrid","target_score=24;target_unique=6",200,final_score,217,3396
"hybrid","target_score=24;target_unique=6",200,final_score,218,3374
"hybrid","target_score=24;target_unique=6",200,final_score,219,3268
"hybrid","target_score=24;target_unique=6",200,final_score,220,3332
"hybrid","target_score=24;target_unique=6",200,final_score,221,3337
"hybrid","target_score=24;target_unique=6",200,final_score,222,3377
"hybrid","target_score=24;target_unique=6",200,final_score,223,3344
"hybrid","target_score=24;target_unique=6",200,final_score,224,2969
"hybrid","target_score=24;target_unique=6",200,final_score,225,2644
"hybrid","target_score=24;target_unique=6",200,final_score,226,2242
"hybrid","target_score=24;target_unique=6",200,final_score,227,1851
"hybrid","target_score=24;target_unique=6",200,final_score,228,1518
"hybrid","target_score=24;target_unique=6",200,final_score,229,1229
"hybrid","target_score=24;target_unique=6",200,final_score,230,918
"hybrid","target_score=24;target_unique=6",200,final_score,231,660
"hybrid","target_score=24;target_unique=6",200,final_score,232,477
"hybrid","target_score=24;target_unique=6",200,final_score,233,341
"hybrid","target_score=24;target_unique=6",200,final_score,234,184
"hybrid","target_score=24;target_unique=6",200,final_score,235,188
"hybrid","target_score=24;target_unique=6",200,final_score,236,131
"hybrid","target_score=24;target_unique=6",200,final_score,237,145
"hybrid","target_score=24;target_unique=6",200,final_score,238,110
"hybrid","target_score=24;target_unique=6",200,final_score,239,103
"hybrid","target_score=24;target_unique=6",200,final_score,240,87
"hybrid","target_score=24;target_unique=6",200,final_score,241,81
"hybrid","target_score=24;target_unique=6",200,final_score,242,58
"hybrid","target_score=24;target_unique=6",200,final_score,243,51
"hybrid","target_score=24;target_unique=6",200,final_score,244,41
"hybrid","target_score=24;target_unique=6",200,final_score,245,39
"hybrid","target_score=24;target_unique=6",200,final_score,246,19
"hybrid","target_score=24;target_unique=6",200,final_score,247,16
"hybrid","target_score=24;target_unique=6",200,final_score,248,21
"hybrid","target_score=24;target_unique=6",200,final_score,249,17
"hybrid","target_score=24;target_unique=6",200,final_score,250,9
"hybrid","target_score=24;target_unique=6",200,final_score,251,9
"hybrid","target_score=24;target_unique=6",200,final_score,252,15
"hybrid","target_score=24;target_unique=6",200,final_score,253,9
"hybrid","target_score=24;target_unique=6",200,final_score,254,13
"hybrid","target_score=24;target_unique=6",200,final_score,255,9
"hybrid","target_score=24;target_unique=6",200,final_score,256,6
"hybrid","target_score=24;target_unique=6",200,final_score,257,16
"hybrid","target_score=24;target_unique=6",200,final_score,258,3
"hybrid","target_score=24;target_unique=6",200,final_score,259,9
"hybrid","target_score=24;target_unique=6",200,final_score,260,6
"hybrid","target_score=24;target_unique=6",200,final_score,261,3
"hybrid","target_score=24;target_unique=6",200,final_score,262,2
"hybrid","target_score=24;target_unique=6",200,final_score,263,3
"hybrid","target_score=24;target_unique=6",200,final_score,264,5
"hybrid","target_score=24;target_unique=6",200,final_score,265,7
"hybrid","target_score=24;target_unique=6",200,final_score,266,3
"hybrid","target_score=24;target_unique=6",200,final_score,267,3
"hybrid","target_score=24;target_unique=6",200,final_score,268,3
"hybrid","target_score=24;target_unique=6",200,final_score,269,7
"hybrid","target_score=24;target_unique=6",200,final_score,270,3
"hybrid","target_score=24;target_unique=6",200,final_score,271,2
"hybrid","target_score=24;target_unique=6",200,final_score,272,1
"hybrid","target_score=24;target_unique=6",200,final_score,273,2
"hybrid","target_score=24;target_unique=6",200,final_score,274,1
"hybrid","target_score=24;target_unique=6",200,final_score,275,2
"hybrid","target_score=24;target_unique=6",200,final_score,277,2
"hybrid","target_score=24;target_unique=6",200,final_score,278,1
"hybrid","target_score=24;target_unique=6",200,final_score,279,3
"hybrid","target_score=24;target_unique=6",200,final_score,280,1
"hybrid","target_score=24;target_unique=6",200,final_score,284,1
"hybrid","target_score=24;target_unique=6",200,final_score,285,2
"hybrid","target_score=24;target_unique=6",200,final_score,288,1
"hybrid","target_score=24;target_unique=6",200,final_score,289,1
"hybrid","target_score=24;target_unique=6",200,final_score,299,1
"hybrid","target_score=24;target_unique=6",200,final_score,303,1
"hybrid","target_score=24;target_unique=6",200,final_score,326,1
"hybrid","target_score=24;target_unique=7",200,round_score,0,338656
"hybrid","target_score=24;target_unique=7",200,round_score,1,447
"hybrid","target_score=24;target_unique=7",200,round_score,2,1332
"hybrid","target_score=24;target_unique=7",200,round_score,3,1354
"hybrid","target_score=24;target_unique=7",200,round_score,4,2282
"hybrid","target_score=24;target_unique=7",200,round_score,5,2313
"hybrid","target_score=24;target_unique=7",200,round_score,6,3378
"hybrid","target_score=24;target_unique=7",200,round_score,7,3508
"hybrid","target_score=24;target_unique=7",200,round_score,8,4601
"hybrid","target_score=24;target_unique=7",200,round_score,9,4702
"hybrid","target_score=24;target_unique=7",200,round_score,10,5812
"hybrid","target_score=24;target_unique=7",200,round_score,11,6562
"hybrid","target_score=24;target_unique=7",200,round_score,12,7278
"hybrid","target_score=24;target_unique=7",200,round_score,13,2497
"hybrid","target_score=24;target_unique=7",200,round_score,14,2863
"hybrid","target_score=24;target_unique=7",200,round_score,15,3396
"hybrid","target_score=24;target_unique=7",200,round_score,16,3670
"hybrid","target_score=24;target_unique=7",200,round_score,17,4015
"hybrid","target_score=24;target_unique=7",200,round_score,18,4167
"hybrid","target_score=24;target_unique=7",200,round_score,19,4502
"hybrid","target_score=24;target_unique=7",200,round_score,20,4058
"hybrid","target_score=24;target_unique=7",200,round_score,21,4533
"hybrid","target_score=24;target_unique=7",200,round_score,22,3935
"hybrid","target_score=24;target_unique=7",200,round_score,23,4068
"hybrid","target_score=24;target_unique=7",200,round_score,24,78888
"hybrid","target_score=24;target_unique=7",200,round_score,25,78044
"hybrid","target_score=24;target_unique=7",200,round_score,26,77632
"hybrid","target_score=24;target_unique=7",200,round_score,27,79438
"hybrid","target_score=24;target_unique=7",200,round_score,28,71812
"hybrid","target_score=24;target_unique=7",200,round_score,29,67171
"hybrid","target_score=24;target_unique=7",200,round_score,30,62472
"hybrid","target_score=24;target_unique=7",200,round_score,31,50491
"hybrid","target_score=24;target_unique=7",200,round_score,32,40202
"hybrid","target_score=24;target_unique=7",200,round_score,33,34480
"hybrid","target_score=24;target_unique=7",200,round_score,34,18430
"hybrid","target_score=24;target_unique=7",200,round_score,35,8937
"hybrid","target_score=24;target_unique=7",200,round_score,36,5096
"hybrid","target_score=24;target_unique=7",200,round_score,37,1767
"hybrid","target_score=24;target_unique=7",200,round_score,38,5501
"hybrid","target_score=24;target_unique=7",200,round_score,39,1501
"hybrid","target_score=24;target_unique=7",200,round_score,40,4429
"hybrid","target_score=24;target_unique=7",200,round_score,41,1208
"hybrid","target_score=24;target_unique=7",200,round_score,42,4387
"hybrid","target_score=24;target_unique=7",200,round_score,43,889
"hybrid","target_score=24;target_unique=7",200,round_score,44,2857
"hybrid","target_score=24;target_unique=7",200,round_score,45,697
"hybrid","target_score=24;target_unique=7",200,round_score,46,2691
"hybrid","target_score=24;target_unique=7",200,round_score,47,493
"hybrid","target_score=24;target_unique=7",200,round_score,48,543
"hybrid","target_score=24;target_unique=7",200,round_score,49,272
"hybrid","target_score=24;target_unique=7",200,round_score,50,418
"hybrid","target_score=24;target_unique=7",200,round_score,51,128
"hybrid","target_score=24;target_unique=7",200,round_score,52,255
"hybrid","target_score=24;target_unique=7",200,round_score,53,72
"hybrid","target_score=24;target_unique=7",200,round_score,54,211
"hybrid","target_score=24;target_unique=7",200,round_score,55,47
"hybrid","target_score=24;target_unique=7",200,round_score,56,203
"hybrid","target_score=24;target_unique=7",200,round_score,57,34
"hybrid","target_score=24;target_unique=7",200,round_score,58,174
"hybrid","target_score=24;target_unique=7",200,round_score,59,30
"hybrid","target_score=24;target_unique=7",200,round_score,60,173
"hybrid","target_score=24;target_unique=7",200,round_score,61,29
"hybrid","target_score=24;target_unique=7",200,round_score,62,150
"hybrid","target_score=24;target_unique=7",200,round_score,63,35
"hybrid","target_score=24;target_unique=7",200,round_score,64,130
"hybrid","target_score=24;target_unique=7",200,round_score,65,22
"hybrid","target_score=24;target_unique=7",200,round_score,66,128
"hybrid","target_score=24;target_unique=7",200,round_score,67,21
"hybrid","target_score=24;target_unique=7",200,round_score,68,107
"hybrid","target_score=24;target_unique=7",200,round_score,69,6
"hybrid","target_score=24;target_unique=7",200,round_score,70,101
"hybrid","target_score=24;target_unique=7",200,round_score,71,8
"hybrid","target_score=24;target_unique=7",200,round_score,72,106
"hybrid","target_score=24;target_unique=7",200,round_score,73,4
"hybrid","target_score=24;target_unique=7",200,round_score,74,63
"hybrid","target_score=24;target_unique=7",200,round_score,75,7
"hybrid","target_score=24;target_unique=7",200,round_score,76,73
"hybrid","target_score=24;target_unique=7",200,round_score,77,5
"hybrid","target_score=24;target_unique=7",200,round_score,78,71
"hybrid","target_score=24;target_unique=7",200,round_score,80,35
"hybrid","target_score=24;target_unique=7",200,round_score,82,28
"hybrid","target_score=24;target_unique=7",200,round_score,84,17
"hybrid","target_score=24;target_unique=7",200,round_score,86,15
"hybrid","target_score=24;target_unique=7",200,round_score,88,13
"hybrid","target_score=24;target_unique=7",200,round_score,90,7
"hybrid","target_score=24;target_unique=7",200,round_score,92,5
"hybrid","target_score=24;target_unique=7",200,round_score,94,5
"hybrid","target_score=24;target_unique=7",200,round_score,96,2
"hybrid","target_score=24;target_unique=7",200,round_score,99,1
"hybrid","target_score=24;target_unique=7",200,round_score,102,3
"hybrid","target_score=24;target_unique=7",200,round_score,106,1
"hybrid","target_score=24;target_unique=7",200,round_score,108,1
"hybrid","target_score=24;target_unique=7",200,round_score,110,1
"hybrid","target_score=24;target_unique=7",200,round_score,111,1
"hybrid","target_score=24;target_unique=7",200,round_score,114,1
"hybrid","target_score=24;target_unique=7",200,round_score,115,1
"hybrid","target_score=24;target_unique=7",200,round_score,117,1
"hybrid","target_score=24;target_unique=7",200,round_score,123,1
"hybrid","target_score=24;target_unique=7",200,round_score,133,1
"hybrid","target_score=24;target_unique=7",200,round_score,135,1
"hybrid","target_score=24;target_unique=7",200,round_end,bust,300262
"hybrid","target_score=24;target_unique=7",200,round_end,flip7,500
"hybrid","target_score=24;target_unique=7",200,round_end,freeze,125948
"hybrid","target_score=24;target_unique=7",200,round_end,finish,700499
"hybrid","target_score=24;target_unique=7",200,round_end,deck_exhausted,0
"hybrid","target_score=24;target_unique=7",200,final_score,200,3726
"hybrid","target_score=24;target_unique=7",200,final_score,201,3781
"hybrid","target_score=24;target_unique=7",200,final_score,202,3821
"hybrid","target_score=24;target_unique=7",200,final_score,203,3841
"hybrid","target_score=24;target_unique=7",200,final_score,204,3747
"hybrid","target_score=24;target_unique=7",200,final_score,205,3656
"hybrid","target_score=24;target_unique=7",200,final_score,206,3615
"hybrid","target_score=24;target_unique=7",200,final_score,207,3457
"hybrid","target_score=24;target_unique=7",200,final_score,208,3440
"hybrid","target_score=24;target_unique=7",200,final_score,209,3508
"hybrid","target_score=24;target_unique=7",200,final_score,210,3496
"hybrid","target_score=24;target_unique=7",200,final_score,211,3419
"hybrid","target_score=24;target_unique=7",200,final_score,212,3398
"hybrid","target_score=24;target_unique=7",200,final_score,213,3365
"hybrid","target_score=24;target_unique=7",200,final_score,214,3402
"hybrid","target_score=24;target_unique=7",200,final_score,215,3357
"hybrid","target_score=24;target_unique=7",200,final_score,216,3243
"hybrid","target_score=24;target_unique=7",200,final_score,217,3396
"hybrid","target_score=24;target_unique=7",200,final_score,218,3378
"hybrid","target_score=24;target_unique=7",200,final_score,219,3265
"hybrid","target_score=24;target_unique=7",200,final_score,220,3333
"hybrid","target_score=24;target_unique=7",200,final_score,221,3334
"hybrid","target_score=24;target_unique=7",200,final_score,222,3375
"hybrid","target_score=24;target_unique=7",200,final_score,223,3343
"hybrid","target_score=24;target_unique=7",200,final_score,224,2968
"hybrid","target_score=24;target_unique=7",200,final_score,225,2642
"hybrid","target_score=24;target_unique=7",200,final_score,226,2246
"hybrid","target_score=24;target_unique=7",200,final_score,227,1849
"hybrid","target_score=24;target_unique=7",200,final_score,228,1518
"hybrid","target_score=24;target_unique=7",200,final_score,229,1229
"hybrid","target_score=24;target_unique=7",200,final_score,230,917
"hybrid","target_score=24;target_unique=7",200,final_score,231,658
"hybrid","target_score=24;target_unique=7",200,final_score,232,477
"hybrid","target_score=24;target_unique=7",200,final_score,233,342
"hybrid","target_score=24;target_unique=7",200,final_score,234,184
"hybrid","target_score=24;target_unique=7",200,final_score,235,188
"hybrid","target_score=24;target_unique=7",200,final_score,236,130
"hybrid","target_score=24;target_unique=7",200,final_score,237,145
"hybrid","target_score=24;target_unique=7",200,final_score,238,110
"hybrid","target_score=24;target_unique=7",200,final_score,239,103
"hybrid","target_score=24;target_unique=7",200,final_score,240,87
"hybrid","target_score=24;target_unique=7",200,final_score,241,81
"hybrid","target_score=24;target_unique=7",200,final_score,242,58
"hybrid","target_score=24;target_unique=7",200,final_score,243,52
"hybrid","target_score=24;target_unique=7",200,final_score,244,41
"hybrid","target_score=24;target_unique=7",200,final_score,245,39
"hybrid","target_score=24;target_unique=7",200,final_score,246,19
"hybrid","target_score=24;target_unique=7",200,final_score,247,16
"hybrid","target_score=24;target_unique=7",200,final_score,248,21
"hybrid","target_score=24;target_unique=7",200,final_score,249,17
"hybrid","target_score=24;target_unique=7",200,final_score,250,9
"hybrid","target_score=24;target_unique=7",200,final_score,251,9
"hybrid","target_score=24;target_unique=7",200,final_score,252,15
"hybrid","target_score=24;target_unique=7",200,final_score,253,9
"hybrid","target_score=24;target_unique=7",200,final_score,254,13
"hybrid","target_score=24;target_unique=7",200,final_score,255,9
"hybrid","target_score=24;target_unique=7",200,final_score,256,6
"hybrid","target_score=24;target_unique=7",200,final_score,257,16
"hybrid","target_score=24;target_unique=7",200,final_score,258,3
"hybrid","target_score=24;target_unique=7",200,final_score,259,9
"hybrid","target_score=24;target_unique=7",200,final_score,260,6
"hybrid","target_score=24;target_unique=7",200,final_score,261,3
"hybrid","target_score=24;target_unique=7",200,final_score,262,3
"hybrid","target_score=24;target_unique=7",200,final_score,263,3
"hybrid","target_score=24;target_unique=7",200,final_score,264,5
"hybrid","target_score=24;target_unique=7",200,final_score,265,7
"hybrid","target_score=24;target_unique=7",200,final_score,266,3
"hybrid","target_score=24;target_unique=7",200,final_score,267,3
"hybrid","target_score=24;target_unique=7",200,final_score,268,3
"hybrid","target_score=24;target_unique=7",200,final_score,269,7
"hybrid","target_score=24;target_unique=7",200,final_score,270,3
"hybrid","target_score=24;target_unique=7",200,final_score,271,2
"hybrid","target_score=24;target_unique=7",200,final_score,272,1
"hybrid","target_score=24;target_unique=7",200,final_score,273,2
"hybrid","target_score=24;target_unique=7",200,final_score,274,1
"hybrid","target_score=24;target_unique=7",200,final_score,275,2
"hybrid","target_score=24;target_unique=7",200,final_score,277,2
"hybrid","target_score=24;target_unique=7",200,final_score,278,1
"hybrid","target_score=24;target_unique=7",200,final_score,279,3
"hybrid","target_score=24;target_unique=7",200,final_score,280,1
"hybrid","target_score=24;target_unique=7",200,final_score,284,1
"hybrid","target_score=24;target_unique=7",200,final_score,285,2
"hybrid","target_score=24;target_unique=7",200,final_score,288,1
"hybrid","target_score=24;target_unique=7",200,final_score,289,1
"hybrid","target_score=24;target_unique=7",200,final_score,299,1
"hybrid","target_score=24;target_unique=7",200,final_score,303,1
"hybrid","target_score=24;target_unique=7",200,final_score,326,1
"hybrid","target_score=25;target_unique=3",200,round_score,0,295206
"hybrid","target_score=25;target_unique=3",200,round_score,1,480
"hybrid","target_score=25;target_unique=3",200,round_score,2,1417
"hybrid","target_score=25;target_unique=3",200,round_score,3,1442
"hybrid","target_score=25;target_unique=3",200,round_score,4,2426
"hybrid","target_score=25;target_unique=3",200,round_score,5,2590
"hybrid","target_score=25;target_unique=3",200,round_score,6,3615
"hybrid","target_score=25;target_unique=3",200,round_score,7,3955
"hybrid","target_score=25;target_unique=3",200,round_score,8,5310
"hybrid","target_score=25;target_unique=3",200,round_score,9,6021
"hybrid","target_score=25;target_unique=3",200,round_score,10,7578
"hybrid","target_score=25;target_unique=3",200,round_score,11,9134
"hybrid","target_score=25;target_unique=3",200,round_score,12,11317
"hybrid","target_score=25;target_unique=3",200,round_score,13,7940
"hybrid","target_score=25;target_unique=3",200,round_score,14,10173
"hybrid","target_score=25;target_unique=3",200,round_score,15,13909
"hybrid","target_score=25;target_unique=3",200,round_score,16,16910
"hybrid","target_score=25;target_unique=3",200,round_score,17,21618
"hybrid","target_score=25;target_unique=3",200,round_score,18,26362
"hybrid","target_score=25;target_unique=3",200,round_score,19,31141
"hybrid","target_score=25;target_unique=3",200,round_score,20,34890
"hybrid","target_score=25;target_unique=3",200,round_score,21,42284
"hybrid","target_score=25;target_unique=3",200,round_score,22,44633
"hybrid","target_score=25;target_unique=3",200,round_score,23,49849
"hybrid","target_score=25;target_unique=3",200,round_score,24,51743
"hybrid","target_score=25;target_unique=3",200,round_score,25,65371
"hybrid","target_score=25;target_unique=3",200,round_score,26,62582
"hybrid","target_score=25;target_unique=3",200,round_score,27,63609
"hybrid","target_score=25;target_unique=3",200,round_score,28,54680
"hybrid","target_score=25;target_unique=3",200,round_score,29,49245
"hybrid","target_score=25;target_unique=3",200,round_score,30,43836
"hybrid","target_score=25;target_unique=3",200,round_score,31,33416
"hybrid","target_score=25;target_unique=3",200,round_score,32,24065
"hybrid","target_score=25;target_unique=3",200,round_score,33,21348
"hybrid","target_score=25;target_unique=3",200,round_score,34,9002
"hybrid","target_score=25;target_unique=3",200,round_score,35,4277
"hybrid","target_score=25;target_unique=3",200,round_score,36,6141
"hybrid","target_score=25;target_unique=3",200,round_score,37,1628
"hybrid","target_score=25;target_unique=3",200,round_score,38,5392
"hybrid","target_score=25;target_unique=3",200,round_score,39,1338
"hybrid","target_score=25;target_unique=3",200,round_score,40,4445
"hybrid","target_score=25;target_unique=3",200,round_score,41,1085
"hybrid","target_score=25;target_unique=3",200,round_score,42,4329
"hybrid","target_score=25;target_unique=3",200,round_score,43,735
"hybrid","target_score=25;target_unique=3",200,round_score,44,2784
"hybrid","target_score=25;target_unique=3",200,round_score,45,540
"hybrid","target_score=25;target_unique=3",200,round_score,46,2616
"hybrid","target_score=25;target_unique=3",200,round_score,47,344
"hybrid","target_score=25;target_unique=3",200,round_score,48,804
"hybrid","target_score=25;target_unique=3",200,round_score,49,187
"hybrid","target_score=25;target_unique=3",200,round_score,50,326
"hybrid","target_score=25;target_unique=3",200,round_score,51,67
"hybrid","target_score=25;target_unique=3",200,round_score,52,206
"hybrid","target_score=25;target_unique=3",200,round_score,53,40
"hybrid","target_score=25;target_unique=3",200,round_score,54,160
"hybrid","target_score=25;target_unique=3",200,round_score,55,27
"hybrid","target_score=25;target_unique=3",200,round_score,56,180
"hybrid","target_score=25;target_unique=3",200,round_score,57,19
"hybrid","target_score=25;target_unique=3",200,round_score,58,164
"hybrid","target_score=25;target_unique=3",200,round_score,59,8
"hybrid","target_score=25;target_unique=3",200,round_score,60,145
"hybrid","target_score=25;target_unique=3",200,round_score,61,9
"hybrid","target_score=25;target_unique=3",200,round_score,62,128
"hybrid","target_score=25;target_unique=3",200,round_score,63,7
"hybrid","target_score=25;target_unique=3",200,round_score,64,130
"hybrid","target_score=25;target_unique=3",200,round_score,65,10
"hybrid","target_score=25;target_unique=3",200,round_score,66,113
"hybrid","target_score=25;target_unique=3",200,round_score,67,5
"hybrid","target_score=25;target_unique=3",200,round_score,68,101
"hybrid","target_score=25;target_unique=3",200,round_score,69,6
"hybrid","target_score=25;target_unique=3",200,round_score,70,74
"hybrid","target_score=25;target_unique=3",200,round_score,71,4
"hybrid","target_score=25;target_unique=3",200,round_score,72,87
"hybrid","target_score=25;target_unique=3",200,round_score,73,3
"hybrid","target_score=25;target_unique=3",200,round_score,74,57
"hybrid","target_score=25;target_unique=3",200,round_score,75,2
"hybrid","target_score=25;target_unique=3",200,round_score,76,65
"hybrid","target_score=25;target_unique=3",200,round_score,77,5
"hybrid","target_score=25;target_unique=3",200,round_score,78,55
"hybrid","target_score=25;target_unique=3",200,round_score,80,27
"hybrid","target_score=25;target_unique=3",200,round_score,81,1
"hybrid","target_score=25;target_unique=3",200,round_score,82,26
"hybrid","target_score=25;target_unique=3",200,round_score,84,20
"hybrid","target_score=25;target_unique=3",200,round_score,86,10
"hybrid","target_score=25;target_unique=3",200,round_score,88,13
"hybrid","target_score=25;target_unique=3",200,round_score,90,5
"hybrid","target_score=25;target_unique=3",200,round_score,92,5
"hybrid","target_score=25;target_unique=3",200,round_score,94,5
"hybrid","target_score=25;target_unique=3",200,round_score,96,1
"hybrid","target_score=25;target_unique=3",200,round_score,98,3
"hybrid","target_score=25;target_unique=3",200,round_score,100,3
"hybrid","target_score=25;target_unique=3",200,round_score,104,1
"hybrid","target_score=25;target_unique=3",200,round_score,106,1
"hybrid","target_score=25;target_unique=3",200,round_score,108,2
"hybrid","target_score=25;target_unique=3",200,round_score,110,1
"hybrid","target_score=25;target_unique=3",200,round_score,123,1
"hybrid","target_score=25;target_unique=3",200,round_end,bust,255153
"hybrid","target_score=25;target_unique=3",200,round_end,flip7,113
"hybrid","target_score=25;target_unique=3",200,round_end,freeze,119165
"hybrid","target_score=25;target_unique=3",200,round_end,finish,793639
"hybrid","target_score=25;target_unique=3",200,round_end,deck_exhausted,0
"hybrid","target_score=25;target_unique=3",200,final_score,200,4085
"hybrid","target_score=25;target_unique=3",200,final_score,201,4097
"hybrid","target_score=25;target_unique=3",200,final_score,202,4105
"hybrid","target_score=25;target_unique=3",200,final_score,203,4034
"hybrid","target_score=25;target_unique=3",200,final_score,204,4252
"hybrid","target_score=25;target_unique=3",200,final_score,205,4097
"hybrid","target_score=25;target_unique=3",200,final_score,206,4133
"hybrid","target_score=25;target_unique=3",200,final_score,207,4084
"hybrid","target_score=25;target_unique=3",200,final_score,208,3912
"hybrid","target_score=25;target_unique=3",200,final_score,209,3972
"hybrid","target_score=25;target_unique=3",200,final_score,210,3869
"hybrid","target_score=25;target_unique=3",200,final_score,211,3962
"hybrid","target_score=25;target_unique=3",200,final_score,212,3871
"hybrid","target_score=25;target_unique=3",200,final_score,213,3850
"hybrid","target_score=25;target_unique=3",200,final_score,214,3791
"hybrid","target_score=25;target_unique=3",200,final_score,215,3588
"hybrid","target_score=25;target_unique=3",200,final_score,216,3598
"hybrid","target_score=25;target_unique=3",200,final_score,217,3510
"hybrid","target_score=25;target_unique=3",200,final_score,218,3388
"hybrid","target_score=25;target_unique=3",200,final_score,219,3307
"hybrid","target_score=25;target_unique=3",200,final_score,220,2994
"hybrid","target_score=25;target_unique=3",200,final_score,221,2873
"hybrid","target_score=25;target_unique=3",200,final_score,222,2617
"hybrid","target_score=25;target_unique=3",200,final_score,223,2380
"hybrid","target_score=25;target_unique=3",200,final_score,224,2226
"hybrid","target_score=25;target_unique=3",200,final_score,225,1930
"hybrid","target_score=25;target_unique=3",200,final_score,226,1562
"hybrid","target_score=25;target_unique=3",200,final_score,227,1316
"hybrid","target_score=25;target_unique=3",200,final_score,228,1036
"hybrid","target_score=25;target_unique=3",200,final_score,229,741
"hybrid","target_score=25;target_unique=3",200,final_score,230,575
"hybrid","target_score=25;target_unique=3",200,final_score,231,428
"hybrid","target_score=25;target_unique=3",200,final_score,232,324
"hybrid","target_score=25;target_unique=3",200,final_score,233,228
"hybrid","target_score=25;target_unique=3",200,final_score,234,180
"hybrid","target_score=25;target_unique=3",200,final_score,235,149
"hybrid","target_score=25;target_unique=3",200,final_score,236,126
"hybrid","target_score=25;target_unique=3",200,final_score,237,111
"hybrid","target_score=25;target_unique=3",200,final_score,238,96
"hybrid","target_score=25;target_unique=3",200,final_score,239,100
"hybrid","target_score=25;target_unique=3",200,final_score,240,77
"hybrid","target_score=25;target_unique=3",200,final_score,241,69
"hybrid","target_score=25;target_unique=3",200,final_score,242,44
"hybrid","target_score=25;target_unique=3",200,final_score,243,53
"hybrid","target_score=25;target_unique=3",200,final_score,244,28
"hybrid","target_score=25;target_unique=3",200,final_score,245,32
"hybrid","target_score=25;target_unique=3",200,final_score,246,24
"hybrid","target_score=25;target_unique=3",200,final_score,247,18
"hybrid","target_score=25;target_unique=3",200,final_score,248,19
"hybrid","target_score=25;target_unique=3",200,final_score,249,14
"hybrid","target_score=25;target_unique=3",200,final_score,250,9
"hybrid","target_score=25;target_unique=3",200,final_score,251,4
"hybrid","target_score=25;target_unique=3",200,final_score,252,8
"hybrid","target_score=25;target_unique=3",200,final_score,253,6
"hybrid","target_score=25;target_unique=3",200,final_score,254,10
"hybrid","target_score=25;target_unique=3",200,final_score,255,6
"hybrid","target_score=25;target_unique=3",200,final_score,256,3
"hybrid","target_score=25;target_unique=3",200,final_score,257,8
"hybrid","target_score=25;target_unique=3",200,final_score,258,8
"hybrid","target_score=25;target_unique=3",200,final_score,259,9
"hybrid","target_score=25;target_unique=3",200,final_score,260,4
"hybrid","target_score=25;target_unique=3",200,final_score,261,6
"hybrid","target_score=25;target_unique=3",200,final_score,262,5
"hybrid","target_score=25;target_unique=3",200,final_score,263,4
"hybrid","target_score=25;target_unique=3",200,final_score,264,3
"hybrid","target_score=25;target_unique=3",200,final_score,265,7
"hybrid","target_score=25;target_unique=3",200,final_score,266,2
"hybrid","target_score=25;target_unique=3",200,final_score,267,2
"hybrid","target_score=25;target_unique=3",200,final_score,268,2
"hybrid","target_score=25;target_unique=3",200,final_score,269,2
"hybrid","target_score=25;target_unique=3",200,final_score,270,3
"hybrid","target_score=25;target_unique=3",200,final_score,271,1
"hybrid","target_score=25;target_unique=3",200,final_score,273,3
"hybrid","target_score=25;target_unique=3",200,final_score,274,2
"hybrid","target_score=25;target_unique=3",200,final_score,275,3
"hybrid","target_score=25;target_unique=3",200,final_score,278,1
"hybrid","target_score=25;target_unique=3",200,final_score,279,1
"hybrid","target_score=25;target_unique=3",200,final_score,281,1
"hybrid","target_score=25;target_unique=3",200,final_score,303,1
"hybrid","target_score=25;target_unique=3",200,final_score,307,1
"hybrid","target_score=25;target_unique=4",200,round_score,0,346308
"hybrid","target_score=25;target_unique=4",200,round_score,1,425
"hybrid","target_score=25;target_unique=4",200,round_score,2,1346
"hybrid","target_score=25;target_unique=4",200,round_score,3,1381
"hybrid","target_score=25;target_unique=4",200,round_score,4,2290
"hybrid","target_score=25;target_unique=4",200,round_score,5,2406
"hybrid","target_score=25;target_unique=4",200,round_score,6,3367
"hybrid","target_score=25;target_unique=4",200,round_score,7,3501
"hybrid","target_score=25;target_unique=4",200,round_score,8,4575
"hybrid","target_score=25;target_unique=4",200,round_score,9,4773
"hybrid","target_score=25;target_unique=4",200,round_score,10,5827
"hybrid","target_score=25;target_unique=4",200,round_score,11,6553
"hybrid","target_score=25;target_unique=4",200,round_score,12,7418
"hybrid","target_score=25;target_unique=4",200,round_score,13,2746
"hybrid","target_score=25;target_unique=4",200,round_score,14,3296
"hybrid","target_score=25;target_unique=4",200,round_score,15,4012
"hybrid","target_score=25;target_unique=4",200,round_score,16,4576
"hybrid","target_score=25;target_unique=4",200,round_score,17,5335
"hybrid","target_score=25;target_unique=4",200,round_score,18,6168
"hybrid","target_score=25;target_unique=4",200,round_score,19,7198
"hybrid","target_score=25;target_unique=4",200,round_score,20,7979
"hybrid","target_score=25;target_unique=4",200,round_score,21,9640
"hybrid","target_score=25;target_unique=4",200,round_score,22,10727
"hybrid","target_score=25;target_unique=4",200,round_score,23,12654
"hybrid","target_score=25;target_unique=4",200,round_score,24,14213
"hybrid","target_score=25;target_unique=4",200,round_score,25,77352
"hybrid","target_score=25;target_unique=4",200,round_score,26,78077
"hybrid","target_score=25;target_unique=4",200,round_score,27,79062
"hybrid","target_score=25;target_unique=4",200,round_score,28,72992
"hybrid","target_score=25;target_unique=4",200,round_score,29,67270
"hybrid","target_score=25;target_unique=4",200,round_score,30,64031
"hybrid","target_score=25;target_unique=4",200,round_score,31,51413
"hybrid","target_score=25;target_unique=4",200,round_score,32,42207
"hybrid","target_score=25;target_unique=4",200,round_score,33,36196
"hybrid","target_score=25;target_unique=4",200,round_score,34,22270
"hybrid","target_score=25;target_unique=4",200,round_score,35,12832
"hybrid","target_score=25;target_unique=4",200,round_score,36,11350
"hybrid","target_score=25;target_unique=4",200,round_score,37,1767
"hybrid","target_score=25;target_unique=4",200,round_score,38,5864
"hybrid","target_score=25;target_unique=4",200,round_score,39,1530
"hybrid","target_score=25;target_unique=4",200,round_score,40,4948
"hybrid","target_score=25;target_unique=4",200,round_score,41,1237
"hybrid","target_score=25;target_unique=4",200,round_score,42,4907
"hybrid","target_score=25;target_unique=4",200,round_score,43,913
"hybrid","target_score=25;target_unique=4",200,round_score,44,3496
"hybrid","target_score=25;target_unique=4",200,round_score,45,723
"hybrid","target_score=25;target_unique=4",200,round_score,46,3295
"hybrid","target_score=25;target_unique=4",200,round_score,47,501
"hybrid","target_score=25;target_unique=4",200,round_score,48,1632
"hybrid","target_score=25;target_unique=4",200,round_score,49,303
"hybrid","target_score=25;target_unique=4",200,round_score,50,429
"hybrid","target_score=25;target_unique=4",200,round_score,51,162
"hybrid","target_score=25;target_unique=4",200,round_score,52,272
"hybrid","target_score=25;target_unique=4",200,round_score,53,78
"hybrid","target_score=25;target_unique=4",200,round_score,54,207
"hybrid","target_score=25;target_unique=4",200,round_score,55,41
"hybrid","target_score=25;target_unique=4",200,round_score,56,206
"hybrid","target_score=25;target_unique=4",200,round_score,57,32
"hybrid","target_score=25;target_unique=4",200,round_score,58,165
"hybrid","target_score=25;target_unique=4",200,round_score,59,11
"hybrid","target_score=25;target_unique=4",200,round_score,60,142
"hybrid","target_score=25;target_unique=4",200,round_score,61,9
"hybrid","target_score=25;target_unique=4",200,round_score,62,122
"hybrid","target_score=25;target_unique=4",200,round_score,63,15
"hybrid","target_score=25;target_unique=4",200,round_score,64,124
"hybrid","target_score=25;target_unique=4",200,round_score,65,12
"hybrid","target_score=25;target_unique=4",200,round_score,66,134
"hybrid","target_score=25;target_unique=4",200,round_score,67,11
"hybrid","target_score=25;target_unique=4",200,round_score,68,109
"hybrid","target_score=25;target_unique=4",200,round_score,69,9
"hybrid","target_score=25;target_unique=4",200,round_score,70,104
"hybrid","target_score=25;target_unique=4",200,round_score,71,9
"hybrid","target_score=25;target_unique=4",200,round_score,72,109
"hybrid","target_score=25;target_unique=4",200,round_score,73,5
"hybrid","target_score=25;target_unique=4",200,round_score,74,71
"hybrid","target_score=25;target_unique=4",200,round_score,75,5
"hybrid","target_score=25;target_unique=4",200,round_score,76,70
"hybrid","target_score=25;target_unique=4",200,round_score,77,8
"hybrid","target_score=25;target_unique=4",200,round_score,78,85
"hybrid","target_score=25;target_unique=4",200,round_score,79,1
"hybrid","target_score=25;target_unique=4",200,round_score,80,38
"hybrid","target_score=25;target_unique=4",200,round_score,82,33
"hybrid","target_score=25;target_unique=4",200,round_score,84,25
"hybrid","target_score=25;target_unique=4",200,round_score,86,15
"hybrid","target_score=25;target_unique=4",200,round_score,88,13
"hybrid","target_score=25;target_unique=4",200,round_score,89,1
"hybrid","target_score=25;target_unique=4",200,round_score,90,11
"hybrid","target_score=25;target_unique=4",200,round_score,92,7
"hybrid","target_score=25;target_unique=4",200,round_score,94,5
"hybrid","target_score=25;target_unique=4",200,round_score,96,1
"hybrid","target_score=25;target_unique=4",200,round_score,98,1
"hybrid","target_score=25;target_unique=4",200,round_score,99,1
"hybrid","target_score=25;target_unique=4",200,round_score,102,3
"hybrid","target_score=25;target_unique=4",200,round_score,106,1
"hybrid","target_score=25;target_unique=4",200,round_score,107,1
"hybrid","target_score=25;target_unique=4",200,round_score,110,2
"hybrid","target_score=25;target_unique=4",200,round_score,111,1
"hybrid","target_score=25;target_unique=4",200,round_score,114,1
"hybrid","target_score=25;target_unique=4",200,round_score,115,1
"hybrid","target_score=25;target_unique=4",200,round_score,117,1
"hybrid","target_score=25;target_unique=4",200,round_score,121,1
"hybrid","target_score=25;target_unique=4",200,round_score,123,1
"hybrid","target_score=25;target_unique=4",200,round_score,133,1
"hybrid","target_score=25;target_unique=4",200,round_score,135,1
"hybrid","target_score=25;target_unique=4",200,round_end,bust,307722
"hybrid","target_score=25;target_unique=4",200,round_end,flip7,202
"hybrid","target_score=25;target_unique=4",200,round_end,freeze,127048
"hybrid","target_score=25;target_unique=4",200,round_end,finish,692833
"hybrid","target_score=25;target_unique=4",200,round_end,deck_exhausted,0
"hybrid","target_score=25;target_unique=4",200,final_score,200,3693
"hybrid","target_score=25;target_unique=4",200,final_score,201,3713
"hybrid","target_score=25;target_unique=4",200,final_score,202,3882
"hybrid","target_score=25;target_unique=4",200,final_score,203,3780
"hybrid","target_score=25;target_unique=4",200,final_score,204,3801
"hybrid","target_score=25;target_unique=4",200,final_score,205,3748
"hybrid","target_score=25;target_unique=4",200,final_score,206,3674
"hybrid","target_score=25;target_unique=4",200,final_score,207,3610
"hybrid","target_score=25;target_unique=4",200,final_score,208,3566
"hybrid","target_score=25;target_unique=4",200,final_score,209,3471
"hybrid","target_score=25;target_unique=4",200,final_score,210,3578
"hybrid","target_score=25;target_unique=4",200,final_score,211,3378
"hybrid","target_score=25;target_unique=4",200,final_score,212,3395
"hybrid","target_score=25;target_unique=4",200,final_score,213,3301
"hybrid","target_score=25;target_unique=4",200,final_score,214,3411
"hybrid","target_score=25;target_unique=4",200,final_score,215,3285
"hybrid","target_score=25;target_unique=4",200,final_score,216,3288
"hybrid","target_score=25;target_unique=4",200,final_score,217,3233
"hybrid","target_score=25;target_unique=4",200,final_score,218,3279
"hybrid","target_score=25;target_unique=4",200,final_score,219,3190
"hybrid","target_score=25;target_unique=4",200,final_score,220,3228
"hybrid","target_score=25;target_unique=4",200,final_score,221,3217
"hybrid","target_score=25;target_unique=4",200,final_score,222,3171
"hybrid","target_score=25;target_unique=4",200,final_score,223,3006
"hybrid","target_score=25;target_unique=4",200,final_score,224,2988
"hybrid","target_score=25;target_unique=4",200,final_score,225,2711
"hybrid","target_score=25;target_unique=4",200,final_score,226,2320
"hybrid","target_score=25;target_unique=4",200,final_score,227,1853
"hybrid","target_score=25;target_unique=4",200,final_score,228,1612
"hybrid","target_score=25;target_unique=4",200,final_score,229,1308
"hybrid","target_score=25;target_unique=4",200,final_score,230,980
"hybrid","target_score=25;target_unique=4",200,final_score,231,773
"hybrid","target_score=25;target_unique=4",200,final_score,232,558
"hybrid","target_score=25;target_unique=4",200,final_score,233,358
"hybrid","target_score=25;target_unique=4",200,final_score,234,268
"hybrid","target_score=25;target_unique=4",200,final_score,235,220
"hybrid","target_score=25;target_unique=4",200,final_score,236,155
"hybrid","target_score=25;target_unique=4",200,final_score,237,145
"hybrid","target_score=25;target_unique=4",200,final_score,238,100
"hybrid","target_score=25;target_unique=4",200,final_score,239,111
"hybrid","target_score=25;target_unique=4",200,final_score,240,108
"hybrid","target_score=25;target_unique=4",200,final_score,241,79
"hybrid","target_score=25;target_unique=4",200,final_score,242,69
"hybrid","target_score=25;target_unique=4",200,final_score,243,62
"hybrid","target_score=25;target_unique=4",200,final_score,244,33
"hybrid","target_score=25;target_unique=4",200,final_score,245,44
"hybrid","target_score=25;target_unique=4",200,final_score,246,24
"hybrid","target_score=25;target_unique=4",200,final_score,247,26
"hybrid","target_score=25;target_unique=4",200,final_score,248,17
"hybrid","target_score=25;target_unique=4",200,final_score,249,15
"hybrid","target_score=25;target_unique=4",200,final_score,250,10
"hybrid","target_score=25;target_unique=4",200,final_score,251,13
"hybrid","target_score=25;target_unique=4",200,final_score,252,10
"hybrid","target_score=25;target_unique=4",200,final_score,253,11
"hybrid","target_score=25;target_unique=4",200,final_score,254,10
"hybrid","target_score=25;target_unique=4",200,final_score,255,11
"hybrid","target_score=25;target_unique=4",200,final_score,256,4
"hybrid","target_score=25;target_unique=4",200,final_score,257,6
"hybrid","target_score=25;target_unique=4",200,final_score,258,4
"hybrid","target_score=25;target_unique=4",200,final_score,259,8
"hybrid","target_score=25;target_unique=4",200,final_score,260,5
"hybrid","target_score=25;target_unique=4",200,final_score,261,4
"hybrid","target_score=25;target_unique=4",200,final_score,262,5
"hybrid","target_score=25;target_unique=4",200,final_score,263,5
"hybrid","target_score=25;target_unique=4",200,final_score,264,9
"hybrid","target_score=25;target_unique=4",200,final_score,265,9
"hybrid","target_score=25;target_unique=4",200,final_score,266,1
"hybrid","target_score=25;target_unique=4",200,final_score,267,5
"hybrid","target_score=25;target_unique=4",200,final_score,268,2
"hybrid","target_score=25;target_unique=4",200,final_score,269,4
"hybrid","target_score=25;target_unique=4",200,final_score,270,2
"hybrid","target_score=25;target_unique=4",200,final_score,271,1
"hybrid","target_score=25;target_unique=4",200,final_score,272,5
"hybrid","target_score=25;target_unique=4",200,final_score,273,1
"hybrid","target_score=25;target_unique=4",200,final_score,274,2
"hybrid","target_score=25;target_unique=4",200,final_score,275,1
"hybrid","target_score=25;target_unique=4",200,final_score,276,3
"hybrid","target_score=25;target_unique=4",200,final_score,277,2
"hybrid","target_score=25;target_unique=4",200,final_score,278,1
"hybrid","target_score=25;target_unique=4",200,final_score,279,1
"hybrid","target_score=25;target_unique=4",200,final_score,280,1
"hybrid","target_score=25;target_unique=4",200,final_score,281,1
"hybrid","target_score=25;target_unique=4",200,final_score,285,2
"hybrid","target_score=25;target_unique=4",200,final_score,288,1
"hybrid","target_score=25;target_unique=4",200,final_score,289,1
"hybrid","target_score=25;target_unique=4",200,final_score,296,1
"hybrid","target_score=25;target_unique=4",200,final_score,299,1
"hybrid","target_score=25;target_unique=4",200,final_score,303,1
"hybrid","target_score=25;target_unique=4",200,final_score,326,1
"hybrid","target_score=25;target_unique=5",200,round_score,0,353244
"hybrid","target_score=25;target_unique=5",200,round_score,1,425
"hybrid","target_score=25;target_unique=5",200,round_score,2,1329
"hybrid","target_score=25;target_unique=5",200,round_score,3,1361
"hybrid","target_score=25;target_unique=5",200,round_score,4,2280
"hybrid","target_score=25;target_unique=5",200,round_score,5,2361
"hybrid","target_score=25;target_unique=5",200,round_score,6,3406
"hybrid","target_score=25;target_unique=5",200,round_score,7,3448
"hybrid","target_score=25;target_unique=5",200,round_score,8,4528
"hybrid","target_score=25;target_unique=5",200,round_score,9,4690
"hybrid","target_score=25;target_unique=5",200,round_score,10,5783
"hybrid","target_score=25;target_unique=5",200,round_score,11,6424
"hybrid","target_score=25;target_unique=5",200,round_score,12,7242
"hybrid","target_score=25;target_unique=5",200,round_score,13,2477
"hybrid","target_score=25;target_unique=5",200,round_score,14,2858
"hybrid","target_score=25;target_unique=5",200,round_score,15,3373
"hybrid","target_score=25;target_unique=5",200,round_score,16,3698
"hybrid","target_score=25;target_unique=5",200,round_score,17,4030
"hybrid","target_score=25;target_unique=5",200,round_score,18,4180
"hybrid","target_score=25;target_unique=5",200,round_score,19,4546
"hybrid","target_score=25;target_unique=5",200,round_score,20,4240
"hybrid","target_score=25;target_unique=5",200,round_score,21,4802
"hybrid","target_score=25;target_unique=5",200,round_score,22,4368
"hybrid","target_score=25;target_unique=5",200,round_score,23,4777
"hybrid","target_score=25;target_unique=5",200,round_score,24,4055
"hybrid","target_score=25;target_unique=5",200,round_score,25,78609
"hybrid","target_score=25;target_unique=5",200,round_score,26,79485
"hybrid","target_score=25;target_unique=5",200,round_score,27,81014
"hybrid","target_score=25;target_unique=5",200,round_score,28,75132
"hybrid","target_score=25;target_unique=5",200,round_score,29,69924
"hybrid","target_score=25;target_unique=5",200,round_score,30,67048
"hybrid","target_score=25;target_unique=5",200,round_score,31,54169
"hybrid","target_score=25;target_unique=5",200,round_score,32,45283
"hybrid","target_score=25;target_unique=5",200,round_score,33,39191
"hybrid","target_score=25;target_unique=5",200,round_score,34,25200
"hybrid","target_score=25;target_unique=5",200,round_score,35,15011
"hybrid","target_score=25;target_unique=5",200,round_score,36,12776
"hybrid","target_score=25;target_unique=5",200,round_score,37,1785
"hybrid","target_score=25;target_unique=5",200,round_score,38,5857
"hybrid","target_score=25;target_unique=5",200,round_score,39,1559
"hybrid","target_score=25;target_unique=5",200,round_score,40,4997
"hybrid","target_score=25;target_unique=5",200,round_score,41,1237
"hybrid","target_score=25;target_unique=5",200,round_score,42,4960
"hybrid","target_score=25;target_unique=5",200,round_score,43,905
"hybrid","target_score=25;target_unique=5",200,round_score,44,3582
"hybrid","target_score=25;target_unique=5",200,round_score,45,748
"hybrid","target_score=25;target_unique=5",200,round_score,46,3430
"hybrid","target_score=25;target_unique=5",200,round_score,47,509
"hybrid","target_score=25;target_unique=5",200,round_score,48,1756
"hybrid","target_score=25;target_unique=5",200,round_score,49,313
"hybrid","target_score=25;target_unique=5",200,round_score,50,430
"hybrid","target_score=25;target_unique=5",200,round_score,51,160
"hybrid","target_score=25;target_unique=5",200,round_score,52,273
"hybrid","target_score=25;target_unique=5",200,round_score,53,85
"hybrid","target_score=25;target_unique=5",200,round_score,54,219
"hybrid","target_score=25;target_unique=5",200,round_score,55,56
"hybrid","target_score=25;target_unique=5",200,round_score,56,218
"hybrid","target_score=25;target_unique=5",200,round_score,57,45
"hybrid","target_score=25;target_unique=5",200,round_score,58,185
"hybrid","target_score=25;target_unique=5",200,round_score,59,28
"hybrid","target_score=25;target_unique=5",200,round_score,60,163
"hybrid","target_score=25;target_unique=5",200,round_score,61,35
"hybrid","target_score=25;target_unique=5",200,round_score,62,154
"hybrid","target_score=25;target_unique=5",200,round_score,63,41
"hybrid","target_score=25;target_unique=5",200,round_score,64,147
"hybrid","target_score=25;target_unique=5",200,round_score,65,29
"hybrid","target_score=25;target_unique=5",200,round_score,66,139
"hybrid","target_score=25;target_unique=5",200,round_score,67,26
"hybrid","target_score=25;target_unique=5",200,round_score,68,123
"hybrid","target_score=25;target_unique=5",200,round_score,69,15
"hybrid","target_score=25;target_unique=5",200,round_score,70,105
"hybrid","target_score=25;target_unique=5",200,round_score,71,8
"hybrid","target_score=25;target_unique=5",200,round_score,72,117
"hybrid","target_score=25;target_unique=5",200,round_score,73,5
"hybrid","target_score=25;target_unique=5",200,round_score,74,71
"hybrid","target_score=25;target_unique=5",200,round_score,75,5
"hybrid","target_score=25;target_unique=5",200,round_score,76,74
"hybrid","target_score=25;target_unique=5",200,round_score,77,8
"hybrid","target_score=25;target_unique=5",200,round_score,78,80
"hybrid","target_score=25;target_unique=5",200,round_score,79,1
"hybrid","target_score=25;target_unique=5",200,round_score,80,41
"hybrid","target_score=25;target_unique=5",200,round_score,82,37
"hybrid","target_score=25;target_unique=5",200,round_score,84,21
"hybrid","target_score=25;target_unique=5",200,round_score,86,18
"hybrid","target_score=25;target_unique=5",200,round_score,88,16
"hybrid","target_score=25;target_unique=5",200,round_score,89,1
"hybrid","target_score=25;target_unique=5",200,round_score,90,12
"hybrid","target_score=25;target_unique=5",200,round_score,92,6
"hybrid","target_score=25;target_unique=5",200,round_score,94,5
"hybrid","target_score=25;target_unique=5",200,round_score,96,1
"hybrid","target_score=25;target_unique=5",200,round_score,99,1
"hybrid","target_score=25;target_unique=5",200,round_score,100,1
"hybrid","target_score=25;target_unique=5",200,round_score,102,3
"hybrid","target_score=25;target_unique=5",200,round_score,106,2
"hybrid","target_score=25;target_unique=5",200,round_score,107,1
"hybrid","target_score=25;target_unique=5",200,round_score,110,2
"hybrid","target_score=25;target_unique=5",200,round_score,111,1
"hybrid","target_score=25;target_unique=5",200,round_score,114,1
"hybrid","target_score=25;target_unique=5",200,round_score,115,1
"hybrid","target_score=25;target_unique=5",200,round_score,117,1
"hybrid","target_score=25;target_unique=5",200,round_score,123,1
"hybrid","target_score=25;target_unique=5",200,round_score,133,2
"hybrid","target_score=25;target_unique=5",200,round_score,135,1
"hybrid","target_score=25;target_unique=5",200,round_end,bust,314905
"hybrid","target_score=25;target_unique=5",200,round_end,flip7,493
"hybrid","target_score=25;target_unique=5",200,round_end,freeze,128022
"hybrid","target_score=25;target_unique=5",200,round_end,finish,678206
"hybrid","target_score=25;target_unique=5",200,round_end,deck_exhausted,0
"hybrid","target_score=25;target_unique=5",200,final_score,200,3635
"hybrid","target_score=25;target_unique=5",200,final_score,201,3682
"hybrid","target_score=25;target_unique=5",200,final_score,202,3766
"hybrid","target_score=25;target_unique=5",200,final_score,203,3795
"hybrid","target_score=25;target_unique=5",200,final_score,204,3809
"hybrid","target_score=25;target_unique=5",200,final_score,205,3714
"hybrid","target_score=25;target_unique=5",200,final_score,206,3692
"hybrid","target_score=25;target_unique=5",200,final_score,207,3617
"hybrid","target_score=25;target_unique=5",200,final_score,208,3580
"hybrid","target_score=25;target_unique=5",200,final_score,209,3513
"hybrid","target_score=25;target_unique=5",200,final_score,210,3566
"hybrid","target_score=25;target_unique=5",200,final_score,211,3415
"hybrid","target_score=25;target_unique=5",200,final_score,212,3387
"hybrid","target_score=25;target_unique=5",200,final_score,213,3305
"hybrid","target_score=25;target_unique=5",200,final_score,214,3397
"hybrid","target_score=25;target_unique=5",200,final_score,215,3216
"hybrid","target_score=25;target_unique=5",200,final_score,216,3184
"hybrid","target_score=25;target_unique=5",200,final_score,217,3135
"hybrid","target_score=25;target_unique=5",200,final_score,218,3161
"hybrid","target_score=25;target_unique=5",200,final_score,219,3052
"hybrid","target_score=25;target_unique=5",200,final_score,220,3142
"hybrid","target_score=25;target_unique=5",200,final_score,221,3145
"hybrid","target_score=25;target_unique=5",200,final_score,222,3107
"hybrid","target_score=25;target_unique=5",200,final_score,223,3069
"hybrid","target_score=25;target_unique=5",200,final_score,224,3156
"hybrid","target_score=25;target_unique=5",200,final_score,225,2793
"hybrid","target_score=25;target_unique=5",200,final_score,226,2339
"hybrid","target_score=25;target_unique=5",200,final_score,227,1960
"hybrid","target_score=25;target_unique=5",200,final_score,228,1725
"hybrid","target_score=25;target_unique=5",200,final_score,229,1360
"hybrid","target_score=25;target_unique=5",200,final_score,230,1050
"hybrid","target_score=25;target_unique=5",200,final_score,231,810
"hybrid","target_score=25;target_unique=5",200,final_score,232,602
"hybrid","target_score=25;target_unique=5",200,final_score,233,390
"hybrid","target_score=25;target_unique=5",200,final_score,234,278
"hybrid","target_score=25;target_unique=5",200,final_score,235,247
"hybrid","target_score=25;target_unique=5",200,final_score,236,161
"hybrid","target_score=25;target_unique=5",200,final_score,237,150
"hybrid","target_score=25;target_unique=5",200,final_score,238,107
"hybrid","target_score=25;target_unique=5",200,final_score,239,114
"hybrid","target_score=25;target_unique=5",200,final_score,240,103
"hybrid","target_score=25;target_unique=5",200,final_score,241,84
"hybrid","target_score=25;target_unique=5",200,final_score,242,80
"hybrid","target_score=25;target_unique=5",200,final_score,243,60
"hybrid","target_score=25;target_unique=5",200,final_score,244,42
"hybrid","target_score=25;target_unique=5",200,final_score,245,45
"hybrid","target_score=25;target_unique=5",200,final_score,246,20
"hybrid","target_score=25;target_unique=5",200,final_score,247,25
"hybrid","target_score=25;target_unique=5",200,final_score,248,22
"hybrid","target_score=25;target_unique=5",200,final_score,249,16
"hybrid","target_score=25;target_unique=5",200,final_score,250,11
"hybrid","target_score=25;target_unique=5",200,final_score,251,12
"hybrid","target_score=25;target_unique=5",200,final_score,252,12
"hybrid","target_score=25;target_unique=5",200,final_score,253,12
"hybrid","target_score=25;target_unique=5",200,final_score,254,12
"hybrid","target_score=25;target_unique=5",200,final_score,255,11
"hybrid","target_score=25;target_unique=5",200,final_score,256,7
"hybrid","target_score=25;target_unique=5",200,final_score,257,12
"hybrid","target_score=25;target_unique=5",200,final_score,258,6
"hybrid","target_score=25;target_unique=5",200,final_score,259,7
"hybrid","target_score=25;target_unique=5",200,final_score,260,6
"hybrid","target_score=25;target_unique=5",200,final_score,261,7
"hybrid","target_score=25;target_unique=5",200,final_score,262,5
"hybrid","target_score=25;target_unique=5",200,final_score,263,3
"hybrid","target_score=25;target_unique=5",200,final_score,264,10
"hybrid","target_score=25;target_unique=5",200,final_score,265,7
"hybrid","target_score=25;target_unique=5",200,final_score,266,2
"hybrid","target_score=25;target_unique=5",200,final_score,267,2
"hybrid","target_score=25;target_unique=5",200,final_score,269,6
"hybrid","target_score=25;target_unique=5",200,final_score,270,2
"hybrid","target_score=25;target_unique=5",200,final_score,271,3
"hybrid","target_score=25;target_unique=5",200,final_score,272,4
"hybrid","target_score=25;target_unique=5",200,final_score,273,2
"hybrid","target_score=25;target_unique=5",200,final_score,276,1
"hybrid","target_score=25;target_unique=5",200,final_score,277,2
"hybrid","target_score=25;target_unique=5",200,final_score,278,2
"hybrid","target_score=25;target_unique=5",200,final_score,279,1
"hybrid","target_score=25;target_unique=5",200,final_score,280,1
"hybrid","target_score=25;target_unique=5",200,final_score,285,2
"hybrid","target_score=25;target_unique=5",200,final_score,288,1
"hybrid","target_score=25;target_unique=5",200,final_score,289,1
"hybrid","target_score=25;target_unique=5",200,final_score,294,1
"hybrid","target_score=25;target_unique=5",200,final_score,296,1
"hybrid","target_score=25;target_unique=5",200,final_score,299,1
"hybrid","target_score=25;target_unique=5",200,final_score,308,1
"hybrid","target_score=25;target_unique=5",200,final_score,326,1
"hybrid","target_score=25;target_unique=6",200,round_score,0,353742
"hybrid","target_score=25;target_unique=6",200,round_score,1,424
"hybrid","target_score=25;target_unique=6",200,round_score,2,1327
"hybrid","target_score=25;target_unique=6",200,round_score,3,1361
"hybrid","target_score=25;target_unique=6",200,round_score,4,2278
"hybrid","target_score=25;target_unique=6",200,round_score,5,2360
"hybrid","target_score=25;target_unique=6",200,round_score,6,3406
"hybrid","target_score=25;target_unique=6",200,round_score,7,3452
"hybrid","target_score=25;target_unique=6",200,round_score,8,4503
"hybrid","target_score=25;target_unique=6",200,round_score,9,4679
"hybrid","target_score=25;target_unique=6",200,round_score,10,5769
"hybrid","target_score=25;target_unique=6",200,round_score,11,6419
"hybrid","target_score=25;target_unique=6",200,round_score,12,7242
"hybrid","target_score=25;target_unique=6",200,round_score,13,2481
"hybrid","target_score=25;target_unique=6",200,round_score,14,2849
"hybrid","target_score=25;target_unique=6",200,round_score,15,3365
"hybrid","target_score=25;target_unique=6",200,round_score,16,3650
"hybrid","target_score=25;target_unique=6",200,round_score,17,3979
"hybrid","target_score=25;target_unique=6",200,round_score,18,4100
"hybrid","target_score=25;target_unique=6",200,round_score,19,4438
"hybrid","target_score=25;target_unique=6",200,round_score,20,4018
"hybrid","target_score=25;target_unique=6",200,round_score,21,4475
"hybrid","target_score=25;target_unique=6",200,round_score,22,3872
"hybrid","target_score=25;target_unique=6",200,round_score,23,4081
"hybrid","target_score=25;target_unique=6",200,round_score,24,3057
"hybrid","target_score=25;target_unique=6",200,round_score,25,78656
"hybrid","target_score=25;target_unique=6",200,round_score,26,79554
"hybrid","target_score=25;target_unique=6",200,round_score,27,81111
"hybrid","target_score=25;target_unique=6",200,round_score,28,75223
"hybrid","target_score=25;target_unique=6",200,round_score,29,70097
"hybrid","target_score=25;target_unique=6",200,round_score,30,67196
"hybrid","target_score=25;target_unique=6",200,round_score,31,54382
"hybrid","target_score=25;target_unique=6",200,round_score,32,45608
"hybrid","target_score=25;target_unique=6",200,round_score,33,39456
"hybrid","target_score=25;target_unique=6",200,round_score,34,25444
"hybrid","target_score=25;target_unique=6",200,round_score,35,15228
"hybrid","target_score=25;target_unique=6",200,round_score,36,12926
"hybrid","target_score=25;target_unique=6",200,round_score,37,1786
"hybrid","target_score=25;target_unique=6",200,round_score,38,5861
"hybrid","target_score=25;target_unique=6",200,round_score,39,1553
"hybrid","target_score=25;target_unique=6",200,round_score,40,5000
"hybrid","target_score=25;target_unique=6",200,round_score,41,1234
"hybrid","target_score=25;target_unique=6",200,round_score,42,4960
"hybrid","target_score=25;target_unique=6",200,round_score,43,909
"hybrid","target_score=25;target_unique=6",200,round_score,44,3583
"hybrid","target_score=25;target_unique=6",200,round_score,45,751
"hybrid","target_score=25;target_unique=6",200,round_score,46,3428
"hybrid","target_score=25;target_unique=6",200,round_score,47,507
"hybrid","target_score=25;target_unique=6",200,round_score,48,1775
"hybrid","target_score=25;target_unique=6",200,round_score,49,315
"hybrid","target_score=25;target_unique=6",200,round_score,50,431
"hybrid","target_score=25;target_unique=6",200,round_score,51,161
"hybrid","target_score=25;target_unique=6",200,round_score,52,277
"hybrid","target_score=25;target_unique=6",200,round_score,53,89
"hybrid","target_score=25;target_unique=6",200,round_score,54,224
"hybrid","target_score=25;target_unique=6",200,round_score,55,62
"hybrid","target_score=25;target_unique=6",200,round_score,56,222
"hybrid","target_score=25;target_unique=6",200,round_score,57,49
"hybrid","target_score=25;target_unique=6",200,round_score,58,189
"hybrid","target_score=25;target_unique=6",200,round_score,59,35
"hybrid","target_score=25;target_unique=6",200,round_score,60,167
"hybrid","target_score=25;target_unique=6",200,round_score,61,36
"hybrid","target_score=25;target_unique=6",200,round_score,62,155
"hybrid","target_score=25;target_unique=6",200,round_score,63,40
"hybrid","target_score=25;target_unique=6",200,round_score,64,147
"hybrid","target_score=25;target_unique=6",200,round_score,65,30
"hybrid","target_score=25;target_unique=6",200,round_score,66,138
"hybrid","target_score=25;target_unique=6",200,round_score,67,26
"hybrid","target_score=25;target_unique=6",200,round_score,68,123
"hybrid","target_score=25;target_unique=6",200,round_score,69,15
"hybrid","target_score=25;target_unique=6",200,round_score,70,106
"hybrid","target_score=25;target_unique=6",200,round_score,71,8
"hybrid","target_score=25;target_unique=6",200,round_score,72,117
"hybrid","target_score=25;target_unique=6",200,round_score,73,5
"hybrid","target_score=25;target_unique=6",200,round_score,74,72
"hybrid","target_score=25;target_unique=6",200,round_score,75,5
"hybrid","target_score=25;target_unique=6",200,round_score,76,73
"hybrid","target_score=25;target_unique=6",200,round_score,77,8
"hybrid","target_score=25;target_unique=6",200,round_score,78,80
"hybrid","target_score=25;target_unique=6",200,round_score,79,1
"hybrid","target_score=25;target_unique=6",200,round_score,80,41
"hybrid","target_score=25;target_unique=6",200,round_score,82,37
"hybrid","target_score=25;target_unique=6",200,round_score,84,22
"hybrid","target_score=25;target_unique=6",200,round_score,86,18
"hybrid","target_score=25;target_unique=6",200,round_score,88,16
"hybrid","target_score=25;target_unique=6",200,round_score,89,1
"hybrid","target_score=25;target_unique=6",200,round_score,90,12
"hybrid","target_score=25;target_unique=6",200,round_score,92,6
"hybrid","target_score=25;target_unique=6",200,round_score,94,6
"hybrid","target_score=25;target_unique=6",200,round_score,95,1
"hybrid","target_score=25;target_unique=6",200,round_score,96,1
"hybrid","target_score=25;target_unique=6",200,round_score,99,1
"hybrid","target_score=25;target_unique=6",200,round_score,100,2
"hybrid","target_score=25;target_unique=6",200,round_score,102,3
"hybrid","target_score=25;target_unique=6",200,round_score,106,2
"hybrid","target_score=25;target_unique=6",200,round_score,107,1
"hybrid","target_score=25;target_unique=6",200,round_score,110,2
"hybrid","target_score=25;target_unique=6",200,round_score,111,1
"hybrid","target_score=25;target_unique=6",200,round_score,114,1
"hybrid","target_score=25;target_unique=6",200,round_score,115,1
"hybrid","target_score=25;target_unique=6",200,round_score,117,1
"hybrid","target_score=25;target_unique=6",200,round_score,123,1
"hybrid","target_score=25;target_unique=6",200,round_score,133,2
"hybrid","target_score=25;target_unique=6",200,round_score,135,1
"hybrid","target_score=25;target_unique=6",200,round_end,bust,315391
"hybrid","target_score=25;target_unique=6",200,round_end,flip7,552
"hybrid","target_score=25;target_unique=6",200,round_end,freeze,128063
"hybrid","target_score=25;target_unique=6",200,round_end,finish,677135
"hybrid","target_score=25;target_unique=6",200,round_end,deck_exhausted,0
"hybrid","target_score=25;target_unique=6",200,final_score,200,3637
"hybrid","target_score=25;target_unique=6",200,final_score,201,3696
"hybrid","target_score=25;target_unique=6",200,final_score,202,3761
"hybrid","target_score=25;target_unique=6",200,final_score,203,3797
"hybrid","target_score=25;target_unique=6",200,final_score,204,3815
"hybrid","target_score=25;target_unique=6",200,final_score,205,3709
"hybrid","target_score=25;target_unique=6",200,final_score,206,3680
"hybrid","target_score=25;target_unique=6",200,final_score,207,3615
"hybrid","target_score=25;target_unique=6",200,final_score,208,3583
"hybrid","target_score=25;target_unique=6",200,final_score,209,3530
"hybrid","target_score=25;target_unique=6",200,final_score,210,3556
"hybrid","target_score=25;target_unique=6",200,final_score,211,3400
"hybrid","target_score=25;target_unique=6",200,final_score,212,3386
"hybrid","target_score=25;target_unique=6",200,final_score,213,3303
"hybrid","target_score=25;target_unique=6",200,final_score,214,3390
"hybrid","target_score=25;target_unique=6",200,final_score,215,3204
"hybrid","target_score=25;target_unique=6",200,final_score,216,3176
"hybrid","target_score=25;target_unique=6",200,final_score,217,3121
"hybrid","target_score=25;target_unique=6",200,final_score,218,3178
"hybrid","target_score=25;target_unique=6",200,final_score,219,3035
"hybrid","target_score=25;target_unique=6",200,final_score,220,3133
"hybrid","target_score=25;target_unique=6",200,final_score,221,3148
"hybrid","target_score=25;target_unique=6",200,final_score,222,3101
"hybrid","target_score=25;target_unique=6",200,final_score,223,3074
"hybrid","target_score=25;target_unique=6",200,final_score,224,3148
"hybrid","target_score=25;target_unique=6",200,final_score,225,2801
"hybrid","target_score=25;target_unique=6",200,final_score,226,2366
"hybrid","target_score=25;target_unique=6",200,final_score,227,1964
"hybrid","target_score=25;target_unique=6",200,final_score,228,1728
"hybrid","target_score=25;target_unique=6",200,final_score,229,1358
"hybrid","target_score=25;target_unique=6",200,final_score,230,1063
"hybrid","target_score=25;target_unique=6",200,final_score,231,818
"hybrid","target_score=25;target_unique=6",200,final_score,232,596
"hybrid","target_score=25;target_unique=6",200,final_score,233,391
"hybrid","target_score=25;target_unique=6",200,final_score,234,280
"hybrid","target_score=25;target_unique=6",200,final_score,235,254
"hybrid","target_score=25;target_unique=6",200,final_score,236,157
"hybrid","target_score=25;target_unique=6",200,final_score,237,149
"hybrid","target_score=25;target_unique=6",200,final_score,238,107
"hybrid","target_score=25;target_unique=6",200,final_score,239,112
"hybrid","target_score=25;target_unique=6",200,final_score,240,100
"hybrid","target_score=25;target_unique=6",200,final_score,241,84
"hybrid","target_score=25;target_unique=6",200,final_score,242,80
"hybrid","target_score=25;target_unique=6",200,final_score,243,60
"hybrid","target_score=25;target_unique=6",200,final_score,244,45
"hybrid","target_score=25;target_unique=6",200,final_score,245,45
"hybrid","target_score=25;target_unique=6",200,final_score,246,23
"hybrid","target_score=25;target_unique=6",200,final_score,247,26
"hybrid","target_score=25;target_unique=6",200,final_score,248,21
"hybrid","target_score=25;target_unique=6",200,final_score,249,15
"hybrid","target_score=25;target_unique=6",200,final_score,250,11
"hybrid","target_score=25;target_unique=6",200,final_score,251,12
"hybrid","target_score=25;target_unique=6",200,final_score,252,12
"hybrid","target_score=25;target_unique=6",200,final_score,253,14
"hybrid","target_score=25;target_unique=6",200,final_score,254,12
"hybrid","target_score=25;target_unique=6",200,final_score,255,10
"hybrid","target_score=25;target_unique=6",200,final_score,256,8
"hybrid","target_score=25;target_unique=6",200,final_score,257,13
"hybrid","target_score=25;target_unique=6",200,final_score,258,6
"hybrid","target_score=25;target_unique=6",200,final_score,259,7
"hybrid","target_score=25;target_unique=6",200,final_score,260,6
"hybrid","target_score=25;target_unique=6",200,final_score,261,7
"hybrid","target_score=25;target_unique=6",200,final_score,262,5
"hybrid","target_score=25;target_unique=6",200,final_score,263,3
"hybrid","target_score=25;target_unique=6",200,final_score,264,10
"hybrid","target_score=25;target_unique=6",200,final_score,265,7
"hybrid","target_score=25;target_unique=6",200,final_score,266,2
"hybrid","target_score=25;target_unique=6",200,final_score,267,2
"hybrid","target_score=25;target_unique=6",200,final_score,269,6
"hybrid","target_score=25;target_unique=6",200,final_score,270,2
"hybrid","target_score=25;target_unique=6",200,final_score,271,3
"hybrid","target_score=25;target_unique=6",200,final_score,272,4
"hybrid","target_score=25;target_unique=6",200,final_score,273,2
"hybrid","target_score=25;target_unique=6",200,final_score,276,1
"hybrid","target_score=25;target_unique=6",200,final_score,277,2
"hybrid","target_score=25;target_unique=6",200,final_score,278,2
"hybrid","target_score=25;target_unique=6",200,final_score,279,1
"hybrid","target_score=25;target_unique=6",200,final_score,280,1
"hybrid","target_score=25;target_unique=6",200,final_score,285,2
"hybrid","target_score=25;target_unique=6",200,final_score,288,1
"hybrid","target_score=25;target_unique=6",200,final_score,289,1
"hybrid","target_score=25;target_unique=6",200,final_score,290,1
"hybrid","target_score=25;target_unique=6",200,final_score,294,1
"hybrid","target_score=25;target_unique=6",200,final_score,296,1
"hybrid","target_score=25;target_unique=6",200,final_score,299,1
"hybrid","target_score=25;target_unique=6",200,final_score,308,1
"hybrid","target_score=25;target_unique=6",200,final_score,326,1
"hybrid","target_score=25;target_unique=7",200,round_score,0,353750
"hybrid","target_score=25;target_unique=7",200,round_score,1,424
"hybrid","target_score=25;target_unique=7",200,round_score,2,1327
"hybrid","target_score=25;target_unique=7",200,round_score,3,1361
"hybrid","target_score=25;target_unique=7",200,round_score,4,2277
"hybrid","target_score=25;target_unique=7",200,round_score,5,2360
"hybrid","target_score=25;target_unique=7",200,round_score,6,3409
"hybrid","target_score=25;target_unique=7",200,round_score,7,3452
"hybrid","target_score=25;target_unique=7",200,round_score,8,4503
"hybrid","target_score=25;target_unique=7",200,round_score,9,4680
"hybrid","target_score=25;target_unique=7",200,round_score,10,5768
"hybrid","target_score=25;target_unique=7",200,round_score,11,6421
"hybrid","target_score=25;target_unique=7",200,round_score,12,7240
"hybrid","target_score=25;target_unique=7",200,round_score,13,2479
"hybrid","target_score=25;target_unique=7",200,round_score,14,2849
"hybrid","target_score=25;target_unique=7",200,round_score,15,3363
"hybrid","target_score=25;target_unique=7",200,round_score,16,3649
"hybrid","target_score=25;target_unique=7",200,round_score,17,3978
"hybrid","target_score=25;target_unique=7",200,round_score,18,4100
"hybrid","target_score=25;target_unique=7",200,round_score,19,4436
"hybrid","target_score=25;target_unique=7",200,round_score,20,4012
"hybrid","target_score=25;target_unique=7",200,round_score,21,4458
"hybrid","target_score=25;target_unique=7",200,round_score,22,3857
"hybrid","target_score=25;target_unique=7",200,round_score,23,4055
"hybrid","target_score=25;target_unique=7",200,round_score,24,3015
"hybrid","target_score=25;target_unique=7",200,round_score,25,78655
"hybrid","target_score=25;target_unique=7",200,round_score,26,79548
"hybrid","target_score=25;target_unique=7",200,round_score,27,81114
"hybrid","target_score=25;target_unique=7",200,round_score,28,75221
"hybrid","target_score=25;target_unique=7",200,round_score,29,70080
"hybrid","target_score=25;target_unique=7",200,round_score,30,67190
"hybrid","target_score=25;target_unique=7",200,round_score,31,54386
"hybrid","target_score=25;target_unique=7",200,round_score,32,45609
"hybrid","target_score=25;target_unique=7",200,round_score,33,39458
"hybrid","target_score=25;target_unique=7",200,round_score,34,25440
"hybrid","target_score=25;target_unique=7",200,round_score,35,15221
"hybrid","target_score=25;target_unique=7",200,round_score,36,12917
"hybrid","target_score=25;target_unique=7",200,round_score,37,1786
"hybrid","target_score=25;target_unique=7",200,round_score,38,5858
"hybrid","target_score=25;target_unique=7",200,round_score,39,1553
"hybrid","target_score=25;target_unique=7",200,round_score,40,5002
"hybrid","target_score=25;target_unique=7",200,round_score,41,1234
"hybrid","target_score=25;target_unique=7",200,round_score,42,4965
"hybrid","target_score=25;target_unique=7",200,round_score,43,912
"hybrid","target_score=25;target_unique=7",200,round_score,44,3590
"hybrid","target_score=25;target_unique=7",200,round_score,45,759
"hybrid","target_score=25;target_unique=7",200,round_score,46,3433
"hybrid","target_score=25;target_unique=7",200,round_score,47,515
"hybrid","target_score=25;target_unique=7",200,round_score,48,1790
"hybrid","target_score=25;target_unique=7",200,round_score,49,327
"hybrid","target_score=25;target_unique=7",200,round_score,50,441
"hybrid","target_score=25;target_unique=7",200,round_score,51,168
"hybrid","target_score=25;target_unique=7",200,round_score,52,277
"hybrid","target_score=25;target_unique=7",200,round_score,53,89
"hybrid","target_score=25;target_unique=7",200,round_score,54,224
"hybrid","target_score=25;target_unique=7",200,round_score,55,62
"hybrid","target_score=25;target_unique=7",200,round_score,56,222
"hybrid","target_score=25;target_unique=7",200,round_score,57,49
"hybrid","target_score=25;target_unique=7",200,round_score,58,189
"hybrid","target_score=25;target_unique=7",200,round_score,59,35
"hybrid","target_score=25;target_unique=7",200,round_score,60,167
"hybrid","target_score=25;target_unique=7",200,round_score,61,36
"hybrid","target_score=25;target_unique=7",200,round_score,62,155
"hybrid","target_score=25;target_unique=7",200,round_score,63,40
"hybrid","target_score=25;target_unique=7",200,round_score,64,147
"hybrid","target_score=25;target_unique=7",200,round_score,65,30
"hybrid","target_score=25;target_unique=7",200,round_score,66,138
"hybrid","target_score=25;target_unique=7",200,round_score,67,26
"hybrid","target_score=25;target_unique=7",200,round_score,68,123
"hybrid","target_score=25;target_unique=7",200,round_score,69,15
"hybrid","target_score=25;target_unique=7",200,round_score,70,106
"hybrid","target_score=25;target_unique=7",200,round_score,71,8
"hybrid","target_score=25;target_unique=7",200,round_score,72,117
"hybrid","target_score=25;target_unique=7",200,round_score,73,5
"hybrid","target_score=25;target_unique=7",200,round_score,74,72
"hybrid","target_score=25;target_unique=7",200,round_score,75,5
"hybrid","target_score=25;target_unique=7",200,round_score,76,73
"hybrid","target_score=25;target_unique=7",200,round_score,77,8
"hybrid","target_score=25;target_unique=7",200,round_score,78,80
"hybrid","target_score=25;target_unique=7",200,round_score,79,1
"hybrid","target_score=25;target_unique=7",200,round_score,80,42
"hybrid","target_score=25;target_unique=7",200,round_score,82,37
"hybrid","target_score=25;target_unique=7",200,round_score,84,22
"hybrid","target_score=25;target_unique=7",200,round_score,86,18
"hybrid","target_score=25;target_unique=7",200,round_score,88,16
"hybrid","target_score=25;target_unique=7",200,round_score,89,1
"hybrid","target_score=25;target_unique=7",200,round_score,90,12
"hybrid","target_score=25;target_unique=7",200,round_score,92,6
"hybrid","target_score=25;target_unique=7",200,round_score,94,6
"hybrid","target_score=25;target_unique=7",200,round_score,95,1
"hybrid","target_score=25;target_unique=7",200,round_score,96,1
"hybrid","target_score=25;target_unique=7",200,round_score,99,1
"hybrid","target_score=25;target_unique=7",200,round_score,100,2
"hybrid","target_score=25;target_unique=7",200,round_score,102,3
"hybrid","target_score=25;target_unique=7",200,round_score,106,2
"hybrid","target_score=25;target_unique=7",200,round_score,107,1
"hybrid","target_score=25;target_unique=7",200,round_score,110,2
"hybrid","target_score=25;target_unique=7",200,round_score,111,1
"hybrid","target_score=25;target_unique=7",200,round_score,114,1
"hybrid","target_score=25;target_unique=7",200,round_score,115,1
"hybrid","target_score=25;target_unique=7",200,round_score,117,1
"hybrid","target_score=25;target_unique=7",200,round_score,123,1
"hybrid","target_score=25;target_unique=7",200,round_score,133,2
"hybrid","target_score=25;target_unique=7",200,round_score,135,1
"hybrid","target_score=25;target_unique=7",200,round_end,bust,315399
"hybrid","target_score=25;target_unique=7",200,round_end,flip7,631
"hybrid","target_score=25;target_unique=7",200,round_end,freeze,128065
"hybrid","target_score=25;target_unique=7",200,round_end,finish,676980
"hybrid","target_score=25;target_unique=7",200,round_end,deck_exhausted,0
"hybrid","target_score=25;target_unique=7",200,final_score,200,3635
"hybrid","target_score=25;target_unique=7",200,final_score,201,3696
"hybrid","target_score=25;target_unique=7",200,final_score,202,3767
"hybrid","target_score=25;target_unique=7",200,final_score,203,3800
"hybrid","target_score=25;target_unique=7",200,final_score,204,3817
"hybrid","target_score=25;target_unique=7",200,final_score,205,3711
"hybrid","target_score=25;target_unique=7",200,final_score,206,3678
"hybrid","target_score=25;target_unique=7",200,final_score,207,3612
"hybrid","target_score=25;target_unique=7",200,final_score,208,3581
"hybrid","target_score=25;target_unique=7",200,final_score,209,3527
"hybrid","target_score=25;target_unique=7",200,final_score,210,3555
"hybrid","target_score=25;target_unique=7",200,final_score,211,3400
"hybrid","target_score=25;target_unique=7",200,final_score,212,3385
"hybrid","target_score=25;target_unique=7",200,final_score,213,3305
"hybrid","target_score=25;target_unique=7",200,final_score,214,3388
"hybrid","target_score=25;target_unique=7",200,final_score,215,3204
"hybrid","target_score=25;target_unique=7",200,final_score,216,3181
"hybrid","target_score=25;target_unique=7",200,final_score,217,3119
"hybrid","target_score=25;target_unique=7",200,final_score,218,3179
"hybrid","target_score=25;target_unique=7",200,final_score,219,3035
"hybrid","target_score=25;target_unique=7",200,final_score,220,3133
"hybrid","target_score=25;target_unique=7",200,final_score,221,3146
"hybrid","target_score=25;target_unique=7",200,final_score,222,3100
"hybrid","target_score=25;target_unique=7",200,final_score,223,3076
"hybrid","target_score=25;target_unique=7",200,final_score,224,3144
"hybrid","target_score=25;target_unique=7",200,final_score,225,2797
"hybrid","target_score=25;target_unique=7",200,final_score,226,2367
"hybrid","target_score=25;target_unique=7",200,final_score,227,1963
"hybrid","target_score=25;target_unique=7",200,final_score,228,1728
"hybrid","target_score=25;target_unique=7",200,final_score,229,1359
"hybrid","target_score=25;target_unique=7",200,final_score,230,1064
"hybrid","target_score=25;target_unique=7",200,final_score,231,817
"hybrid","target_score=25;target_unique=7",200,final_score,232,598
"hybrid","target_score=25;target_unique=7",200,final_score,233,394
"hybrid","target_score=25;target_unique=7",200,final_score,234,278
"hybrid","target_score=25;target_unique=7",200,final_score,235,255
"hybrid","target_score=25;target_unique=7",200,final_score,236,157
"hybrid","target_score=25;target_unique=7",200,final_score,237,149
"hybrid","target_score=25;target_unique=7",200,final_score,238,109
"hybrid","target_score=25;target_unique=7",200,final_score,239,111
"hybrid","target_score=25;target_unique=7",200,final_score,240,100
"hybrid","target_score=25;target_unique=7",200,final_score,241,84
"hybrid","target_score=25;target_unique=7",200,final_score,242,80
"hybrid","target_score=25;target_unique=7",200,final_score,243,60
"hybrid","target_score=25;target_unique=7",200,final_score,244,45
"hybrid","target_score=25;target_unique=7",200,final_score,245,45
"hybrid","target_score=25;target_unique=7",200,final_score,246,23
"hybrid","target_score=25;target_unique=7",200,final_score,247,26
"hybrid","target_score=25;target_unique=7",200,final_score,248,21
"hybrid","target_score=25;target_unique=7",200,final_score,249,15
"hybrid","target_score=25;target_unique=7",200,final_score,250,11
"hybrid","target_score=25;target_unique=7",200,final_score,251,12
"hybrid","target_score=25;target_unique=7",200,final_score,252,12
"hybrid","target_score=25;target_unique=7",200,final_score,253,14
"hybrid","target_score=25;target_unique=7",200,final_score,254,12
"hybrid","target_score=25;target_unique=7",200,final_score,255,10
"hybrid","target_score=25;target_unique=7",200,final_score,256,8
"hybrid","target_score=25;target_unique=7",200,final_score,257,13
"hybrid","target_score=25;target_unique=7",200,final_score,258,6
"hybrid","target_score=25;target_unique=7",200,final_score,259,7
"hybrid","target_score=25;target_unique=7",200,final_score,260,6
"hybrid","target_score=25;target_unique=7",200,final_score,261,7
"hybrid","target_score=25;target_unique=7",200,final_score,262,5
"hybrid","target_score=25;target_unique=7",200,final_score,263,3
"hybrid","target_score=25;target_unique=7",200,final_score,264,10
"hybrid","target_score=25;target_unique=7",200,final_score,265,7
"hybrid","target_score=25;target_unique=7",200,final_score,266,2
"hybrid","target_score=25;target_unique=7",200,final_score,267,2
"hybrid","target_score=25;target_unique=7",200,final_score,269,6
"hybrid","target_score=25;target_unique=7",200,final_score,270,2
"hybrid","target_score=25;target_unique=7",200,final_score,271,3
"hybrid","target_score=25;target_unique=7",200,final_score,272,4
"hybrid","target_score=25;target_unique=7",200,final_score,273,2
"hybrid","target_score=25;target_unique=7",200,final_score,276,1
"hybrid","target_score=25;target_unique=7",200,final_score,277,2
"hybrid","target_score=25;target_unique=7",200,final_score,278,2
"hybrid","target_score=25;target_unique=7",200,final_score,279,1
"hybrid","target_score=25;target_unique=7",200,final_score,280,1
"hybrid","target_score=25;target_unique=7",200,final_score,285,2
"hybrid","target_score=25;target_unique=7",200,final_score,288,1
"hybrid","target_score=25;target_unique=7",200,final_score,289,1
"hybrid","target_score=25;target_unique=7",200,final_score,290,1
"hybrid","target_score=25;target_unique=7",200,final_score,294,1
"hybrid","target_score=25;target_unique=7",200,final_score,296,1
"hybrid","target_score=25;target_unique=7",200,final_score,299,1
"hybrid","target_score=25;target_unique=7",200,final_score,308,1
"hybrid","target_score=25;target_unique=7",200,final_score,326,1
"hybrid","target_score=26;target_unique=3",200,round_score,0,297381
"hybrid","target_score=26;target_unique=3",200,round_score,1,474
"hybrid","target_score=26;target_unique=3",200,round_score,2,1416
"hybrid","target_score=26;target_unique=3",200,round_score,3,1445
"hybrid","target_score=26;target_unique=3",200,round_score,4,2425
"hybrid","target_score=26;target_unique=3",200,round_score,5,2566
"hybrid","target_score=26;target_unique=3",200,round_score,6,3612
"hybrid","target_score=26;target_unique=3",200,round_score,7,3933
"hybrid","target_score=26;target_unique=3",200,round_score,8,5265
"hybrid","target_score=26;target_unique=3",200,round_score,9,6045
"hybrid","target_score=26;target_unique=3",200,round_score,10,7573
"hybrid","target_score=26;target_unique=3",200,round_score,11,9135
"hybrid","target_score=26;target_unique=3",200,round_score,12,11333
"hybrid","target_score=26;target_unique=3",200,round_score,13,7948
"hybrid","target_score=26;target_unique=3",200,round_score,14,10193
"hybrid","target_score=26;target_unique=3",200,round_score,15,13916
"hybrid","target_score=26;target_unique=3",200,round_score,16,16870
"hybrid","target_score=26;target_unique=3",200,round_score,17,21585
"hybrid","target_score=26;target_unique=3",200,round_score,18,26252
"hybrid","target_score=26;target_unique=3",200,round_score,19,31163
"hybrid","target_score=26;target_unique=3",200,round_score,20,34830
"hybrid","target_score=26;target_unique=3",200,round_score,21,42302
"hybrid","target_score=26;target_unique=3",200,round_score,22,44648
"hybrid","target_score=26;target_unique=3",200,round_score,23,49852
"hybrid","target_score=26;target_unique=3",200,round_score,24,51731
"hybrid","target_score=26;target_unique=3",200,round_score,25,53003
"hybrid","target_score=26;target_unique=3",200,round_score,26,62589
"hybrid","target_score=26;target_unique=3",200,round_score,27,64024
"hybrid","target_score=26;target_unique=3",200,round_score,28,55124
"hybrid","target_score=26;target_unique=3",200,round_score,29,49873
"hybrid","target_score=26;target_unique=3",200,round_score,30,44437
"hybrid","target_score=26;target_unique=3",200,round_score,31,34278
"hybrid","target_score=26;target_unique=3",200,round_score,32,24937
"hybrid","target_score=26;target_unique=3",200,round_score,33,22474
"hybrid","target_score=26;target_unique=3",200,round_score,34,9984
"hybrid","target_score=26;target_unique=3",200,round_score,35,5424
"hybrid","target_score=26;target_unique=3",200,round_score,36,7162
"hybrid","target_score=26;target_unique=3",200,round_score,37,2806
"hybrid","target_score=26;target_unique=3",200,round_score,38,5368
"hybrid","target_score=26;target_unique=3",200,round_score,39,1341
"hybrid","target_score=26;target_unique=3",200,round_score,40,4452
"hybrid","target_score=26;target_unique=3",200,round_score,41,1100
"hybrid","target_score=26;target_unique=3",200,round_score,42,4358
"hybrid","target_score=26;target_unique=3",200,round_score,43,743
"hybrid","target_score=26;target_unique=3",200,round_score,44,2776
"hybrid","target_score=26;target_unique=3",200,round_score,45,539
"hybrid","target_score=26;target_unique=3",200,round_score,46,2628
"hybrid","target_score=26;target_unique=3",200,round_score,47,355
"hybrid","target_score=26;target_unique=3",200,round_score,48,798
"hybrid","target_score=26;target_unique=3",200,round_score,49,201
"hybrid","target_score=26;target_unique=3",200,round_score,50,509
"hybrid","target_score=26;target_unique=3",200,round_score,51,74
"hybrid","target_score=26;target_unique=3",200,round_score,52,219
"hybrid","target_score=26;target_unique=3",200,round_score,53,42
"hybrid","target_score=26;target_unique=3",200,round_score,54,165
"hybrid","target_score=26;target_unique=3",200,round_score,55,29
"hybrid","target_score=26;target_unique=3",200,round_score,56,184
"hybrid","target_score=26;target_unique=3",200,round_score,57,19
"hybrid","target_score=26;target_unique=3",200,round_score,58,163
"hybrid","target_score=26;target_unique=3",200,round_score,59,8
"hybrid","target_score=26;target_unique=3",200,round_score,60,144
"hybrid","target_score=26;target_unique=3",200,round_score,61,9
"hybrid","target_score=26;target_unique=3",200,round_score,62,128
"hybrid","target_score=26;target_unique=3",200,round_score,63,8
"hybrid","target_score=26;target_unique=3",200,round_score,64,127
"hybrid","target_score=26;target_unique=3",200,round_score,65,10
"hybrid","target_score=26;target_unique=3",200,round_score,66,117
"hybrid","target_score=26;target_unique=3",200,round_score,67,4
"hybrid","target_score=26;target_unique=3",200,round_score,68,99
"hybrid","target_score=26;target_unique=3",200,round_score,69,6
"hybrid","target_score=26;target_unique=3",200,round_score,70,76
"hybrid","target_score=26;target_unique=3",200,round_score,71,4
"hybrid","target_score=26;target_unique=3",200,round_score,72,90
"hybrid","target_score=26;target_unique=3",200,round_score,73,3
"hybrid","target_score=26;target_unique=3",200,round_score,74,59
"hybrid","target_score=26;target_unique=3",200,round_score,75,1
"hybrid","target_score=26;target_unique=3",200,round_score,76,63
"hybrid","target_score=26;target_unique=3",200,round_score,77,5
"hybrid","target_score=26;target_unique=3",200,round_score,78,56
"hybrid","target_score=26;target_unique=3",200,round_score,80,28
"hybrid","target_score=26;target_unique=3",200,round_score,81,1
"hybrid","target_score=26;target_unique=3",200,round_score,82,26
"hybrid","target_score=26;target_unique=3",200,round_score,84,19
"hybrid","target_score=26;target_unique=3",200,round_score,86,11
"hybrid","target_score=26;target_unique=3",200,round_score,88,12
"hybrid","target_score=26;target_unique=3",200,round_score,90,6
"hybrid","target_score=26;target_unique=3",200,round_score,92,6
"hybrid","target_score=26;target_unique=3",200,round_score,94,5
"hybrid","target_score=26;target_unique=3",200,round_score,96,1
"hybrid","target_score=26;target_unique=3",200,round_score,98,2
"hybrid","target_score=26;target_unique=3",200,round_score,100,3
"hybrid","target_score=26;target_unique=3",200,round_score,104,1
"hybrid","target_score=26;target_unique=3",200,round_score,106,1
"hybrid","target_score=26;target_unique=3",200,round_score,108,2
"hybrid","target_score=26;target_unique=3",200,round_score,110,1
"hybrid","target_score=26;target_unique=3",200,round_score,123,1
"hybrid","target_score=26;target_unique=3",200,round_end,bust,257343
"hybrid","target_score=26;target_unique=3",200,round_end,flip7,114
"hybrid","target_score=26;target_unique=3",200,round_end,freeze,119484
"hybrid","target_score=26;target_unique=3",200,round_end,finish,790273
"hybrid","target_score=26;target_unique=3",200,round_end,deck_exhausted,0
"hybrid","target_score=26;target_unique=3",200,final_score,200,4087
"hybrid","target_score=26;target_unique=3",200,final_score,201,4078
"hybrid","target_score=26;target_unique=3",200,final_score,202,4053
"hybrid","target_score=26;target_unique=3",200,final_score,203,4035
"hybrid","target_score=26;target_unique=3",200,final_score,204,4236
"hybrid","target_score=26;target_unique=3",200,final_score,205,4085
"hybrid","target_score=26;target_unique=3",200,final_score,206,4095
"hybrid","target_score=26;target_unique=3",200,final_score,207,4043
"hybrid","target_score=26;target_unique=3",200,final_score,208,3940
"hybrid","target_score=26;target_unique=3",200,final_score,209,3937
"hybrid","target_score=26;target_unique=3",200,final_score,210,3889
"hybrid","target_score=26;target_unique=3",200,final_score,211,3949
"hybrid","target_score=26;target_unique=3",200,final_score,212,3828
"hybrid","target_score=26;target_unique=3",200,final_score,213,3837
"hybrid","target_score=26;target_unique=3",200,final_score,214,3787
"hybrid","target_score=26;target_unique=3",200,final_score,215,3539
"hybrid","target_score=26;target_unique=3",200,final_score,216,3578
"hybrid","target_score=26;target_unique=3",200,final_score,217,3540
"hybrid","target_score=26;target_unique=3",200,final_score,218,3390
"hybrid","target_score=26;target_unique=3",200,final_score,219,3292
"hybrid","target_score=26;target_unique=3",200,final_score,220,2980
"hybrid","target_score=26;target_unique=3",200,final_score,221,2859
"hybrid","target_score=26;target_unique=3",200,final_score,222,2599
"hybrid","target_score=26;target_unique=3",200,final_score,223,2333
"hybrid","target_score=26;target_unique=3",200,final_score,224,2188
"hybrid","target_score=26;target_unique=3",200,final_score,225,1973
"hybrid","target_score=26;target_unique=3",200,final_score,226,1612
"hybrid","target_score=26;target_unique=3",200,final_score,227,1354
"hybrid","target_score=26;target_unique=3",200,final_score,228,1100
"hybrid","target_score=26;target_unique=3",200,final_score,229,782
"hybrid","target_score=26;target_unique=3",200,final_score,230,617
"hybrid","target_score=26;target_unique=3",200,final_score,231,457
"hybrid","target_score=26;target_unique=3",200,final_score,232,354
"hybrid","target_score=26;target_unique=3",200,final_score,233,241
"hybrid","target_score=26;target_unique=3",200,final_score,234,209
"hybrid","target_score=26;target_unique=3",200,final_score,235,168
"hybrid","target_score=26;target_unique=3",200,final_score,236,140
"hybrid","target_score=26;target_unique=3",200,final_score,237,117
"hybrid","target_score=26;target_unique=3",200,final_score,238,94
"hybrid","target_score=26;target_unique=3",200,final_score,239,99
"hybrid","target_score=26;target_unique=3",200,final_score,240,73
"hybrid","target_score=26;target_unique=3",200,final_score,241,69
"hybrid","target_score=26;target_unique=3",200,final_score,242,35
"hybrid","target_score=26;target_unique=3",200,final_score,243,59
"hybrid","target_score=26;target_unique=3",200,final_score,244,30
"hybrid","target_score=26;target_unique=3",200,final_score,245,35
"hybrid","target_score=26;target_unique=3",200,final_score,246,22
"hybrid","target_score=26;target_unique=3",200,final_score,247,18
"hybrid","target_score=26;target_unique=3",200,final_score,248,22
"hybrid","target_score=26;target_unique=3",200,final_score,249,14
"hybrid","target_score=26;target_unique=3",200,final_score,250,10
"hybrid","target_score=26;target_unique=3",200,final_score,251,7
"hybrid","target_score=26;target_unique=3",200,final_score,252,7
"hybrid","target_score=26;target_unique=3",200,final_score,253,8
"hybrid","target_score=26;target_unique=3",200,final_score,254,9
"hybrid","target_score=26;target_unique=3",200,final_score,255,6
"hybrid","target_score=26;target_unique=3",200,final_score,256,3
"hybrid","target_score=26;target_unique=3",200,final_score,257,9
"hybrid","target_score=26;target_unique=3",200,final_score,258,9
"hybrid","target_score=26;target_unique=3",200,final_score,259,8
"hybrid","target_score=26;target_unique=3",200,final_score,260,5
"hybrid","target_score=26;target_unique=3",200,final_score,261,5
"hybrid","target_score=26;target_unique=3",200,final_score,262,4
"hybrid","target_score=26;target_unique=3",200,final_score,263,3
"hybrid","target_score=26;target_unique=3",200,final_score,264,3
"hybrid","target_score=26;target_unique=3",200,final_score,265,7
"hybrid","target_score=26;target_unique=3",200,final_score,266,2
"hybrid","target_score=26;target_unique=3",200,final_score,267,2
"hybrid","target_score=26;target_unique=3",200,final_score,268,2
"hybrid","target_score=26;target_unique=3",200,final_score,269,2
"hybrid","target_score=26;target_unique=3",200,final_score,270,2
"hybrid","target_score=26;target_unique=3",200,final_score,271,1
"hybrid","target_score=26;target_unique=3",200,final_score,273,3
"hybrid","target_score=26;target_unique=3",200,final_score,274,1
"hybrid","target_score=26;target_unique=3",200,final_score,275,3
"hybrid","target_score=26;target_unique=3",200,final_score,276,1
"hybrid","target_score=26;target_unique=3",200,final_score,278,1
"hybrid","target_score=26;target_unique=3",200,final_score,279,2
"hybrid","target_score=26;target_unique=3",200,final_score,281,2
"hybrid","target_score=26;target_unique=3",200,final_score,303,1
"hybrid","target_score=26;target_unique=3",200,final_score,307,1
"hybrid","target_score=26;target_unique=4",200,round_score,0,360580
"hybrid","target_score=26;target_unique=4",200,round_score,1,419
"hybrid","target_score=26;target_unique=4",200,round_score,2,1338
"hybrid","target_score=26;target_unique=4",200,round_score,3,1393
"hybrid","target_score=26;target_unique=4",200,round_score,4,2284
"hybrid","target_score=26;target_unique=4",200,round_score,5,2399
"hybrid","target_score=26;target_unique=4",200,round_score,6,3385
"hybrid","target_score=26;target_unique=4",200,round_score,7,3432
"hybrid","target_score=26;target_unique=4",200,round_score,8,4566
"hybrid","target_score=26;target_unique=4",200,round_score,9,4780
"hybrid","target_score=26;target_unique=4",200,round_score,10,5835
"hybrid","target_score=26;target_unique=4",200,round_score,11,6560
"hybrid","target_score=26;target_unique=4",200,round_score,12,7366
"hybrid","target_score=26;target_unique=4",200,round_score,13,2737
"hybrid","target_score=26;target_unique=4",200,round_score,14,3333
"hybrid","target_score=26;target_unique=4",200,round_score,15,3934
"hybrid","target_score=26;target_unique=4",200,round_score,16,4591
"hybrid","target_score=26;target_unique=4",200,round_score,17,5315
"hybrid","target_score=26;target_unique=4",200,round_score,18,6132
"hybrid","target_score=26;target_unique=4",200,round_score,19,7226
"hybrid","target_score=26;target_unique=4",200,round_score,20,7942
"hybrid","target_score=26;target_unique=4",200,round_score,21,9629
"hybrid","target_score=26;target_unique=4",200,round_score,22,10702
"hybrid","target_score=26;target_unique=4",200,round_score,23,12667
"hybrid","target_score=26;target_unique=4",200,round_score,24,14256
"hybrid","target_score=26;target_unique=4",200,round_score,25,16185
"hybrid","target_score=26;target_unique=4",200,round_score,26,78899
"hybrid","target_score=26;target_unique=4",200,round_score,27,81293
"hybrid","target_score=26;target_unique=4",200,round_score,28,74956
"hybrid","target_score=26;target_unique=4",200,round_score,29,70496
"hybrid","target_score=26;target_unique=4",200,round_score,30,67070
"hybrid","target_score=26;target_unique=4",200,round_score,31,55244
"hybrid","target_score=26;target_unique=4",200,round_score,32,46468
"hybrid","target_score=26;target_unique=4",200,round_score,33,41210
"hybrid","target_score=26;target_unique=4",200,round_score,34,26963
"hybrid","target_score=26;target_unique=4",200,round_score,35,18316
"hybrid","target_score=26;target_unique=4",200,round_score,36,16540
"hybrid","target_score=26;target_unique=4",200,round_score,37,7183
"hybrid","target_score=26;target_unique=4",200,round_score,38,5912
"hybrid","target_score=26;target_unique=4",200,round_score,39,1545
"hybrid","target_score=26;target_unique=4",200,round_score,40,4969
"hybrid","target_score=26;target_unique=4",200,round_score,41,1267
"hybrid","target_score=26;target_unique=4",200,round_score,42,5022
"hybrid","target_score=26;target_unique=4",200,round_score,43,926
"hybrid","target_score=26;target_unique=4",200,round_score,44,3521
"hybrid","target_score=26;target_unique=4",200,round_score,45,777
"hybrid","target_score=26;target_unique=4",200,round_score,46,3324
"hybrid","target_score=26;target_unique=4",200,round_score,47,548
"hybrid","target_score=26;target_unique=4",200,round_score,48,1661
"hybrid","target_score=26;target_unique=4",200,round_score,49,344
"hybrid","target_score=26;target_unique=4",200,round_score,50,1306
"hybrid","target_score=26;target_unique=4",200,round_score,51,192
"hybrid","target_score=26;target_unique=4",200,round_score,52,310
"hybrid","target_score=26;target_unique=4",200,round_score,53,105
"hybrid","target_score=26;target_unique=4",200,round_score,54,226
"hybrid","target_score=26;target_unique=4",200,round_score,55,57
"hybrid","target_score=26;target_unique=4",200,round_score,56,211
"hybrid","target_score=26;target_unique=4",200,round_score,57,40
"hybrid","target_score=26;target_unique=4",200,round_score,58,175
"hybrid","target_score=26;target_unique=4",200,round_score,59,11
"hybrid","target_score=26;target_unique=4",200,round_score,60,147
"hybrid","target_score=26;target_unique=4",200,round_score,61,9
"hybrid","target_score=26;target_unique=4",200,round_score,62,125
"hybrid","target_score=26;target_unique=4",200,round_score,63,16
"hybrid","target_score=26;target_unique=4",200,round_score,64,121
"hybrid","target_score=26;target_unique=4",200,round_score,65,14
"hybrid","target_score=26;target_unique=4",200,round_score,66,126
"hybrid","target_score=26;target_unique=4",200,round_score,67,14
"hybrid","target_score=26;target_unique=4",200,round_score,68,116
"hybrid","target_score=26;target_unique=4",200,round_score,69,12
"hybrid","target_score=26;target_unique=4",200,round_score,70,110
"hybrid","target_score=26;target_unique=4",200,round_score,71,7
"hybrid","target_score=26;target_unique=4",200,round_score,72,109
"hybrid","target_score=26;target_unique=4",200,round_score,73,4
"hybrid","target_score=26;target_unique=4",200,round_score,74,69
"hybrid","target_score=26;target_unique=4",200,round_score,75,3
"hybrid","target_score=26;target_unique=4",200,round_score,76,76
"hybrid","target_score=26;target_unique=4",200,round_score,77,5
"hybrid","target_score=26;target_unique=4",200,round_score,78,90
"hybrid","target_score=26;target_unique=4",200,round_score,79,1
"hybrid","target_score=26;target_unique=4",200,round_score,80,41
"hybrid","target_score=26;target_unique=4",200,round_score,82,40
"hybrid","target_score=26;target_unique=4",200,round_score,84,29
"hybrid","target_score=26;target_unique=4",200,round_score,86,19
"hybrid","target_score=26;target_unique=4",200,round_score,88,16
"hybrid","target_score=26;target_unique=4",200,round_score,89,1
"hybrid","target_score=26;target_unique=4",200,round_score,90,13
"hybrid","target_score=26;target_unique=4",200,round_score,92,8
"hybrid","target_score=26;target_unique=4",200,round_score,94,7
"hybrid","target_score=26;target_unique=4",200,round_score,96,3
"hybrid","target_score=26;target_unique=4",200,round_score,98,1
"hybrid","target_score=26;target_unique=4",200,round_score,99,1
"hybrid","target_score=26;target_unique=4",200,round_score,102,3
"hybrid","target_score=26;target_unique=4",200,round_score,104,1
"hybrid","target_score=26;target_unique=4",200,round_score,106,2
"hybrid","target_score=26;target_unique=4",200,round_score,107,1
"hybrid","target_score=26;target_unique=4",200,round_score,110,2
"hybrid","target_score=26;target_unique=4",200,round_score,114,1
"hybrid","target_score=26;target_unique=4",200,round_score,115,1
"hybrid","target_score=26;target_unique=4",200,round_score,117,1
"hybrid","target_score=26;target_unique=4",200,round_score,123,1
"hybrid","target_score=26;target_unique=4",200,round_score,133,1
"hybrid","target_score=26;target_unique=4",200,round_score,135,1
"hybrid","target_score=26;target_unique=4",200,round_end,bust,322079
"hybrid","target_score=26;target_unique=4",200,round_end,flip7,207
"hybrid","target_score=26;target_unique=4",200,round_end,freeze,129162
"hybrid","target_score=26;target_unique=4",200,round_end,finish,675992
"hybrid","target_score=26;target_unique=4",200,round_end,deck_exhausted,1
"hybrid","target_score=26;target_unique=4",200,final_score,200,3527
"hybrid","target_score=26;target_unique=4",200,final_score,201,3618
"hybrid","target_score=26;target_unique=4",200,final_score,202,3711
"hybrid","target_score=26;target_unique=4",200,final_score,203,3789
"hybrid","target_score=26;target_unique=4",200,final_score,204,3707
"hybrid","target_score=26;target_unique=4",200,final_score,205,3696
"hybrid","target_score=26;target_unique=4",200,final_score,206,3591
"hybrid","target_score=26;target_unique=4",200,final_score,207,3620
"hybrid","target_score=26;target_unique=4",200,final_score,208,3517
"hybrid","target_score=26;target_unique=4",200,final_score,209,3486
"hybrid","target_score=26;target_unique=4",200,final_score,210,3572
"hybrid","target_score=26;target_unique=4",200,final_score,211,3370
"hybrid","target_score=26;target_unique=4",200,final_score,212,3408
"hybrid","target_score=26;target_unique=4",200,final_score,213,3361
"hybrid","target_score=26;target_unique=4",200,final_score,214,3300
"hybrid","target_score=26;target_unique=4",200,final_score,215,3301
"hybrid","target_score=26;target_unique=4",200,final_score,216,3316
"hybrid","target_score=26;target_unique=4",200,final_score,217,3210
"hybrid","target_score=26;target_unique=4",200,final_score,218,3236
"hybrid","target_score=26;target_unique=4",200,final_score,219,3147
"hybrid","target_score=26;target_unique=4",200,final_score,220,3027
"hybrid","target_score=26;target_unique=4",200,final_score,221,2972
"hybrid","target_score=26;target_unique=4",200,final_score,222,3044
"hybrid","target_score=26;target_unique=4",200,final_score,223,2934
"hybrid","target_score=26;target_unique=4",200,final_score,224,2895
"hybrid","target_score=26;target_unique=4",200,final_score,225,2898
"hybrid","target_score=26;target_unique=4",200,final_score,226,2524
"hybrid","target_score=26;target_unique=4",200,final_score,227,2072
"hybrid","target_score=26;target_unique=4",200,final_score,228,1734
"hybrid","target_score=26;target_unique=4",200,final_score,229,1482
"hybrid","target_score=26;target_unique=4",200,final_score,230,1122
"hybrid","target_score=26;target_unique=4",200,final_score,231,852
"hybrid","target_score=26;target_unique=4",200,final_score,232,637
"hybrid","target_score=26;target_unique=4",200,final_score,233,473
"hybrid","target_score=26;target_unique=4",200,final_score,234,332
"hybrid","target_score=26;target_unique=4",200,final_score,235,276
"hybrid","target_score=26;target_unique=4",200,final_score,236,182
"hybrid","target_score=26;target_unique=4",200,final_score,237,150
"hybrid","target_score=26;target_unique=4",200,final_score,238,107
"hybrid","target_score=26;target_unique=4",200,final_score,239,125
"hybrid","target_score=26;target_unique=4",200,final_score,240,99
"hybrid","target_score=26;target_unique=4",200,final_score,241,87
"hybrid","target_score=26;target_unique=4",200,final_score,242,78
"hybrid","target_score=26;target_unique=4",200,final_score,243,73
"hybrid","target_score=26;target_unique=4",200,final_score,244,44
"hybrid","target_score=26;target_unique=4",200,final_score,245,43
"hybrid","target_score=26;target_unique=4",200,final_score,246,26
"hybrid","target_score=26;target_unique=4",200,final_score,247,24
"hybrid","target_score=26;target_unique=4",200,final_score,248,17
"hybrid","target_score=26;target_unique=4",200,final_score,249,16
"hybrid","target_score=26;target_unique=4",200,final_score,250,11
"hybrid","target_score=26;target_unique=4",200,final_score,251,15
"hybrid","target_score=26;target_unique=4",200,final_score,252,11
"hybrid","target_score=26;target_unique=4",200,final_score,253,13
"hybrid","target_score=26;target_unique=4",200,final_score,254,9
"hybrid","target_score=26;target_unique=4",200,final_score,255,8
"hybrid","target_score=26;target_unique=4",200,final_score,256,6
"hybrid","target_score=26;target_unique=4",200,final_score,257,7
"hybrid","target_score=26;target_unique=4",200,final_score,258,3
"hybrid","target_score=26;target_unique=4",200,final_score,259,9
"hybrid","target_score=26;target_unique=4",200,final_score,260,6
"hybrid","target_score=26;target_unique=4",200,final_score,261,6
"hybrid","target_score=26;target_unique=4",200,final_score,262,5
"hybrid","target_score=26;target_unique=4",200,final_score,263,7
"hybrid","target_score=26;target_unique=4",200,final_score,264,9
"hybrid","target_score=26;target_unique=4",200,final_score,265,8
"hybrid","target_score=26;target_unique=4",200,final_score,266,3
"hybrid","target_score=26;target_unique=4",200,final_score,267,4
"hybrid","target_score=26;target_unique=4",200,final_score,268,3
"hybrid","target_score=26;target_unique=4",200,final_score,269,4
"hybrid","target_score=26;target_unique=4",200,final_score,270,1
"hybrid","target_score=26;target_unique=4",200,final_score,272,4
"hybrid","target_score=26;target_unique=4",200,final_score,273,1
"hybrid","target_score=26;target_unique=4",200,final_score,274,2
"hybrid","target_score=26;target_unique=4",200,final_score,275,2
"hybrid","target_score=26;target_unique=4",200,final_score,276,4
"hybrid","target_score=26;target_unique=4",200,final_score,278,1
"hybrid","target_score=26;target_unique=4",200,final_score,279,1
"hybrid","target_score=26;target_unique=4",200,final_score,280,2
"hybrid","target_score=26;target_unique=4",200,final_score,281,1
"hybrid","target_score=26;target_unique=4",200,final_score,287,1
"hybrid","target_score=26;target_unique=4",200,final_score,288,2
"hybrid","target_score=26;target_unique=4",200,final_score,303,1
"hybrid","target_score=26;target_unique=4",200,final_score,304,1
"hybrid","target_score=26;target_unique=4",200,final_score,334,1
"hybrid","target_score=26;target_unique=5",200,round_score,0,370894
"hybrid","target_score=26;target_unique=5",200,round_score,1,420
"hybrid","target_score=26;target_unique=5",200,round_score,2,1333
"hybrid","target_score=26;target_unique=5",200,round_score,3,1357
"hybrid","target_score=26;target_unique=5",200,round_score,4,2294
"hybrid","target_score=26;target_unique=5",200,round_score,5,2382
"hybrid","target_score=26;target_unique=5",200,round_score,6,3416
"hybrid","target_score=26;target_unique=5",200,round_score,7,3382
"hybrid","target_score=26;target_unique=5",200,round_score,8,4517
"hybrid","target_score=26;target_unique=5",200,round_score,9,4701
"hybrid","target_score=26;target_unique=5",200,round_score,10,5868
"hybrid","target_score=26;target_unique=5",200,round_score,11,6462
"hybrid","target_score=26;target_unique=5",200,round_score,12,7238
"hybrid","target_score=26;target_unique=5",200,round_score,13,2465
"hybrid","target_score=26;target_unique=5",200,round_score,14,2892
"hybrid","target_score=26;target_unique=5",200,round_score,15,3356
"hybrid","target_score=26;target_unique=5",200,round_score,16,3722
"hybrid","target_score=26;target_unique=5",200,round_score,17,4000
"hybrid","target_score=26;target_unique=5",200,round_score,18,4109
"hybrid","target_score=26;target_unique=5",200,round_score,19,4552
"hybrid","target_score=26;target_unique=5",200,round_score,20,4248
"hybrid","target_score=26;target_unique=5",200,round_score,21,4751
"hybrid","target_score=26;target_unique=5",200,round_score,22,4300
"hybrid","target_score=26;target_unique=5",200,round_score,23,4798
"hybrid","target_score=26;target_unique=5",200,round_score,24,4063
"hybrid","target_score=26;target_unique=5",200,round_score,25,4502
"hybrid","target_score=26;target_unique=5",200,round_score,26,80565
"hybrid","target_score=26;target_unique=5",200,round_score,27,83575
"hybrid","target_score=26;target_unique=5",200,round_score,28,77522
"hybrid","target_score=26;target_unique=5",200,round_score,29,73625
"hybrid","target_score=26;target_unique=5",200,round_score,30,70468
"hybrid","target_score=26;target_unique=5",200,round_score,31,58911
"hybrid","target_score=26;target_unique=5",200,round_score,32,50157
"hybrid","target_score=26;target_unique=5",200,round_score,33,45086
"hybrid","target_score=26;target_unique=5",200,round_score,34,30911
"hybrid","target_score=26;target_unique=5",200,round_score,35,21865
"hybrid","target_score=26;target_unique=5",200,round_score,36,19341
"hybrid","target_score=26;target_unique=5",200,round_score,37,8750
"hybrid","target_score=26;target_unique=5",200,round_score,38,5904
"hybrid","target_score=26;target_unique=5",200,round_score,39,1553
"hybrid","target_score=26;target_unique=5",200,round_score,40,5019
"hybrid","target_score=26;target_unique=5",200,round_score,41,1297
"hybrid","target_score=26;target_unique=5",200,round_score,42,5107
"hybrid","target_score=26;target_unique=5",200,round_score,43,948
"hybrid","target_score=26;target_unique=5",200,round_score,44,3621
"hybrid","target_score=26;target_unique=5",200,round_score,45,797
"hybrid","target_score=26;target_unique=5",200,round_score,46,3480
"hybrid","target_score=26;target_unique=5",200,round_score,47,568
"hybrid","target_score=26;target_unique=5",200,round_score,48,1794
"hybrid","target_score=26;target_unique=5",200,round_score,49,350
"hybrid","target_score=26;target_unique=5",200,round_score,50,1469
"hybrid","target_score=26;target_unique=5",200,round_score,51,198
"hybrid","target_score=26;target_unique=5",200,round_score,52,315
"hybrid","target_score=26;target_unique=5",200,round_score,53,110
"hybrid","target_score=26;target_unique=5",200,round_score,54,236
"hybrid","target_score=26;target_unique=5",200,round_score,55,73
"hybrid","target_score=26;target_unique=5",200,round_score,56,230
"hybrid","target_score=26;target_unique=5",200,round_score,57,53
"hybrid","target_score=26;target_unique=5",200,round_score,58,201
"hybrid","target_score=26;target_unique=5",200,round_score,59,28
"hybrid","target_score=26;target_unique=5",200,round_score,60,170
"hybrid","target_score=26;target_unique=5",200,round_score,61,42
"hybrid","target_score=26;target_unique=5",200,round_score,62,168
"hybrid","target_score=26;target_unique=5",200,round_score,63,50
"hybrid","target_score=26;target_unique=5",200,round_score,64,153
"hybrid","target_score=26;target_unique=5",200,round_score,65,40
"hybrid","target_score=26;target_unique=5",200,round_score,66,134
"hybrid","target_score=26;target_unique=5",200,round_score,67,37
"hybrid","target_score=26;target_unique=5",200,round_score,68,129
"hybrid","target_score=26;target_unique=5",200,round_score,69,25
"hybrid","target_score=26;target_unique=5",200,round_score,70,119
"hybrid","target_score=26;target_unique=5",200,round_score,71,8
"hybrid","target_score=26;target_unique=5",200,round_score,72,120
"hybrid","target_score=26;target_unique=5",200,round_score,73,5
"hybrid","target_score=26;target_unique=5",200,round_score,74,72
"hybrid","target_score=26;target_unique=5",200,round_score,75,3
"hybrid","target_score=26;target_unique=5",200,round_score,76,82
"hybrid","target_score=26;target_unique=5",200,round_score,77,5
"hybrid","target_score=26;target_unique=5",200,round_score,78,85
"hybrid","target_score=26;target_unique=5",200,round_score,79,2
"hybrid","target_score=26;target_unique=5",200,round_score,80,45
"hybrid","target_score=26;target_unique=5",200,round_score,82,41
"hybrid","target_score=26;target_unique=5",200,round_score,84,28
"hybrid","target_score=26;target_unique=5",200,round_score,86,20
"hybrid","target_score=26;target_unique=5",200,round_score,88,17
"hybrid","target_score=26;target_unique=5",200,round_score,89,1
"hybrid","target_score=26;target_unique=5",200,round_score,90,16
"hybrid","target_score=26;target_unique=5",200,round_score,92,8
"hybrid","target_score=26;target_unique=5",200,round_score,94,8
"hybrid","target_score=26;target_unique=5",200,round_score,96,3
"hybrid","target_score=26;target_unique=5",200,round_score,99,1
"hybrid","target_score=26;target_unique=5",200,round_score,100,1
"hybrid","target_score=26;target_unique=5",200,round_score,101,1
"hybrid","target_score=26;target_unique=5",200,round_score,102,3
"hybrid","target_score=26;target_unique=5",200,round_score,103,1
"hybrid","target_score=26;target_unique=5",200,round_score,104,1
"hybrid","target_score=26;target_unique=5",200,round_score,106,1
"hybrid","target_score=26;target_unique=5",200,round_score,107,1
"hybrid","target_score=26;target_unique=5",200,round_score,110,2
"hybrid","target_score=26;target_unique=5",200,round_score,114,1
"hybrid","target_score=26;target_unique=5",200,round_score,115,1
"hybrid","target_score=26;target_unique=5",200,round_score,117,1
"hybrid","target_score=26;target_unique=5",200,round_score,123,1
"hybrid","target_score=26;target_unique=5",200,round_score,133,2
"hybrid","target_score=26;target_unique=5",200,round_score,135,1
"hybrid","target_score=26;target_unique=5",200,round_end,bust,332636
"hybrid","target_score=26;target_unique=5",200,round_end,flip7,597
"hybrid","target_score=26;target_unique=5",200,round_end,freeze,130783
"hybrid","target_score=26;target_unique=5",200,round_end,finish,657788
"hybrid","target_score=26;target_unique=5",200,round_end,deck_exhausted,0
"hybrid","target_score=26;target_unique=5",200,final_score,200,3316
"hybrid","target_score=26;target_unique=5",200,final_score,201,3462
"hybrid","target_score=26;target_unique=5",200,final_score,202,3448
"hybrid","target_score=26;target_unique=5",200,final_score,203,3562
"hybrid","target_score=26;target_unique=5",200,final_score,204,3525
"hybrid","target_score=26;target_unique=5",200,final_score,205,3517
"hybrid","target_score=26;target_unique=5",200,final_score,206,3546
"hybrid","target_score=26;target_unique=5",200,final_score,207,3589
"hybrid","target_score=26;target_unique=5",200,final_score,208,3531
"hybrid","target_score=26;target_unique=5",200,final_score,209,3451
"hybrid","target_score=26;target_unique=5",200,final_score,210,3620
"hybrid","target_score=26;target_unique=5",200,final_score,211,3513
"hybrid","target_score=26;target_unique=5",200,final_score,212,3551
"hybrid","target_score=26;target_unique=5",200,final_score,213,3466
"hybrid","target_score=26;target_unique=5",200,final_score,214,3348
"hybrid","target_score=26;target_unique=5",200,final_score,215,3359
"hybrid","target_score=26;target_unique=5",200,final_score,216,3309
"hybrid","target_score=26;target_unique=5",200,final_score,217,3245
"hybrid","target_score=26;target_unique=5",200,final_score,218,3200
"hybrid","target_score=26;target_unique=5",200,final_score,219,3104
"hybrid","target_score=26;target_unique=5",200,final_score,220,3017
"hybrid","target_score=26;target_unique=5",200,final_score,221,3017
"hybrid","target_score=26;target_unique=5",200,final_score,222,2971
"hybrid","target_score=26;target_unique=5",200,final_score,223,2901
"hybrid","target_score=26;target_unique=5",200,final_score,224,2989
"hybrid","target_score=26;target_unique=5",200,final_score,225,2955
"hybrid","target_score=26;target_unique=5",200,final_score,226,2537
"hybrid","target_score=26;target_unique=5",200,final_score,227,2219
"hybrid","target_score=26;target_unique=5",200,final_score,228,1829
"hybrid","target_score=26;target_unique=5",200,final_score,229,1548
"hybrid","target_score=26;target_unique=5",200,final_score,230,1253
"hybrid","target_score=26;target_unique=5",200,final_score,231,887
"hybrid","target_score=26;target_unique=5",200,final_score,232,688
"hybrid","target_score=26;target_unique=5",200,final_score,233,513
"hybrid","target_score=26;target_unique=5",200,final_score,234,384
"hybrid","target_score=26;target_unique=5",200,final_score,235,294
"hybrid","target_score=26;target_unique=5",200,final_score,236,201
"hybrid","target_score=26;target_unique=5",200,final_score,237,150
"hybrid","target_score=26;target_unique=5",200,final_score,238,114
"hybrid","target_score=26;target_unique=5",200,final_score,239,141
"hybrid","target_score=26;target_unique=5",200,final_score,240,96
"hybrid","target_score=26;target_unique=5",200,final_score,241,92
"hybrid","target_score=26;target_unique=5",200,final_score,242,75
"hybrid","target_score=26;target_unique=5",200,final_score,243,73
"hybrid","target_score=26;target_unique=5",200,final_score,244,49
"hybrid","target_score=26;target_unique=5",200,final_score,245,50
"hybrid","target_score=26;target_unique=5",200,final_score,246,36
"hybrid","target_score=26;target_unique=5",200,final_score,247,29
"hybrid","target_score=26;target_unique=5",200,final_score,248,31
"hybrid","target_score=26;target_unique=5",200,final_score,249,19
"hybrid","target_score=26;target_unique=5",200,final_score,250,10
"hybrid","target_score=26;target_unique=5",200,final_score,251,14
"hybrid","target_score=26;target_unique=5",200,final_score,252,9
"hybrid","target_score=26;target_unique=5",200,final_score,253,14
"hybrid","target_score=26;target_unique=5",200,final_score,254,12
"hybrid","target_score=26;target_unique=5",200,final_score,255,10
"hybrid","target_score=26;target_unique=5",200,final_score,256,9
"hybrid","target_score=26;target_unique=5",200,final_score,257,14
"hybrid","target_score=26;target_unique=5",200,final_score,258,6
"hybrid","target_score=26;target_unique=5",200,final_score,259,7
"hybrid","target_score=26;target_unique=5",200,final_score,260,5
"hybrid","target_score=26;target_unique=5",200,final_score,261,8
"hybrid","target_score=26;target_unique=5",200,final_score,262,3
"hybrid","target_score=26;target_unique=5",200,final_score,263,6
"hybrid","target_score=26;target_unique=5",200,final_score,264,10
"hybrid","target_score=26;target_unique=5",200,final_score,265,8
"hybrid","target_score=26;target_unique=5",200,final_score,266,2
"hybrid","target_score=26;target_unique=5",200,final_score,267,4
"hybrid","target_score=26;target_unique=5",200,final_score,268,1
"hybrid","target_score=26;target_unique=5",200,final_score,269,4
"hybrid","target_score=26;target_unique=5",200,final_score,270,2
"hybrid","target_score=26;target_unique=5",200,final_score,271,1
"hybrid","target_score=26;target_unique=5",200,final_score,272,5
"hybrid","target_score=26;target_unique=5",200,final_score,274,2
"hybrid","target_score=26;target_unique=5",200,final_score,275,1
"hybrid","target_score=26;target_unique=5",200,final_score,276,2
"hybrid","target_score=26;target_unique=5",200,final_score,278,1
"hybrid","target_score=26;target_unique=5",200,final_score,279,1
"hybrid","target_score=26;target_unique=5",200,final_score,280,1
"hybrid","target_score=26;target_unique=5",200,final_score,281,1
"hybrid","target_score=26;target_unique=5",200,final_score,287,2
"hybrid","target_score=26;target_unique=5",200,final_score,288,2
"hybrid","target_score=26;target_unique=5",200,final_score,294,1
"hybrid","target_score=26;target_unique=5",200,final_score,308,1
"hybrid","target_score=26;target_unique=5",200,final_score,334,1
"hybrid","target_score=26;target_unique=6",200,round_score,0,371598
"hybrid","target_score=26;target_unique=6",200,round_score,1,421
"hybrid","target_score=26;target_unique=6",200,round_score,2,1334
"hybrid","target_score=26;target_unique=6",200,round_score,3,1358
"hybrid","target_score=26;target_unique=6",200,round_score,4,2290
"hybrid","target_score=26;target_unique=6",200,round_score,5,2387
"hybrid","target_score=26;target_unique=6",200,round_score,6,3415
"hybrid","target_score=26;target_unique=6",200,round_score,7,3393
"hybrid","target_score=26;target_unique=6",200,round_score,8,4502
"hybrid","target_score=26;target_unique=6",200,round_score,9,4700
"hybrid","target_score=26;target_unique=6",200,round_score,10,5843
"hybrid","target_score=26;target_unique=6",200,round_score,11,6470
"hybrid","target_score=26;target_unique=6",200,round_score,12,7237
"hybrid","target_score=26;target_unique=6",200,round_score,13,2464
"hybrid","target_score=26;target_unique=6",200,round_score,14,2873
"hybrid","target_score=26;target_unique=6",200,round_score,15,3334
"hybrid","target_score=26;target_unique=6",200,round_score,16,3672
"hybrid","target_score=26;target_unique=6",200,round_score,17,3956
"hybrid","target_score=26;target_unique=6",200,round_score,18,4032
"hybrid","target_score=26;target_unique=6",200,round_score,19,4434
"hybrid","target_score=26;target_unique=6",200,round_score,20,4020
"hybrid","target_score=26;target_unique=6",200,round_score,21,4412
"hybrid","target_score=26;target_unique=6",200,round_score,22,3820
"hybrid","target_score=26;target_unique=6",200,round_score,23,4091
"hybrid","target_score=26;target_unique=6",200,round_score,24,3075
"hybrid","target_score=26;target_unique=6",200,round_score,25,3108
"hybrid","target_score=26;target_unique=6",200,round_score,26,80647
"hybrid","target_score=26;target_unique=6",200,round_score,27,83703
"hybrid","target_score=26;target_unique=6",200,round_score,28,77622
"hybrid","target_score=26;target_unique=6",200,round_score,29,73859
"hybrid","target_score=26;target_unique=6",200,round_score,30,70711
"hybrid","target_score=26;target_unique=6",200,round_score,31,59220
"hybrid","target_score=26;target_unique=6",200,round_score,32,50527
"hybrid","target_score=26;target_unique=6",200,round_score,33,45459
"hybrid","target_score=26;target_unique=6",200,round_score,34,31269
"hybrid","target_score=26;target_unique=6",200,round_score,35,22264
"hybrid","target_score=26;target_unique=6",200,round_score,36,19627
"hybrid","target_score=26;target_unique=6",200,round_score,37,8934
"hybrid","target_score=26;target_unique=6",200,round_score,38,5902
"hybrid","target_score=26;target_unique=6",200,round_score,39,1551
"hybrid","target_score=26;target_unique=6",200,round_score,40,5023
"hybrid","target_score=26;target_unique=6",200,round_score,41,1296
"hybrid","target_score=26;target_unique=6",200,round_score,42,5108
"hybrid","target_score=26;target_unique=6",200,round_score,43,951
"hybrid","target_score=26;target_unique=6",200,round_score,44,3628
"hybrid","target_score=26;target_unique=6",200,round_score,45,801
"hybrid","target_score=26;target_unique=6",200,round_score,46,3481
"hybrid","target_score=26;target_unique=6",200,round_score,47,565
"hybrid","target_score=26;target_unique=6",200,round_score,48,1810
"hybrid","target_score=26;target_unique=6",200,round_score,49,349
"hybrid","target_score=26;target_unique=6",200,round_score,50,1489
"hybrid","target_score=26;target_unique=6",200,round_score,51,198
"hybrid","target_score=26;target_unique=6",200,round_score,52,320
"hybrid","target_score=26;target_unique=6",200,round_score,53,115
"hybrid","target_score=26;target_unique=6",200,round_score,54,242
"hybrid","target_score=26;target_unique=6",200,round_score,55,81
"hybrid","target_score=26;target_unique=6",200,round_score,56,236
"hybrid","target_score=26;target_unique=6",200,round_score,57,63
"hybrid","target_score=26;target_unique=6",200,round_score,58,204
"hybrid","target_score=26;target_unique=6",200,round_score,59,37
"hybrid","target_score=26;target_unique=6",200,round_score,60,175
"hybrid","target_score=26;target_unique=6",200,round_score,61,43
"hybrid","target_score=26;target_unique=6",200,round_score,62,172
"hybrid","target_score=26;target_unique=6",200,round_score,63,52
"hybrid","target_score=26;target_unique=6",200,round_score,64,155
"hybrid","target_score=26;target_unique=6",200,round_score,65,41
"hybrid","target_score=26;target_unique=6",200,round_score,66,134
"hybrid","target_score=26;target_unique=6",200,round_score,67,38
"hybrid","target_score=26;target_unique=6",200,round_score,68,129
"hybrid","target_score=26;target_unique=6",200,round_score,69,25
"hybrid","target_score=26;target_unique=6",200,round_score,70,119
"hybrid","target_score=26;target_unique=6",200,round_score,71,8
"hybrid","target_score=26;target_unique=6",200,round_score,72,120
"hybrid","target_score=26;target_unique=6",200,round_score,73,5
"hybrid","target_score=26;target_unique=6",200,round_score,74,73
"hybrid","target_score=26;target_unique=6",200,round_score,75,3
"hybrid","target_score=26;target_unique=6",200,round_score,76,80
"hybrid","target_score=26;target_unique=6",200,round_score,77,5
"hybrid","target_score=26;target_unique=6",200,round_score,78,86
"hybrid","target_score=26;target_unique=6",200,round_score,79,2
"hybrid","target_score=26;target_unique=6",200,round_score,80,46
"hybrid","target_score=26;target_unique=6",200,round_score,82,41
"hybrid","target_score=26;target_unique=6",200,round_score,84,29
"hybrid","target_score=26;target_unique=6",200,round_score,86,20
"hybrid","target_score=26;target_unique=6",200,round_score,88,17
"hybrid","target_score=26;target_unique=6",200,round_score,89,1
"hybrid","target_score=26;target_unique=6",200,round_score,90,16
"hybrid","target_score=26;target_unique=6",200,round_score,92,8
"hybrid","target_score=26;target_unique=6",200,round_score,94,9
"hybrid","target_score=26;target_unique=6",200,round_score,95,1
"hybrid","target_score=26;target_unique=6",200,round_score,96,3
"hybrid","target_score=26;target_unique=6",200,round_score,99,1
"hybrid","target_score=26;target_unique=6",200,round_score,100,2
"hybrid","target_score=26;target_unique=6",200,round_score,101,1
"hybrid","target_score=26;target_unique=6",200,round_score,102,3
"hybrid","target_score=26;target_unique=6",200,round_score,103,1
"hybrid","target_score=26;target_unique=6",200,round_score,104,1
"hybrid","target_score=26;target_unique=6",200,round_score,106,1
"hybrid","target_score=26;target_unique=6",200,round_score,107,1
"hybrid","target_score=26;target_unique=6",200,round_score,110,2
"hybrid","target_score=26;target_unique=6",200,round_score,114,1
"hybrid","target_score=26;target_unique=6",200,round_score,115,1
"hybrid","target_score=26;target_unique=6",200,round_score,117,1
"hybrid","target_score=26;target_unique=6",200,round_score,123,1
"hybrid","target_score=26;target_unique=6",200,round_score,133,2
"hybrid","target_score=26;target_unique=6",200,round_score,135,1
"hybrid","target_score=26;target_unique=6",200,round_end,bust,333384
"hybrid","target_score=26;target_unique=6",200,round_end,flip7,678
"hybrid","target_score=26;target_unique=6",200,round_end,freeze,130846
"hybrid","target_score=26;target_unique=6",200,round_end,finish,656299
"hybrid","target_score=26;target_unique=6",200,round_end,deck_exhausted,0
"hybrid","target_score=26;target_unique=6",200,final_score,200,3289
"hybrid","target_score=26;target_unique=6",200,final_score,201,3449
"hybrid","target_score=26;target_unique=6",200,final_score,202,3429
"hybrid","target_score=26;target_unique=6",200,final_score,203,3542
"hybrid","target_score=26;target_unique=6",200,final_score,204,3522
"hybrid","target_score=26;target_unique=6",200,final_score,205,3508
"hybrid","target_score=26;target_unique=6",200,final_score,206,3535
"hybrid","target_score=26;target_unique=6",200,final_score,207,3575
"hybrid","target_score=26;target_unique=6",200,final_score,208,3534
"hybrid","target_score=26;target_unique=6",200,final_score,209,3484
"hybrid","target_score=26;target_unique=6",200,final_score,210,3606
"hybrid","target_score=26;target_unique=6",200,final_score,211,3471
"hybrid","target_score=26;target_unique=6",200,final_score,212,3554
"hybrid","target_score=26;target_unique=6",200,final_score,213,3457
"hybrid","target_score=26;target_unique=6",200,final_score,214,3363
"hybrid","target_score=26;target_unique=6",200,final_score,215,3365
"hybrid","target_score=26;target_unique=6",200,final_score,216,3308
"hybrid","target_score=26;target_unique=6",200,final_score,217,3255
"hybrid","target_score=26;target_unique=6",200,final_score,218,3207
"hybrid","target_score=26;target_unique=6",200,final_score,219,3100
"hybrid","target_score=26;target_unique=6",200,final_score,220,3001
"hybrid","target_score=26;target_unique=6",200,final_score,221,3035
"hybrid","target_score=26;target_unique=6",200,final_score,222,2970
"hybrid","target_score=26;target_unique=6",200,final_score,223,2901
"hybrid","target_score=26;target_unique=6",200,final_score,224,2989
"hybrid","target_score=26;target_unique=6",200,final_score,225,2968
"hybrid","target_score=26;target_unique=6",200,final_score,226,2569
"hybrid","target_score=26;target_unique=6",200,final_score,227,2235
"hybrid","target_score=26;target_unique=6",200,final_score,228,1835
"hybrid","target_score=26;target_unique=6",200,final_score,229,1558
"hybrid","target_score=26;target_unique=6",200,final_score,230,1279
"hybrid","target_score=26;target_unique=6",200,final_score,231,896
"hybrid","target_score=26;target_unique=6",200,final_score,232,690
"hybrid","target_score=26;target_unique=6",200,final_score,233,507
"hybrid","target_score=26;target_unique=6",200,final_score,234,385
"hybrid","target_score=26;target_unique=6",200,final_score,235,295
"hybrid","target_score=26;target_unique=6",200,final_score,236,194
"hybrid","target_score=26;target_unique=6",200,final_score,237,154
"hybrid","target_score=26;target_unique=6",200,final_score,238,114
"hybrid","target_score=26;target_unique=6",200,final_score,239,138
"hybrid","target_score=26;target_unique=6",200,final_score,240,96
"hybrid","target_score=26;target_unique=6",200,final_score,241,91
"hybrid","target_score=26;target_unique=6",200,final_score,242,73
"hybrid","target_score=26;target_unique=6",200,final_score,243,74
"hybrid","target_score=26;target_unique=6",200,final_score,244,50
"hybrid","target_score=26;target_unique=6",200,final_score,245,52
"hybrid","target_score=26;target_unique=6",200,final_score,246,34
"hybrid","target_score=26;target_unique=6",200,final_score,247,29
"hybrid","target_score=26;target_unique=6",200,final_score,248,29
"hybrid","target_score=26;target_unique=6",200,final_score,249,19
"hybrid","target_score=26;target_unique=6",200,final_score,250,12
"hybrid","target_score=26;target_unique=6",200,final_score,251,14
"hybrid","target_score=26;target_unique=6",200,final_score,252,8
"hybrid","target_score=26;target_unique=6",200,final_score,253,16
"hybrid","target_score=26;target_unique=6",200,final_score,254,12
"hybrid","target_score=26;target_unique=6",200,final_score,255,10
"hybrid","target_score=26;target_unique=6",200,final_score,256,10
"hybrid","target_score=26;target_unique=6",200,final_score,257,15
"hybrid","target_score=26;target_unique=6",200,final_score,258,5
"hybrid","target_score=26;target_unique=6",200,final_score,259,8
"hybrid","target_score=26;target_unique=6",200,final_score,260,5
"hybrid","target_score=26;target_unique=6",200,final_score,261,8
"hybrid","target_score=26;target_unique=6",200,final_score,262,3
"hybrid","target_score=26;target_unique=6",200,final_score,263,5
"hybrid","target_score=26;target_unique=6",200,final_score,264,10
"hybrid","target_score=26;target_unique=6",200,final_score,265,7
"hybrid","target_score=26;target_unique=6",200,final_score,266,2
"hybrid","target_score=26;target_unique=6",200,final_score,267,5
"hybrid","target_score=26;target_unique=6",200,final_score,268,2
"hybrid","target_score=26;target_unique=6",200,final_score,269,4
"hybrid","target_score=26;target_unique=6",200,final_score,270,3
"hybrid","target_score=26;target_unique=6",200,final_score,271,1
"hybrid","target_score=26;target_unique=6",200,final_score,272,5
"hybrid","target_score=26;target_unique=6",200,final_score,274,2
"hybrid","target_score=26;target_unique=6",200,final_score,275,1
"hybrid","target_score=26;target_unique=6",200,final_score,276,2
"hybrid","target_score=26;target_unique=6",200,final_score,278,1
"hybrid","target_score=26;target_unique=6",200,final_score,279,1
"hybrid","target_score=26;target_unique=6",200,final_score,280,1
"hybrid","target_score=26;target_unique=6",200,final_score,281,1
"hybrid","target_score=26;target_unique=6",200,final_score,287,2
"hybrid","target_score=26;target_unique=6",200,final_score,288,2
"hybrid","target_score=26;target_unique=6",200,final_score,290,1
"hybrid","target_score=26;target_unique=6",200,final_score,294,1
"hybrid","target_score=26;target_unique=6",200,final_score,308,1
"hybrid","target_score=26;target_unique=6",200,final_score,334,1
"hybrid","target_score=26;target_unique=7",200,round_score,0,371600
"hybrid","target_score=26;target_unique=7",200,round_score,1,421
"hybrid","target_score=26;target_unique=7",200,round_score,2,1333
"hybrid","target_score=26;target_unique=7",200,round_score,3,1359
"hybrid","target_score=26;target_unique=7",200,round_score,4,2289
"hybrid","target_score=26;target_unique=7",200,round_score,5,2387
"hybrid","target_score=26;target_unique=7",200,round_score,6,3418
"hybrid","target_score=26;target_unique=7",200,round_score,7,3393
"hybrid","target_score=26;target_unique=7",200,round_score,8,4504
"hybrid","target_score=26;target_unique=7",200,round_score,9,4702
"hybrid","target_score=26;target_unique=7",200,round_score,10,5846
"hybrid","target_score=26;target_unique=7",200,round_score,11,6469
"hybrid","target_score=26;target_unique=7",200,round_score,12,7235
"hybrid","target_score=26;target_unique=7",200,round_score,13,2462
"hybrid","target_score=26;target_unique=7",200,round_score,14,2874
"hybrid","target_score=26;target_unique=7",200,round_score,15,3332
"hybrid","target_score=26;target_unique=7",200,round_score,16,3671
"hybrid","target_score=26;target_unique=7",200,round_score,17,3954
"hybrid","target_score=26;target_unique=7",200,round_score,18,4031
"hybrid","target_score=26;target_unique=7",200,round_score,19,4432
"hybrid","target_score=26;target_unique=7",200,round_score,20,4015
"hybrid","target_score=26;target_unique=7",200,round_score,21,4395
"hybrid","target_score=26;target_unique=7",200,round_score,22,3801
"hybrid","target_score=26;target_unique=7",200,round_score,23,4066
"hybrid","target_score=26;target_unique=7",200,round_score,24,3034
"hybrid","target_score=26;target_unique=7",200,round_score,25,3042
"hybrid","target_score=26;target_unique=7",200,round_score,26,80639
"hybrid","target_score=26;target_unique=7",200,round_score,27,83697
"hybrid","target_score=26;target_unique=7",200,round_score,28,77619
"hybrid","target_score=26;target_unique=7",200,round_score,29,73847
"hybrid","target_score=26;target_unique=7",200,round_score,30,70702
"hybrid","target_score=26;target_unique=7",200,round_score,31,59228
"hybrid","target_score=26;target_unique=7",200,round_score,32,50528
"hybrid","target_score=26;target_unique=7",200,round_score,33,45456
"hybrid","target_score=26;target_unique=7",200,round_score,34,31264
"hybrid","target_score=26;target_unique=7",200,round_score,35,22259
"hybrid","target_score=26;target_unique=7",200,round_score,36,19622
"hybrid","target_score=26;target_unique=7",200,round_score,37,8935
"hybrid","target_score=26;target_unique=7",200,round_score,38,5901
"hybrid","target_score=26;target_unique=7",200,round_score,39,1551
"hybrid","target_score=26;target_unique=7",200,round_score,40,5024
"hybrid","target_score=26;target_unique=7",200,round_score,41,1296
"hybrid","target_score=26;target_unique=7",200,round_score,42,5110
"hybrid","target_score=26;target_unique=7",200,round_score,43,954
"hybrid","target_score=26;target_unique=7",200,round_score,44,3637
"hybrid","target_score=26;target_unique=7",200,round_score,45,813
"hybrid","target_score=26;target_unique=7",200,round_score,46,3488
"hybrid","target_score=26;target_unique=7",200,round_score,47,576
"hybrid","target_score=26;target_unique=7",200,round_score,48,1825
"hybrid","target_score=26;target_unique=7",200,round_score,49,365
"hybrid","target_score=26;target_unique=7",200,round_score,50,1511
"hybrid","target_score=26;target_unique=7",200,round_score,51,212
"hybrid","target_score=26;target_unique=7",200,round_score,52,332
"hybrid","target_score=26;target_unique=7",200,round_score,53,115
"hybrid","target_score=26;target_unique=7",200,round_score,54,242
"hybrid","target_score=26;target_unique=7",200,round_score,55,81
"hybrid","target_score=26;target_unique=7",200,round_score,56,236
"hybrid","target_score=26;target_unique=7",200,round_score,57,63
"hybrid","target_score=26;target_unique=7",200,round_score,58,204
"hybrid","target_score=26;target_unique=7",200,round_score,59,37
"hybrid","target_score=26;target_unique=7",200,round_score,60,175
"hybrid","target_score=26;target_unique=7",200,round_score,61,43
"hybrid","target_score=26;target_unique=7",200,round_score,62,172
"hybrid","target_score=26;target_unique=7",200,round_score,63,52
"hybrid","target_score=26;target_unique=7",200,round_score,64,155
"hybrid","target_score=26;target_unique=7",200,round_score,65,41
"hybrid","target_score=26;target_unique=7",200,round_score,66,134
"hybrid","target_score=26;target_unique=7",200,round_score,67,38
"hybrid","target_score=26;target_unique=7",200,round_score,68,129
"hybrid","target_score=26;target_unique=7",200,round_score,69,25
"hybrid","target_score=26;target_unique=7",200,round_score,70,119
"hybrid","target_score=26;target_unique=7",200,round_score,71,8
"hybrid","target_score=26;target_unique=7",200,round_score,72,119
"hybrid","target_score=26;target_unique=7",200,round_score,73,5
"hybrid","target_score=26;target_unique=7",200,round_score,74,73
"hybrid","target_score=26;target_unique=7",200,round_score,75,3
"hybrid","target_score=26;target_unique=7",200,round_score,76,80
"hybrid","target_score=26;target_unique=7",200,round_score,77,5
"hybrid","target_score=26;target_unique=7",200,round_score,78,86
"hybrid","target_score=26;target_unique=7",200,round_score,79,2
"hybrid","target_score=26;target_unique=7",200,round_score,80,47
"hybrid","target_score=26;target_unique=7",200,round_score,82,41
"hybrid","target_score=26;target_unique=7",200,round_score,84,29
"hybrid","target_score=26;target_unique=7",200,round_score,86,20
"hybrid","target_score=26;target_unique=7",200,round_score,88,17
"hybrid","target_score=26;target_unique=7",200,round_score,89,1
"hybrid","target_score=26;target_unique=7",200,round_score,90,16
"hybrid","target_score=26;target_unique=7",200,round_score,92,8
"hybrid","target_score=26;target_unique=7",200,round_score,94,9
"hybrid","target_score=26;target_unique=7",200,round_score,95,1
"hybrid","target_score=26;target_unique=7",200,round_score,96,3
"hybrid","target_score=26;target_unique=7",200,round_score,99,1
"hybrid","target_score=26;target_unique=7",200,round_score,100,2
"hybrid","target_score=26;target_unique=7",200,round_score,101,1
"hybrid","target_score=26;target_unique=7",200,round_score,102,3
"hybrid","target_score=26;target_unique=7",200,round_score,103,1
"hybrid","target_score=26;target_unique=7",200,round_score,104,1
"hybrid","target_score=26;target_unique=7",200,round_score,106,1
"hybrid","target_score=26;target_unique=7",200,round_score,107,1
"hybrid","target_score=26;target_unique=7",200,round_score,110,2
"hybrid","target_score=26;target_unique=7",200,round_score,114,1
"hybrid","target_score=26;target_unique=7",200,round_score,115,1
"hybrid","target_score=26;target_unique=7",200,round_score,117,1
"hybrid","target_score=26;target_unique=7",200,round_score,123,1
"hybrid","target_score=26;target_unique=7",200,round_score,133,2
"hybrid","target_score=26;target_unique=7",200,round_score,135,1
"hybrid","target_score=26;target_unique=7",200,round_end,bust,333390
"hybrid","target_score=26;target_unique=7",200,round_end,flip7,806
"hybrid","target_score=26;target_unique=7",200,round_end,freeze,130845
"hybrid","target_score=26;target_unique=7",200,round_end,finish,656069
"hybrid","target_score=26;target_unique=7",200,round_end,deck_exhausted,0
"hybrid","target_score=26;target_unique=7",200,final_score,200,3291
"hybrid","target_score=26;target_unique=7",200,final_score,201,3450
"hybrid","target_score=26;target_unique=7",200,final_score,202,3429
"hybrid","target_score=26;target_unique=7",200,final_score,203,3540
"hybrid","target_score=26;target_unique=7",200,final_score,204,3523
"hybrid","target_score=26;target_unique=7",200,final_score,205,3507
"hybrid","target_score=26;target_unique=7",200,final_score,206,3533
"hybrid","target_score=26;target_unique=7",200,final_score,207,3568
"hybrid","target_score=26;target_unique=7",200,final_score,208,3529
"hybrid","target_score=26;target_unique=7",200,final_score,209,3484
"hybrid","target_score=26;target_unique=7",200,final_score,210,3605
"hybrid","target_score=26;target_unique=7",200,final_score,211,3470
"hybrid","target_score=26;target_unique=7",200,final_score,212,3555
"hybrid","target_score=26;target_unique=7",200,final_score,213,3456
"hybrid","target_score=26;target_unique=7",200,final_score,214,3358
"hybrid","target_score=26;target_unique=7",200,final_score,215,3364
"hybrid","target_score=26;target_unique=7",200,final_score,216,3313
"hybrid","target_score=26;target_unique=7",200,final_score,217,3253
"hybrid","target_score=26;target_unique=7",200,final_score,218,3210
"hybrid","target_score=26;target_unique=7",200,final_score,219,3101
"hybrid","target_score=26;target_unique=7",200,final_score,220,3001
"hybrid","target_score=26;target_unique=7",200,final_score,221,3032
"hybrid","target_score=26;target_unique=7",200,final_score,222,2969
"hybrid","target_score=26;target_unique=7",200,final_score,223,2905
"hybrid","target_score=26;target_unique=7",200,final_score,224,2990
"hybrid","target_score=26;target_unique=7",200,final_score,225,2965
"hybrid","target_score=26;target_unique=7",200,final_score,226,2575
"hybrid","target_score=26;target_unique=7",200,final_score,227,2233
"hybrid","target_score=26;target_unique=7",200,final_score,228,1836
"hybrid","target_score=26;target_unique=7",200,final_score,229,1559
"hybrid","target_score=26;target_unique=7",200,final_score,230,1282
"hybrid","target_score=26;target_unique=7",200,final_score,231,895
"hybrid","target_score=26;target_unique=7",200,final_score,232,693
"hybrid","target_score=26;target_unique=7",200,final_score,233,509
"hybrid","target_score=26;target_unique=7",200,final_score,234,384
"hybrid","target_score=26;target_unique=7",200,final_score,235,295
"hybrid","target_score=26;target_unique=7",200,final_score,236,194
"hybrid","target_score=26;target_unique=7",200,final_score,237,154
"hybrid","target_score=26;target_unique=7",200,final_score,238,116
"hybrid","target_score=26;target_unique=7",200,final_score,239,137
"hybrid","target_score=26;target_unique=7",200,final_score,240,96
"hybrid","target_score=26;target_unique=7",200,final_score,241,91
"hybrid","target_score=26;target_unique=7",200,final_score,242,75
"hybrid","target_score=26;target_unique=7",200,final_score,243,74
"hybrid","target_score=26;target_unique=7",200,final_score,244,50
"hybrid","target_score=26;target_unique=7",200,final_score,245,53
"hybrid","target_score=26;target_unique=7",200,final_score,246,34
"hybrid","target_score=26;target_unique=7",200,final_score,247,29
"hybrid","target_score=26;target_unique=7",200,final_score,248,29
"hybrid","target_score=26;target_unique=7",200,final_score,249,19
"hybrid","target_score=26;target_unique=7",200,final_score,250,12
"hybrid","target_score=26;target_unique=7",200,final_score,251,14
"hybrid","target_score=26;target_unique=7",200,final_score,252,8
"hybrid","target_score=26;target_unique=7",200,final_score,253,16
"hybrid","target_score=26;target_unique=7",200,final_score,254,12
"hybrid","target_score=26;target_unique=7",200,final_score,255,10
"hybrid","target_score=26;target_unique=7",200,final_score,256,10
"hybrid","target_score=26;target_unique=7",200,final_score,257,15
"hybrid","target_score=26;target_unique=7",200,final_score,258,5
"hybrid","target_score=26;target_unique=7",200,final_score,259,8
"hybrid","target_score=26;target_unique=7",200,final_score,260,5
"hybrid","target_score=26;target_unique=7",200,final_score,261,8
"hybrid","target_score=26;target_unique=7",200,final_score,262,3
"hybrid","target_score=26;target_unique=7",200,final_score,263,5
"hybrid","target_score=26;target_unique=7",200,final_score,264,10
"hybrid","target_score=26;target_unique=7",200,final_score,265,7
"hybrid","target_score=26;target_unique=7",200,final_score,266,2
"hybrid","target_score=26;target_unique=7",200,final_score,267,5
"hybrid","target_score=26;target_unique=7",200,final_score,268,2
"hybrid","target_score=26;target_unique=7",200,final_score,269,4
"hybrid","target_score=26;target_unique=7",200,final_score,270,3
"hybrid","target_score=26;target_unique=7",200,final_score,271,1
"hybrid","target_score=26;target_unique=7",200,final_score,272,5
"hybrid","target_score=26;target_unique=7",200,final_score,274,2
"hybrid","target_score=26;target_unique=7",200,final_score,275,1
"hybrid","target_score=26;target_unique=7",200,final_score,276,2
"hybrid","target_score=26;target_unique=7",200,final_score,278,1
"hybrid","target_score=26;target_unique=7",200,final_score,279,1
"hybrid","target_score=26;target_unique=7",200,final_score,280,1
"hybrid","target_score=26;target_unique=7",200,final_score,281,1
"hybrid","target_score=26;target_unique=7",200,final_score,287,2
"hybrid","target_score=26;target_unique=7",200,final_score,288,2
"hybrid","target_score=26;target_unique=7",200,final_score,290,1
"hybrid","target_score=26;target_unique=7",200,final_score,294,1
"hybrid","target_score=26;target_unique=7",200,final_score,308,1
"hybrid","target_score=26;target_unique=7",200,final_score,334,1
"hybrid","target_score=27;target_unique=3",200,round_score,0,298716
"hybrid","target_score=27;target_unique=3",200,round_score,1,474
"hybrid","target_score=27;target_unique=3",200,round_score,2,1425
"hybrid","target_score=27;target_unique=3",200,round_score,3,1440
"hybrid","target_score=27;target_unique=3",200,round_score,4,2409
"hybrid","target_score=27;target_unique=3",200,round_score,5,2553
"hybrid","target_score=27;target_unique=3",200,round_score,6,3617
"hybrid","target_score=27;target_unique=3",200,round_score,7,3926
"hybrid","target_score=27;target_unique=3",200,round_score,8,5251
"hybrid","target_score=27;target_unique=3",200,round_score,9,6029
"hybrid","target_score=27;target_unique=3",200,round_score,10,7575
"hybrid","target_score=27;target_unique=3",200,round_score,11,9138
"hybrid","target_score=27;target_unique=3",200,round_score,12,11318
"hybrid","target_score=27;target_unique=3",200,round_score,13,7951
"hybrid","target_score=27;target_unique=3",200,round_score,14,10148
"hybrid","target_score=27;target_unique=3",200,round_score,15,13886
"hybrid","target_score=27;target_unique=3",200,round_score,16,16887
"hybrid","target_score=27;target_unique=3",200,round_score,17,21587
"hybrid","target_score=27;target_unique=3",200,round_score,18,26207
"hybrid","target_score=27;target_unique=3",200,round_score,19,31138
"hybrid","target_score=27;target_unique=3",200,round_score,20,34790
"hybrid","target_score=27;target_unique=3",200,round_score,21,42176
"hybrid","target_score=27;target_unique=3",200,round_score,22,44512
"hybrid","target_score=27;target_unique=3",200,round_score,23,49795
"hybrid","target_score=27;target_unique=3",200,round_score,24,51546
"hybrid","target_score=27;target_unique=3",200,round_score,25,52987
"hybrid","target_score=27;target_unique=3",200,round_score,26,51551
"hybrid","target_score=27;target_unique=3",200,round_score,27,64051
"hybrid","target_score=27;target_unique=3",200,round_score,28,55274
"hybrid","target_score=27;target_unique=3",200,round_score,29,50142
"hybrid","target_score=27;target_unique=3",200,round_score,30,44852
"hybrid","target_score=27;target_unique=3",200,round_score,31,34760
"hybrid","target_score=27;target_unique=3",200,round_score,32,25542
"hybrid","target_score=27;target_unique=3",200,round_score,33,23058
"hybrid","target_score=27;target_unique=3",200,round_score,34,10780
"hybrid","target_score=27;target_unique=3",200,round_score,35,6230
"hybrid","target_score=27;target_unique=3",200,round_score,36,8089
"hybrid","target_score=27;target_unique=3",200,round_score,37,3633
"hybrid","target_score=27;target_unique=3",200,round_score,38,6304
"hybrid","target_score=27;target_unique=3",200,round_score,39,1355
"hybrid","target_score=27;target_unique=3",200,round_score,40,4600
"hybrid","target_score=27;target_unique=3",200,round_score,41,1107
"hybrid","target_score=27;target_unique=3",200,round_score,42,4581
"hybrid","target_score=27;target_unique=3",200,round_score,43,738
"hybrid","target_score=27;target_unique=3",200,round_score,44,2955
"hybrid","target_score=27;target_unique=3",200,round_score,45,547
"hybrid","target_score=27;target_unique=3",200,round_score,46,2902
"hybrid","target_score=27;target_unique=3",200,round_score,47,371
"hybrid","target_score=27;target_unique=3",200,round_score,48,1053
"hybrid","target_score=27;target_unique=3",200,round_score,49,204
"hybrid","target_score=27;target_unique=3",200,round_score,50,854
"hybrid","target_score=27;target_unique=3",200,round_score,51,74
"hybrid","target_score=27;target_unique=3",200,round_score,52,330
"hybrid","target_score=27;target_unique=3",200,round_score,53,47
"hybrid","target_score=27;target_unique=3",200,round_score,54,176
"hybrid","target_score=27;target_unique=3",200,round_score,55,31
"hybrid","target_score=27;target_unique=3",200,round_score,56,184
"hybrid","target_score=27;target_unique=3",200,round_score,57,22
"hybrid","target_score=27;target_unique=3",200,round_score,58,164
"hybrid","target_score=27;target_unique=3",200,round_score,59,9
"hybrid","target_score=27;target_unique=3",200,round_score,60,144
"hybrid","target_score=27;target_unique=3",200,round_score,61,10
"hybrid","target_score=27;target_unique=3",200,round_score,62,131
"hybrid","target_score=27;target_unique=3",200,round_score,63,8
"hybrid","target_score=27;target_unique=3",200,round_score,64,130
"hybrid","target_score=27;target_unique=3",200,round_score,65,10
"hybrid","target_score=27;target_unique=3",200,round_score,66,115
"hybrid","target_score=27;target_unique=3",200,round_score,67,4
"hybrid","target_score=27;target_unique=3",200,round_score,68,105
"hybrid","target_score=27;target_unique=3",200,round_score,69,5
"hybrid","target_score=27;target_unique=3",200,round_score,70,76
"hybrid","target_score=27;target_unique=3",200,round_score,71,4
"hybrid","target_score=27;target_unique=3",200,round_score,72,92
"hybrid","target_score=27;target_unique=3",200,round_score,73,3
"hybrid","target_score=27;target_unique=3",200,round_score,74,61
"hybrid","target_score=27;target_unique=3",200,round_score,75,1
"hybrid","target_score=27;target_unique=3",200,round_score,76,62
"hybrid","target_score=27;target_unique=3",200,round_score,77,5
"hybrid","target_score=27;target_unique=3",200,round_score,78,62
"hybrid","target_score=27;target_unique=3",200,round_score,80,29
"hybrid","target_score=27;target_unique=3",200,round_score,81,1
"hybrid","target_score=27;target_unique=3",200,round_score,82,27
"hybrid","target_score=27;target_unique=3",200,round_score,84,20
"hybrid","target_score=27;target_unique=3",200,round_score,86,14
"hybrid","target_score=27;target_unique=3",200,round_score,88,14
"hybrid","target_score=27;target_unique=3",200,round_score,90,11
"hybrid","target_score=27;target_unique=3",200,round_score,92,6
"hybrid","target_score=27;target_unique=3",200,round_score,94,5
"hybrid","target_score=27;target_unique=3",200,round_score,96,1
"hybrid","target_score=27;target_unique=3",200,round_score,98,2
"hybrid","target_score=27;target_unique=3",200,round_score,100,3
"hybrid","target_score=27;target_unique=3",200,round_score,104,1
"hybrid","target_score=27;target_unique=3",200,round_score,106,1
"hybrid","target_score=27;target_unique=3",200,round_score,108,2
"hybrid","target_score=27;target_unique=3",200,round_score,110,1
"hybrid","target_score=27;target_unique=3",200,round_score,123,1
"hybrid","target_score=27;target_unique=3",200,round_end,bust,258820
"hybrid","target_score=27;target_unique=3",200,round_end,flip7,112
"hybrid","target_score=27;target_unique=3",200,round_end,freeze,119716
"hybrid","target_score=27;target_unique=3",200,round_end,finish,786570
"hybrid","target_score=27;target_unique=3",200,round_end,deck_exhausted,0
"hybrid","target_score=27;target_unique=3",200,final_score,200,4051
"hybrid","target_score=27;target_unique=3",200,final_score,201,4062
"hybrid","target_score=27;target_unique=3",200,final_score,202,4060
"hybrid","target_score=27;target_unique=3",200,final_score,203,4012
"hybrid","target_score=27;target_unique=3",200,final_score,204,4223
"hybrid","target_score=27;target_unique=3",200,final_score,205,4094
"hybrid","target_score=27;target_unique=3",200,final_score,206,4074
"hybrid","target_score=27;target_unique=3",200,final_score,207,4044
"hybrid","target_score=27;target_unique=3",200,final_score,208,3921
"hybrid","target_score=27;target_unique=3",200,final_score,209,3914
"hybrid","target_score=27;target_unique=3",200,final_score,210,3909
"hybrid","target_score=27;target_unique=3",200,final_score,211,3979
"hybrid","target_score=27;target_unique=3",200,final_score,212,3804
"hybrid","target_score=27;target_unique=3",200,final_score,213,3765
"hybrid","target_score=27;target_unique=3",200,final_score,214,3756
"hybrid","target_score=27;target_unique=3",200,final_score,215,3523
"hybrid","target_score=27;target_unique=3",200,final_score,216,3573
"hybrid","target_score=27;target_unique=3",200,final_score,217,3472
"hybrid","target_score=27;target_unique=3",200,final_score,218,3372
"hybrid","target_score=27;target_unique=3",200,final_score,219,3261
"hybrid","target_score=27;target_unique=3",200,final_score,220,2988
"hybrid","target_score=27;target_unique=3",200,final_score,221,2867
"hybrid","target_score=27;target_unique=3",200,final_score,222,2561
"hybrid","target_score=27;target_unique=3",200,final_score,223,2309
"hybrid","target_score=27;target_unique=3",200,final_score,224,2193
"hybrid","target_score=27;target_unique=3",200,final_score,225,1941
"hybrid","target_score=27;target_unique=3",200,final_score,226,1638
"hybrid","target_score=27;target_unique=3",200,final_score,227,1411
"hybrid","target_score=27;target_unique=3",200,final_score,228,1143
"hybrid","target_score=27;target_unique=3",200,final_score,229,815
"hybrid","target_score=27;target_unique=3",200,final_score,230,666
"hybrid","target_score=27;target_unique=3",200,final_score,231,476
"hybrid","target_score=27;target_unique=3",200,final_score,232,392
"hybrid","target_score=27;target_unique=3",200,final_score,233,264
"hybrid","target_score=27;target_unique=3",200,final_score,234,229
"hybrid","target_score=27;target_unique=3",200,final_score,235,182
"hybrid","target_score=27;target_unique=3",200,final_score,236,142
"hybrid","target_score=27;target_unique=3",200,final_score,237,131
"hybrid","target_score=27;target_unique=3",200,final_score,238,107
"hybrid","target_score=27;target_unique=3",200,final_score,239,107
"hybrid","target_score=27;target_unique=3",200,final_score,240,87
"hybrid","target_score=27;target_unique=3",200,final_score,241,70
"hybrid","target_score=27;target_unique=3",200,final_score,242,44
"hybrid","target_score=27;target_unique=3",200,final_score,243,64
"hybrid","target_score=27;target_unique=3",200,final_score,244,36
"hybrid","target_score=27;target_unique=3",200,final_score,245,44
"hybrid","target_score=27;target_unique=3",200,final_score,246,25
"hybrid","target_score=27;target_unique=3",200,final_score,247,17
"hybrid","target_score=27;target_unique=3",200,final_score,248,28
"hybrid","target_score=27;target_unique=3",200,final_score,249,15
"hybrid","target_score=27;target_unique=3",200,final_score,250,10
"hybrid","target_score=27;target_unique=3",200,final_score,251,9
"hybrid","target_score=27;target_unique=3",200,final_score,252,8
"hybrid","target_score=27;target_unique=3",200,final_score,253,10
"hybrid","target_score=27;target_unique=3",200,final_score,254,10
"hybrid","target_score=27;target_unique=3",200,final_score,255,7
"hybrid","target_score=27;target_unique=3",200,final_score,256,3
"hybrid","target_score=27;target_unique=3",200,final_score,257,10
"hybrid","target_score=27;target_unique=3",200,final_score,258,8
"hybrid","target_score=27;target_unique=3",200,final_score,259,9
"hybrid","target_score=27;target_unique=3",200,final_score,260,4
"hybrid","target_score=27;target_unique=3",200,final_score,261,4
"hybrid","target_score=27;target_unique=3",200,final_score,262,5
"hybrid","target_score=27;target_unique=3",200,final_score,263,3
"hybrid","target_score=27;target_unique=3",200,final_score,264,3
"hybrid","target_score=27;target_unique=3",200,final_score,265,7
"hybrid","target_score=27;target_unique=3",200,final_score,266,2
"hybrid","target_score=27;target_unique=3",200,final_score,267,2
"hybrid","target_score=27;target_unique=3",200,final_score,268,2
"hybrid","target_score=27;target_unique=3",200,final_score,269,2
"hybrid","target_score=27;target_unique=3",200,final_score,270,2
"hybrid","target_score=27;target_unique=3",200,final_score,271,2
"hybrid","target_score=27;target_unique=3",200,final_score,273,3
"hybrid","target_score=27;target_unique=3",200,final_score,274,1
"hybrid","target_score=27;target_unique=3",200,final_score,275,3
"hybrid","target_score=27;target_unique=3",200,final_score,276,1
"hybrid","target_score=27;target_unique=3",200,final_score,278,1
"hybrid","target_score=27;target_unique=3",200,final_score,279,2
"hybrid","target_score=27;target_unique=3",200,final_score,281,2
"hybrid","target_score=27;target_unique=3",200,final_score,282,1
"hybrid","target_score=27;target_unique=3",200,final_score,289,1
"hybrid","target_score=27;target_unique=3",200,final_score,303,1
"hybrid","target_score=27;target_unique=3",200,final_score,307,1
"hybrid","target_score=27;target_unique=4",200,round_score,0,375341
"hybrid","target_score=27;target_unique=4",200,round_score,1,428
"hybrid","target_score=27;target_unique=4",200,round_score,2,1339
"hybrid","target_score=27;target_unique=4",200,round_score,3,1436
"hybrid","target_score=27;target_unique=4",200,round_score,4,2310
"hybrid","target_score=27;target_unique=4",200,round_score,5,2408
"hybrid","target_score=27;target_unique=4",200,round_score,6,3390
"hybrid","target_score=27;target_unique=4",200,round_score,7,3465
"hybrid","target_score=27;target_unique=4",200,round_score,8,4564
"hybrid","target_score=27;target_unique=4",200,round_score,9,4862
"hybrid","target_score=27;target_unique=4",200,round_score,10,5861
"hybrid","target_score=27;target_unique=4",200,round_score,11,6536
"hybrid","target_score=27;target_unique=4",200,round_score,12,7402
"hybrid","target_score=27;target_unique=4",200,round_score,13,2753
"hybrid","target_score=27;target_unique=4",200,round_score,14,3328
"hybrid","target_score=27;target_unique=4",200,round_score,15,3933
"hybrid","target_score=27;target_unique=4",200,round_score,16,4625
"hybrid","target_score=27;target_unique=4",200,round_score,17,5284
"hybrid","target_score=27;target_unique=4",200,round_score,18,6105
"hybrid","target_score=27;target_unique=4",200,round_score,19,7161
"hybrid","target_score=27;target_unique=4",200,round_score,20,7970
"hybrid","target_score=27;target_unique=4",200,round_score,21,9720
"hybrid","target_score=27;target_unique=4",200,round_score,22,10681
"hybrid","target_score=27;target_unique=4",200,round_score,23,12744
"hybrid","target_score=27;target_unique=4",200,round_score,24,14232
"hybrid","target_score=27;target_unique=4",200,round_score,25,16173
"hybrid","target_score=27;target_unique=4",200,round_score,26,19813
"hybrid","target_score=27;target_unique=4",200,round_score,27,82171
"hybrid","target_score=27;target_unique=4",200,round_score,28,77077
"hybrid","target_score=27;target_unique=4",200,round_score,29,72483
"hybrid","target_score=27;target_unique=4",200,round_score,30,70303
"hybrid","target_score=27;target_unique=4",200,round_score,31,58195
"hybrid","target_score=27;target_unique=4",200,round_score,32,50466
"hybrid","target_score=27;target_unique=4",200,round_score,33,44704
"hybrid","target_score=27;target_unique=4",200,round_score,34,31890
"hybrid","target_score=27;target_unique=4",200,round_score,35,22442
"hybrid","target_score=27;target_unique=4",200,round_score,36,21835
"hybrid","target_score=27;target_unique=4",200,round_score,37,11629
"hybrid","target_score=27;target_unique=4",200,round_score,38,10990
"hybrid","target_score=27;target_unique=4",200,round_score,39,1602
"hybrid","target_score=27;target_unique=4",200,round_score,40,5130
"hybrid","target_score=27;target_unique=4",200,round_score,41,1281
"hybrid","target_score=27;target_unique=4",200,round_score,42,5258
"hybrid","target_score=27;target_unique=4",200,round_score,43,977
"hybrid","target_score=27;target_unique=4",200,round_score,44,3810
"hybrid","target_score=27;target_unique=4",200,round_score,45,817
"hybrid","target_score=27;target_unique=4",200,round_score,46,3670
"hybrid","target_score=27;target_unique=4",200,round_score,47,580
"hybrid","target_score=27;target_unique=4",200,round_score,48,1973
"hybrid","target_score=27;target_unique=4",200,round_score,49,357
"hybrid","target_score=27;target_unique=4",200,round_score,50,1676
"hybrid","target_score=27;target_unique=4",200,round_score,51,224
"hybrid","target_score=27;target_unique=4",200,round_score,52,1066
"hybrid","target_score=27;target_unique=4",200,round_score,53,134
"hybrid","target_score=27;target_unique=4",200,round_score,54,241
"hybrid","target_score=27;target_unique=4",200,round_score,55,66
"hybrid","target_score=27;target_unique=4",200,round_score,56,211
"hybrid","target_score=27;target_unique=4",200,round_score,57,52
"hybrid","target_score=27;target_unique=4",200,round_score,58,179
"hybrid","target_score=27;target_unique=4",200,round_score,59,15
"hybrid","target_score=27;target_unique=4",200,round_score,60,150
"hybrid","target_score=27;target_unique=4",200,round_score,61,9
"hybrid","target_score=27;target_unique=4",200,round_score,62,132
"hybrid","target_score=27;target_unique=4",200,round_score,63,15
"hybrid","target_score=27;target_unique=4",200,round_score,64,139
"hybrid","target_score=27;target_unique=4",200,round_score,65,14
"hybrid","target_score=27;target_unique=4",200,round_score,66,122
"hybrid","target_score=27;target_unique=4",200,round_score,67,15
"hybrid","target_score=27;target_unique=4",200,round_score,68,116
"hybrid","target_score=27;target_unique=4",200,round_score,69,11
"hybrid","target_score=27;target_unique=4",200,round_score,70,119
"hybrid","target_score=27;target_unique=4",200,round_score,71,12
"hybrid","target_score=27;target_unique=4",200,round_score,72,115
"hybrid","target_score=27;target_unique=4",200,round_score,73,6
"hybrid","target_score=27;target_unique=4",200,round_score,74,73
"hybrid","target_score=27;target_unique=4",200,round_score,75,3
"hybrid","target_score=27;target_unique=4",200,round_score,76,83
"hybrid","target_score=27;target_unique=4",200,round_score,77,7
"hybrid","target_score=27;target_unique=4",200,round_score,78,96
"hybrid","target_score=27;target_unique=4",200,round_score,79,1
"hybrid","target_score=27;target_unique=4",200,round_score,80,51
"hybrid","target_score=27;target_unique=4",200,round_score,82,45
"hybrid","target_score=27;target_unique=4",200,round_score,84,34
"hybrid","target_score=27;target_unique=4",200,round_score,86,24
"hybrid","target_score=27;target_unique=4",200,round_score,88,16
"hybrid","target_score=27;target_unique=4",200,round_score,89,1
"hybrid","target_score=27;target_unique=4",200,round_score,90,18
"hybrid","target_score=27;target_unique=4",200,round_score,91,1
"hybrid","target_score=27;target_unique=4",200,round_score,92,9
"hybrid","target_score=27;target_unique=4",200,round_score,94,10
"hybrid","target_score=27;target_unique=4",200,round_score,96,2
"hybrid","target_score=27;target_unique=4",200,round_score,98,1
"hybrid","target_score=27;target_unique=4",200,round_score,99,1
"hybrid","target_score=27;target_unique=4",200,round_score,100,1
"hybrid","target_score=27;target_unique=4",200,round_score,102,2
"hybrid","target_score=27;target_unique=4",200,round_score,104,1
"hybrid","target_score=27;target_unique=4",200,round_score,106,2
"hybrid","target_score=27;target_unique=4",200,round_score,107,1
"hybrid","target_score=27;target_unique=4",200,round_score,110,3
"hybrid","target_score=27;target_unique=4",200,round_score,114,1
"hybrid","target_score=27;target_unique=4",200,round_score,115,1
"hybrid","target_score=27;target_unique=4",200,round_score,118,1
"hybrid","target_score=27;target_unique=4",200,round_score,123,1
"hybrid","target_score=27;target_unique=4",200,round_score,133,1
"hybrid","target_score=27;target_unique=4",200,round_score,135,1
"hybrid","target_score=27;target_unique=4",200,round_end,bust,336874
"hybrid","target_score=27;target_unique=4",200,round_end,flip7,217
"hybrid","target_score=27;target_unique=4",200,round_end,freeze,131546
"hybrid","target_score=27;target_unique=4",200,round_end,finish,660198
"hybrid","target_score=27;target_unique=4",200,round_end,deck_exhausted,0
"hybrid","target_score=27;target_unique=4",200,final_score,200,3486
"hybrid","target_score=27;target_unique=4",200,final_score,201,3480
"hybrid","target_score=27;target_unique=4",200,final_score,202,3500
"hybrid","target_score=27;target_unique=4",200,final_score,203,3557
"hybrid","target_score=27;target_unique=4",200,final_score,204,3547
"hybrid","target_score=27;target_unique=4",200,final_score,205,3493
"hybrid","target_score=27;target_unique=4",200,final_score,206,3415
"hybrid","target_score=27;target_unique=4",200,final_score,207,3509
"hybrid","target_score=27;target_unique=4",200,final_score,208,3433
"hybrid","target_score=27;target_unique=4",200,final_score,209,3431
"hybrid","target_score=27;target_unique=4",200,final_score,210,3410
"hybrid","target_score=27;target_unique=4",200,final_score,211,3517
"hybrid","target_score=27;target_unique=4",200,final_score,212,3423
"hybrid","target_score=27;target_unique=4",200,final_score,213,3404
"hybrid","target_score=27;target_unique=4",200,final_score,214,3316
"hybrid","target_score=27;target_unique=4",200,final_score,215,3309
"hybrid","target_score=27;target_unique=4",200,final_score,216,3291
"hybrid","target_score=27;target_unique=4",200,final_score,217,3198
"hybrid","target_score=27;target_unique=4",200,final_score,218,3312
"hybrid","target_score=27;target_unique=4",200,final_score,219,3132
"hybrid","target_score=27;target_unique=4",200,final_score,220,3085
"hybrid","target_score=27;target_unique=4",200,final_score,221,2938
"hybrid","target_score=27;target_unique=4",200,final_score,222,3047
"hybrid","target_score=27;target_unique=4",200,final_score,223,2924
"hybrid","target_score=27;target_unique=4",200,final_score,224,2760
"hybrid","target_score=27;target_unique=4",200,final_score,225,2781
"hybrid","target_score=27;target_unique=4",200,final_score,226,2695
"hybrid","target_score=27;target_unique=4",200,final_score,227,2237
"hybrid","target_score=27;target_unique=4",200,final_score,228,1899
"hybrid","target_score=27;target_unique=4",200,final_score,229,1632
"hybrid","target_score=27;target_unique=4",200,final_score,230,1273
"hybrid","target_score=27;target_unique=4",200,final_score,231,973
"hybrid","target_score=27;target_unique=4",200,final_score,232,761
"hybrid","target_score=27;target_unique=4",200,final_score,233,561
"hybrid","target_score=27;target_unique=4",200,final_score,234,415
"hybrid","target_score=27;target_unique=4",200,final_score,235,361
"hybrid","target_score=27;target_unique=4",200,final_score,236,252
"hybrid","target_score=27;target_unique=4",200,final_score,237,185
"hybrid","target_score=27;target_unique=4",200,final_score,238,131
"hybrid","target_score=27;target_unique=4",200,final_score,239,129
"hybrid","target_score=27;target_unique=4",200,final_score,240,116
"hybrid","target_score=27;target_unique=4",200,final_score,241,103
"hybrid","target_score=27;target_unique=4",200,final_score,242,80
"hybrid","target_score=27;target_unique=4",200,final_score,243,72
"hybrid","target_score=27;target_unique=4",200,final_score,244,70
"hybrid","target_score=27;target_unique=4",200,final_score,245,59
"hybrid","target_score=27;target_unique=4",200,final_score,246,34
"hybrid","target_score=27;target_unique=4",200,final_score,247,31
"hybrid","target_score=27;target_unique=4",200,final_score,248,20
"hybrid","target_score=27;target_unique=4",200,final_score,249,19
"hybrid","target_score=27;target_unique=4",200,final_score,250,18
"hybrid","target_score=27;target_unique=4",200,final_score,251,15
"hybrid","target_score=27;target_unique=4",200,final_score,252,12
"hybrid","target_score=27;target_unique=4",200,final_score,253,17
"hybrid","target_score=27;target_unique=4",200,final_score,254,10
"hybrid","target_score=27;target_unique=4",200,final_score,255,8
"hybrid","target_score=27;target_unique=4",200,final_score,256,7
"hybrid","target_score=27;target_unique=4",200,final_score,257,9
"hybrid","target_score=27;target_unique=4",200,final_score,258,6
"hybrid","target_score=27;target_unique=4",200,final_score,259,9
"hybrid","target_score=27;target_unique=4",200,final_score,260,5
"hybrid","target_score=27;target_unique=4",200,final_score,261,6
"hybrid","target_score=27;target_unique=4",200,final_score,262,4
"hybrid","target_score=27;target_unique=4",200,final_score,263,7
"hybrid","target_score=27;target_unique=4",200,final_score,264,7
"hybrid","target_score=27;target_unique=4",200,final_score,265,10
"hybrid","target_score=27;target_unique=4",200,final_score,266,3
"hybrid","target_score=27;target_unique=4",200,final_score,267,5
"hybrid","target_score=27;target_unique=4",200,final_score,268,2
"hybrid","target_score=27;target_unique=4",200,final_score,269,5
"hybrid","target_score=27;target_unique=4",200,final_score,270,2
"hybrid","target_score=27;target_unique=4",200,final_score,271,1
"hybrid","target_score=27;target_unique=4",200,final_score,272,5
"hybrid","target_score=27;target_unique=4",200,final_score,274,3
"hybrid","target_score=27;target_unique=4",200,final_score,275,2
"hybrid","target_score=27;target_unique=4",200,final_score,276,2
"hybrid","target_score=27;target_unique=4",200,final_score,278,2
"hybrid","target_score=27;target_unique=4",200,final_score,279,1
"hybrid","target_score=27;target_unique=4",200,final_score,280,1
"hybrid","target_score=27;target_unique=4",200,final_score,281,1
"hybrid","target_score=27;target_unique=4",200,final_score,282,1
"hybrid","target_score=27;target_unique=4",200,final_score,284,1
"hybrid","target_score=27;target_unique=4",200,final_score,287,1
"hybrid","target_score=27;target_unique=4",200,final_score,288,1
"hybrid","target_score=27;target_unique=4",200,final_score,292,1
"hybrid","target_score=27;target_unique=4",200,final_score,303,1
"hybrid","target_score=27;target_unique=4",200,final_score,304,1
"hybrid","target_score=27;target_unique=4",200,final_score,306,1
"hybrid","target_score=27;target_unique=4",200,final_score,334,1
"hybrid","target_score=27;target_unique=5",200,round_score,0,390499
"hybrid","target_score=27;target_unique=5",200,round_score,1,431
"hybrid","target_score=27;target_unique=5",200,round_score,2,1346
"hybrid","target_score=27;target_unique=5",200,round_score,3,1401
"hybrid","target_score=27;target_unique=5",200,round_score,4,2353
"hybrid","target_score=27;target_unique=5",200,round_score,5,2383
"hybrid","target_score=27;target_unique=5",200,round_score,6,3447
"hybrid","target_score=27;target_unique=5",200,round_score,7,3404
"hybrid","target_score=27;target_unique=5",200,round_score,8,4502
"hybrid","target_score=27;target_unique=5",200,round_score,9,4791
"hybrid","target_score=27;target_unique=5",200,round_score,10,5859
"hybrid","target_score=27;target_unique=5",200,round_score,11,6507
"hybrid","target_score=27;target_unique=5",200,round_score,12,7244
"hybrid","target_score=27;target_unique=5",200,round_score,13,2469
"hybrid","target_score=27;target_unique=5",200,round_score,14,2896
"hybrid","target_score=27;target_unique=5",200,round_score,15,3380
"hybrid","target_score=27;target_unique=5",200,round_score,16,3711
"hybrid","target_score=27;target_unique=5",200,round_score,17,4015
"hybrid","target_score=27;target_unique=5",200,round_score,18,4107
"hybrid","target_score=27;target_unique=5",200,round_score,19,4549
"hybrid","target_score=27;target_unique=5",200,round_score,20,4257
"hybrid","target_score=27;target_unique=5",200,round_score,21,4783
"hybrid","target_score=27;target_unique=5",200,round_score,22,4314
"hybrid","target_score=27;target_unique=5",200,round_score,23,4823
"hybrid","target_score=27;target_unique=5",200,round_score,24,4064
"hybrid","target_score=27;target_unique=5",200,round_score,25,4507
"hybrid","target_score=27;target_unique=5",200,round_score,26,5042
"hybrid","target_score=27;target_unique=5",200,round_score,27,84755
"hybrid","target_score=27;target_unique=5",200,round_score,28,80417
"hybrid","target_score=27;target_unique=5",200,round_score,29,76079
"hybrid","target_score=27;target_unique=5",200,round_score,30,74544
"hybrid","target_score=27;target_unique=5",200,round_score,31,62536
"hybrid","target_score=27;target_unique=5",200,round_score,32,55332
"hybrid","target_score=27;target_unique=5",200,round_score,33,49513
"hybrid","target_score=27;target_unique=5",200,round_score,34,37069
"hybrid","target_score=27;target_unique=5",200,round_score,35,27174
"hybrid","target_score=27;target_unique=5",200,round_score,36,26301
"hybrid","target_score=27;target_unique=5",200,round_score,37,14836
"hybrid","target_score=27;target_unique=5",200,round_score,38,12871
"hybrid","target_score=27;target_unique=5",200,round_score,39,1608
"hybrid","target_score=27;target_unique=5",200,round_score,40,5259
"hybrid","target_score=27;target_unique=5",200,round_score,41,1313
"hybrid","target_score=27;target_unique=5",200,round_score,42,5364
"hybrid","target_score=27;target_unique=5",200,round_score,43,1002
"hybrid","target_score=27;target_unique=5",200,round_score,44,3954
"hybrid","target_score=27;target_unique=5",200,round_score,45,852
"hybrid","target_score=27;target_unique=5",200,round_score,46,3859
"hybrid","target_score=27;target_unique=5",200,round_score,47,614
"hybrid","target_score=27;target_unique=5",200,round_score,48,2097
"hybrid","target_score=27;target_unique=5",200,round_score,49,378
"hybrid","target_score=27;target_unique=5",200,round_score,50,1874
"hybrid","target_score=27;target_unique=5",200,round_score,51,237
"hybrid","target_score=27;target_unique=5",200,round_score,52,1289
"hybrid","target_score=27;target_unique=5",200,round_score,53,142
"hybrid","target_score=27;target_unique=5",200,round_score,54,252
"hybrid","target_score=27;target_unique=5",200,round_score,55,79
"hybrid","target_score=27;target_unique=5",200,round_score,56,231
"hybrid","target_score=27;target_unique=5",200,round_score,57,66
"hybrid","target_score=27;target_unique=5",200,round_score,58,210
"hybrid","target_score=27;target_unique=5",200,round_score,59,34
"hybrid","target_score=27;target_unique=5",200,round_score,60,177
"hybrid","target_score=27;target_unique=5",200,round_score,61,53
"hybrid","target_score=27;target_unique=5",200,round_score,62,180
"hybrid","target_score=27;target_unique=5",200,round_score,63,57
"hybrid","target_score=27;target_unique=5",200,round_score,64,174
"hybrid","target_score=27;target_unique=5",200,round_score,65,44
"hybrid","target_score=27;target_unique=5",200,round_score,66,145
"hybrid","target_score=27;target_unique=5",200,round_score,67,45
"hybrid","target_score=27;target_unique=5",200,round_score,68,135
"hybrid","target_score=27;target_unique=5",200,round_score,69,28
"hybrid","target_score=27;target_unique=5",200,round_score,70,129
"hybrid","target_score=27;target_unique=5",200,round_score,71,19
"hybrid","target_score=27;target_unique=5",200,round_score,72,121
"hybrid","target_score=27;target_unique=5",200,round_score,73,9
"hybrid","target_score=27;target_unique=5",200,round_score,74,77
"hybrid","target_score=27;target_unique=5",200,round_score,75,2
"hybrid","target_score=27;target_unique=5",200,round_score,76,87
"hybrid","target_score=27;target_unique=5",200,round_score,77,7
"hybrid","target_score=27;target_unique=5",200,round_score,78,98
"hybrid","target_score=27;target_unique=5",200,round_score,79,2
"hybrid","target_score=27;target_unique=5",200,round_score,80,59
"hybrid","target_score=27;target_unique=5",200,round_score,82,44
"hybrid","target_score=27;target_unique=5",200,round_score,84,34
"hybrid","target_score=27;target_unique=5",200,round_score,86,24
"hybrid","target_score=27;target_unique=5",200,round_score,88,21
"hybrid","target_score=27;target_unique=5",200,round_score,89,1
"hybrid","target_score=27;target_unique=5",200,round_score,90,18
"hybrid","target_score=27;target_unique=5",200,round_score,91,1
"hybrid","target_score=27;target_unique=5",200,round_score,92,10
"hybrid","target_score=27;target_unique=5",200,round_score,94,11
"hybrid","target_score=27;target_unique=5",200,round_score,96,3
"hybrid","target_score=27;target_unique=5",200,round_score,99,1
"hybrid","target_score=27;target_unique=5",200,round_score,100,2
"hybrid","target_score=27;target_unique=5",200,round_score,101,1
"hybrid","target_score=27;target_unique=5",200,round_score,102,1
"hybrid","target_score=27;target_unique=5",200,round_score,103,1
"hybrid","target_score=27;target_unique=5",200,round_score,104,1
"hybrid","target_score=27;target_unique=5",200,round_score,106,1
"hybrid","target_score=27;target_unique=5",200,round_score,107,2
"hybrid","target_score=27;target_unique=5",200,round_score,110,2
"hybrid","target_score=27;target_unique=5",200,round_score,114,2
"hybrid","target_score=27;target_unique=5",200,round_score,115,1
"hybrid","target_score=27;target_unique=5",200,round_score,118,1
"hybrid","target_score=27;target_unique=5",200,round_score,123,1
"hybrid","target_score=27;target_unique=5",200,round_score,127,1
"hybrid","target_score=27;target_unique=5",200,round_score,131,1
"hybrid","target_score=27;target_unique=5",200,round_score,133,2
"hybrid","target_score=27;target_unique=5",200,round_score,135,1
"hybrid","target_score=27;target_unique=5",200,round_end,bust,352114
"hybrid","target_score=27;target_unique=5",200,round_end,flip7,697
"hybrid","target_score=27;target_unique=5",200,round_end,freeze,134119
"hybrid","target_score=27;target_unique=5",200,round_end,finish,638132
"hybrid","target_score=27;target_unique=5",200,round_end,deck_exhausted,0
"hybrid","target_score=27;target_unique=5",200,final_score,200,3217
"hybrid","target_score=27;target_unique=5",200,final_score,201,3270
"hybrid","target_score=27;target_unique=5",200,final_score,202,3169
"hybrid","target_score=27;target_unique=5",200,final_score,203,3233
"hybrid","target_score=27;target_unique=5",200,final_score,204,3222
"hybrid","target_score=27;target_unique=5",200,final_score,205,3206
"hybrid","target_score=27;target_unique=5",200,final_score,206,3272
"hybrid","target_score=27;target_unique=5",200,final_score,207,3284
"hybrid","target_score=27;target_unique=5",200,final_score,208,3310
"hybrid","target_score=27;target_unique=5",200,final_score,209,3220
"hybrid","target_score=27;target_unique=5",200,final_score,210,3334
"hybrid","target_score=27;target_unique=5",200,final_score,211,3325
"hybrid","target_score=27;target_unique=5",200,final_score,212,3386
"hybrid","target_score=27;target_unique=5",200,final_score,213,3375
"hybrid","target_score=27;target_unique=5",200,final_score,214,3288
"hybrid","target_score=27;target_unique=5",200,final_score,215,3338
"hybrid","target_score=27;target_unique=5",200,final_score,216,3276
"hybrid","target_score=27;target_unique=5",200,final_score,217,3230
"hybrid","target_score=27;target_unique=5",200,final_score,218,3334
"hybrid","target_score=27;target_unique=5",200,final_score,219,3173
"hybrid","target_score=27;target_unique=5",200,final_score,220,3092
"hybrid","target_score=27;target_unique=5",200,final_score,221,3127
"hybrid","target_score=27;target_unique=5",200,final_score,222,3171
"hybrid","target_score=27;target_unique=5",200,final_score,223,3035
"hybrid","target_score=27;target_unique=5",200,final_score,224,3042
"hybrid","target_score=27;target_unique=5",200,final_score,225,2961
"hybrid","target_score=27;target_unique=5",200,final_score,226,2953
"hybrid","target_score=27;target_unique=5",200,final_score,227,2515
"hybrid","target_score=27;target_unique=5",200,final_score,228,2093
"hybrid","target_score=27;target_unique=5",200,final_score,229,1823
"hybrid","target_score=27;target_unique=5",200,final_score,230,1483
"hybrid","target_score=27;target_unique=5",200,final_score,231,1080
"hybrid","target_score=27;target_unique=5",200,final_score,232,869
"hybrid","target_score=27;target_unique=5",200,final_score,233,668
"hybrid","target_score=27;target_unique=5",200,final_score,234,497
"hybrid","target_score=27;target_unique=5",200,final_score,235,454
"hybrid","target_score=27;target_unique=5",200,final_score,236,293
"hybrid","target_score=27;target_unique=5",200,final_score,237,201
"hybrid","target_score=27;target_unique=5",200,final_score,238,145
"hybrid","target_score=27;target_unique=5",200,final_score,239,143
"hybrid","target_score=27;target_unique=5",200,final_score,240,115
"hybrid","target_score=27;target_unique=5",200,final_score,241,114
"hybrid","target_score=27;target_unique=5",200,final_score,242,93
"hybrid","target_score=27;target_unique=5",200,final_score,243,81
"hybrid","target_score=27;target_unique=5",200,final_score,244,79
"hybrid","target_score=27;target_unique=5",200,final_score,245,60
"hybrid","target_score=27;target_unique=5",200,final_score,246,46
"hybrid","target_score=27;target_unique=5",200,final_score,247,41
"hybrid","target_score=27;target_unique=5",200,final_score,248,35
"hybrid","target_score=27;target_unique=5",200,final_score,249,24
"hybrid","target_score=27;target_unique=5",200,final_score,250,19
"hybrid","target_score=27;target_unique=5",200,final_score,251,17
"hybrid","target_score=27;target_unique=5",200,final_score,252,13
"hybrid","target_score=27;target_unique=5",200,final_score,253,16
"hybrid","target_score=27;target_unique=5",200,final_score,254,11
"hybrid","target_score=27;target_unique=5",200,final_score,255,13
"hybrid","target_score=27;target_unique=5",200,final_score,256,8
"hybrid","target_score=27;target_unique=5",200,final_score,257,16
"hybrid","target_score=27;target_unique=5",200,final_score,258,11
"hybrid","target_score=27;target_unique=5",200,final_score,259,8
"hybrid","target_score=27;target_unique=5",200,final_score,260,5
"hybrid","target_score=27;target_unique=5",200,final_score,261,6
"hybrid","target_score=27;target_unique=5",200,final_score,262,7
"hybrid","target_score=27;target_unique=5",200,final_score,263,6
"hybrid","target_score=27;target_unique=5",200,final_score,264,6
"hybrid","target_score=27;target_unique=5",200,final_score,265,4
"hybrid","target_score=27;target_unique=5",200,final_score,266,2
"hybrid","target_score=27;target_unique=5",200,final_score,267,5
"hybrid","target_score=27;target_unique=5",200,final_score,268,1
"hybrid","target_score=27;target_unique=5",200,final_score,269,3
"hybrid","target_score=27;target_unique=5",200,final_score,270,3
"hybrid","target_score=27;target_unique=5",200,final_score,271,2
"hybrid","target_score=27;target_unique=5",200,final_score,272,4
"hybrid","target_score=27;target_unique=5",200,final_score,274,3
"hybrid","target_score=27;target_unique=5",200,final_score,275,1
"hybrid","target_score=27;target_unique=5",200,final_score,276,2
"hybrid","target_score=27;target_unique=5",200,final_score,277,1
"hybrid","target_score=27;target_unique=5",200,final_score,278,2
"hybrid","target_score=27;target_unique=5",200,final_score,280,1
"hybrid","target_score=27;target_unique=5",200,final_score,281,2
"hybrid","target_score=27;target_unique=5",200,final_score,287,2
"hybrid","target_score=27;target_unique=5",200,final_score,290,1
"hybrid","target_score=27;target_unique=5",200,final_score,292,1
"hybrid","target_score=27;target_unique=5",200,final_score,306,1
"hybrid","target_score=27;target_unique=5",200,final_score,308,1
"hybrid","target_score=27;target_unique=5",200,final_score,334,1
"hybrid","target_score=27;target_unique=6",200,round_score,0,391828
"hybrid","target_score=27;target_unique=6",200,round_score,1,432
"hybrid","target_score=27;target_unique=6",200,round_score,2,1341
"hybrid","target_score=27;target_unique=6",200,round_score,3,1397
"hybrid","target_score=27;target_unique=6",200,round_score,4,2354
"hybrid","target_score=27;target_unique=6",200,round_score,5,2386
"hybrid","target_score=27;target_unique=6",200,round_score,6,3446
"hybrid","target_score=27;target_unique=6",200,round_score,7,3410
"hybrid","target_score=27;target_unique=6",200,round_score,8,4503
"hybrid","target_score=27;target_unique=6",200,round_score,9,4796
"hybrid","target_score=27;target_unique=6",200,round_score,10,5845
"hybrid","target_score=27;target_unique=6",200,round_score,11,6500
"hybrid","target_score=27;target_unique=6",200,round_score,12,7237
"hybrid","target_score=27;target_unique=6",200,round_score,13,2467
"hybrid","target_score=27;target_unique=6",200,round_score,14,2879
"hybrid","target_score=27;target_unique=6",200,round_score,15,3369
"hybrid","target_score=27;target_unique=6",200,round_score,16,3656
"hybrid","target_score=27;target_unique=6",200,round_score,17,3975
"hybrid","target_score=27;target_unique=6",200,round_score,18,4021
"hybrid","target_score=27;target_unique=6",200,round_score,19,4422
"hybrid","target_score=27;target_unique=6",200,round_score,20,4034
"hybrid","target_score=27;target_unique=6",200,round_score,21,4448
"hybrid","target_score=27;target_unique=6",200,round_score,22,3836
"hybrid","target_score=27;target_unique=6",200,round_score,23,4134
"hybrid","target_score=27;target_unique=6",200,round_score,24,3092
"hybrid","target_score=27;target_unique=6",200,round_score,25,3101
"hybrid","target_score=27;target_unique=6",200,round_score,26,3126
"hybrid","target_score=27;target_unique=6",200,round_score,27,84845
"hybrid","target_score=27;target_unique=6",200,round_score,28,80542
"hybrid","target_score=27;target_unique=6",200,round_score,29,76389
"hybrid","target_score=27;target_unique=6",200,round_score,30,74841
"hybrid","target_score=27;target_unique=6",200,round_score,31,62899
"hybrid","target_score=27;target_unique=6",200,round_score,32,55809
"hybrid","target_score=27;target_unique=6",200,round_score,33,50011
"hybrid","target_score=27;target_unique=6",200,round_score,34,37595
"hybrid","target_score=27;target_unique=6",200,round_score,35,27733
"hybrid","target_score=27;target_unique=6",200,round_score,36,26822
"hybrid","target_score=27;target_unique=6",200,round_score,37,15261
"hybrid","target_score=27;target_unique=6",200,round_score,38,13154
"hybrid","target_score=27;target_unique=6",200,round_score,39,1613
"hybrid","target_score=27;target_unique=6",200,round_score,40,5262
"hybrid","target_score=27;target_unique=6",200,round_score,41,1325
"hybrid","target_score=27;target_unique=6",200,round_score,42,5361
"hybrid","target_score=27;target_unique=6",200,round_score,43,1009
"hybrid","target_score=27;target_unique=6",200,round_score,44,3968
"hybrid","target_score=27;target_unique=6",200,round_score,45,856
"hybrid","target_score=27;target_unique=6",200,round_score,46,3852
"hybrid","target_score=27;target_unique=6",200,round_score,47,612
"hybrid","target_score=27;target_unique=6",200,round_score,48,2105
"hybrid","target_score=27;target_unique=6",200,round_score,49,379
"hybrid","target_score=27;target_unique=6",200,round_score,50,1901
"hybrid","target_score=27;target_unique=6",200,round_score,51,239
"hybrid","target_score=27;target_unique=6",200,round_score,52,1326
"hybrid","target_score=27;target_unique=6",200,round_score,53,148
"hybrid","target_score=27;target_unique=6",200,round_score,54,259
"hybrid","target_score=27;target_unique=6",200,round_score,55,88
"hybrid","target_score=27;target_unique=6",200,round_score,56,239
"hybrid","target_score=27;target_unique=6",200,round_score,57,73
"hybrid","target_score=27;target_unique=6",200,round_score,58,215
"hybrid","target_score=27;target_unique=6",200,round_score,59,43
"hybrid","target_score=27;target_unique=6",200,round_score,60,183
"hybrid","target_score=27;target_unique=6",200,round_score,61,54
"hybrid","target_score=27;target_unique=6",200,round_score,62,182
"hybrid","target_score=27;target_unique=6",200,round_score,63,62
"hybrid","target_score=27;target_unique=6",200,round_score,64,177
"hybrid","target_score=27;target_unique=6",200,round_score,65,45
"hybrid","target_score=27;target_unique=6",200,round_score,66,147
"hybrid","target_score=27;target_unique=6",200,round_score,67,47
"hybrid","target_score=27;target_unique=6",200,round_score,68,133
"hybrid","target_score=27;target_unique=6",200,round_score,69,28
"hybrid","target_score=27;target_unique=6",200,round_score,70,130
"hybrid","target_score=27;target_unique=6",200,round_score,71,19
"hybrid","target_score=27;target_unique=6",200,round_score,72,123
"hybrid","target_score=27;target_unique=6",200,round_score,73,9
"hybrid","target_score=27;target_unique=6",200,round_score,74,77
"hybrid","target_score=27;target_unique=6",200,round_score,75,2
"hybrid","target_score=27;target_unique=6",200,round_score,76,87
"hybrid","target_score=27;target_unique=6",200,round_score,77,7
"hybrid","target_score=27;target_unique=6",200,round_score,78,98
"hybrid","target_score=27;target_unique=6",200,round_score,79,2
"hybrid","target_score=27;target_unique=6",200,round_score,80,59
"hybrid","target_score=27;target_unique=6",200,round_score,82,44
"hybrid","target_score=27;target_unique=6",200,round_score,84,34
"hybrid","target_score=27;target_unique=6",200,round_score,86,24
"hybrid","target_score=27;target_unique=6",200,round_score,88,21
"hybrid","target_score=27;target_unique=6",200,round_score,89,1
"hybrid","target_score=27;target_unique=6",200,round_score,90,18
"hybrid","target_score=27;target_unique=6",200,round_score,91,1
"hybrid","target_score=27;target_unique=6",200,round_score,92,10
"hybrid","target_score=27;target_unique=6",200,round_score,93,1
"hybrid","target_score=27;target_unique=6",200,round_score,94,12
"hybrid","target_score=27;target_unique=6",200,round_score,95,1
"hybrid","target_score=27;target_unique=6",200,round_score,96,3
"hybrid","target_score=27;target_unique=6",200,round_score,97,1
"hybrid","target_score=27;target_unique=6",200,round_score,99,1
"hybrid","target_score=27;target_unique=6",200,round_score,100,3
"hybrid","target_score=27;target_unique=6",200,round_score,101,1
"hybrid","target_score=27;target_unique=6",200,round_score,102,1
"hybrid","target_score=27;target_unique=6",200,round_score,103,1
"hybrid","target_score=27;target_unique=6",200,round_score,104,1
"hybrid","target_score=27;target_unique=6",200,round_score,106,1
"hybrid","target_score=27;target_unique=6",200,round_score,107,2
"hybrid","target_score=27;target_unique=6",200,round_score,110,2
"hybrid","target_score=27;target_unique=6",200,round_score,114,2
"hybrid","target_score=27;target_unique=6",200,round_score,115,1
"hybrid","target_score=27;target_unique=6",200,round_score,118,1
"hybrid","target_score=27;target_unique=6",200,round_score,123,1
"hybrid","target_score=27;target_unique=6",200,round_score,127,1
"hybrid","target_score=27;target_unique=6",200,round_score,131,1
"hybrid","target_score=27;target_unique=6",200,round_score,133,2
"hybrid","target_score=27;target_unique=6",200,round_score,135,1
"hybrid","target_score=27;target_unique=6",200,round_end,bust,353464
"hybrid","target_score=27;target_unique=6",200,round_end,flip7,798
"hybrid","target_score=27;target_unique=6",200,round_end,freeze,134339
"hybrid","target_score=27;target_unique=6",200,round_end,finish,636072
"hybrid","target_score=27;target_unique=6",200,round_end,deck_exhausted,1
"hybrid","target_score=27;target_unique=6",200,final_score,200,3221
"hybrid","target_score=27;target_unique=6",200,final_score,201,3232
"hybrid","target_score=27;target_unique=6",200,final_score,202,3131
"hybrid","target_score=27;target_unique=6",200,final_score,203,3237
"hybrid","target_score=27;target_unique=6",200,final_score,204,3188
"hybrid","target_score=27;target_unique=6",200,final_score,205,3178
"hybrid","target_score=27;target_unique=6",200,final_score,206,3243
"hybrid","target_score=27;target_unique=6",200,final_score,207,3247
"hybrid","target_score=27;target_unique=6",200,final_score,208,3254
"hybrid","target_score=27;target_unique=6",200,final_score,209,3244
"hybrid","target_score=27;target_unique=6",200,final_score,210,3288
"hybrid","target_score=27;target_unique=6",200,final_score,211,3265
"hybrid","target_score=27;target_unique=6",200,final_score,212,3348
"hybrid","target_score=27;target_unique=6",200,final_score,213,3385
"hybrid","target_score=27;target_unique=6",200,final_score,214,3307
"hybrid","target_score=27;target_unique=6",200,final_score,215,3331
"hybrid","target_score=27;target_unique=6",200,final_score,216,3269
"hybrid","target_score=27;target_unique=6",200,final_score,217,3244
"hybrid","target_score=27;target_unique=6",200,final_score,218,3357
"hybrid","target_score=27;target_unique=6",200,final_score,219,3182
"hybrid","target_score=27;target_unique=6",200,final_score,220,3099
"hybrid","target_score=27;target_unique=6",200,final_score,221,3141
"hybrid","target_score=27;target_unique=6",200,final_score,222,3185
"hybrid","target_score=27;target_unique=6",200,final_score,223,3038
"hybrid","target_score=27;target_unique=6",200,final_score,224,3048
"hybrid","target_score=27;target_unique=6",200,final_score,225,2990
"hybrid","target_score=27;target_unique=6",200,final_score,226,3023
"hybrid","target_score=27;target_unique=6",200,final_score,227,2556
"hybrid","target_score=27;target_unique=6",200,final_score,228,2110
"hybrid","target_score=27;target_unique=6",200,final_score,229,1832
"hybrid","target_score=27;target_unique=6",200,final_score,230,1503
"hybrid","target_score=27;target_unique=6",200,final_score,231,1107
"hybrid","target_score=27;target_unique=6",200,final_score,232,894
"hybrid","target_score=27;target_unique=6",200,final_score,233,687
"hybrid","target_score=27;target_unique=6",200,final_score,234,502
"hybrid","target_score=27;target_unique=6",200,final_score,235,450
"hybrid","target_score=27;target_unique=6",200,final_score,236,291
"hybrid","target_score=27;target_unique=6",200,final_score,237,203
"hybrid","target_score=27;target_unique=6",200,final_score,238,148
"hybrid","target_score=27;target_unique=6",200,final_score,239,144
"hybrid","target_score=27;target_unique=6",200,final_score,240,116
"hybrid","target_score=27;target_unique=6",200,final_score,241,116
"hybrid","target_score=27;target_unique=6",200,final_score,242,95
"hybrid","target_score=27;target_unique=6",200,final_score,243,82
"hybrid","target_score=27;target_unique=6",200,final_score,244,74
"hybrid","target_score=27;target_unique=6",200,final_score,245,60
"hybrid","target_score=27;target_unique=6",200,final_score,246,44
"hybrid","target_score=27;target_unique=6",200,final_score,247,42
"hybrid","target_score=27;target_unique=6",200,final_score,248,33
"hybrid","target_score=27;target_unique=6",200,final_score,249,24
"hybrid","target_score=27;target_unique=6",200,final_score,250,19
"hybrid","target_score=27;target_unique=6",200,final_score,251,17
"hybrid","target_score=27;target_unique=6",200,final_score,252,13
"hybrid","target_score=27;target_unique=6",200,final_score,253,17
"hybrid","target_score=27;target_unique=6",200,final_score,254,11
"hybrid","target_score=27;target_unique=6",200,final_score,255,13
"hybrid","target_score=27;target_unique=6",200,final_score,256,9
"hybrid","target_score=27;target_unique=6",200,final_score,257,16
"hybrid","target_score=27;target_unique=6",200,final_score,258,11
"hybrid","target_score=27;target_unique=6",200,final_score,259,9
"hybrid","target_score=27;target_unique=6",200,final_score,260,5
"hybrid","target_score=27;target_unique=6",200,final_score,261,6
"hybrid","target_score=27;target_unique=6",200,final_score,262,7
"hybrid","target_score=27;target_unique=6",200,final_score,263,6
"hybrid","target_score=27;target_unique=6",200,final_score,264,7
"hybrid","target_score=27;target_unique=6",200,final_score,265,4
"hybrid","target_score=27;target_unique=6",200,final_score,266,2
"hybrid","target_score=27;target_unique=6",200,final_score,267,7
"hybrid","target_score=27;target_unique=6",200,final_score,268,1
"hybrid","target_score=27;target_unique=6",200,final_score,269,3
"hybrid","target_score=27;target_unique=6",200,final_score,270,4
"hybrid","target_score=27;target_unique=6",200,final_score,271,1
"hybrid","target_score=27;target_unique=6",200,final_score,272,4
"hybrid","target_score=27;target_unique=6",200,final_score,274,3
"hybrid","target_score=27;target_unique=6",200,final_score,275,1
"hybrid","target_score=27;target_unique=6",200,final_score,276,2
"hybrid","target_score=27;target_unique=6",200,final_score,277,1
"hybrid","target_score=27;target_unique=6",200,final_score,278,2
"hybrid","target_score=27;target_unique=6",200,final_score,280,1
"hybrid","target_score=27;target_unique=6",200,final_score,281,2
"hybrid","target_score=27;target_unique=6",200,final_score,287,2
"hybrid","target_score=27;target_unique=6",200,final_score,290,2
"hybrid","target_score=27;target_unique=6",200,final_score,292,1
"hybrid","target_score=27;target_unique=6",200,final_score,306,1
"hybrid","target_score=27;target_unique=6",200,final_score,308,1
"hybrid","target_score=27;target_unique=6",200,final_score,334,1
"hybrid","target_score=27;target_unique=7",200,round_score,0,391815
"hybrid","target_score=27;target_unique=7",200,round_score,1,432
"hybrid","target_score=27;target_unique=7",200,round_score,2,1340
"hybrid","target_score=27;target_unique=7",200,round_score,3,1398
"hybrid","target_score=27;target_unique=7",200,round_score,4,2355
"hybrid","target_score=27;target_unique=7",200,round_score,5,2385
"hybrid","target_score=27;target_unique=7",200,round_score,6,3447
"hybrid","target_score=27;target_unique=7",200,round_score,7,3411
"hybrid","target_score=27;target_unique=7",200,round_score,8,4508
"hybrid","target_score=27;target_unique=7",200,round_score,9,4799
"hybrid","target_score=27;target_unique=7",200,round_score,10,5848
"hybrid","target_score=27;target_unique=7",200,round_score,11,6501
"hybrid","target_score=27;target_unique=7",200,round_score,12,7233
"hybrid","target_score=27;target_unique=7",200,round_score,13,2464
"hybrid","target_score=27;target_unique=7",200,round_score,14,2881
"hybrid","target_score=27;target_unique=7",200,round_score,15,3364
"hybrid","target_score=27;target_unique=7",200,round_score,16,3657
"hybrid","target_score=27;target_unique=7",200,round_score,17,3971
"hybrid","target_score=27;target_unique=7",200,round_score,18,4020
"hybrid","target_score=27;target_unique=7",200,round_score,19,4418
"hybrid","target_score=27;target_unique=7",200,round_score,20,4030
"hybrid","target_score=27;target_unique=7",200,round_score,21,4432
"hybrid","target_score=27;target_unique=7",200,round_score,22,3815
"hybrid","target_score=27;target_unique=7",200,round_score,23,4107
"hybrid","target_score=27;target_unique=7",200,round_score,24,3054
"hybrid","target_score=27;target_unique=7",200,round_score,25,3030
"hybrid","target_score=27;target_unique=7",200,round_score,26,3041
"hybrid","target_score=27;target_unique=7",200,round_score,27,84832
"hybrid","target_score=27;target_unique=7",200,round_score,28,80537
"hybrid","target_score=27;target_unique=7",200,round_score,29,76368
"hybrid","target_score=27;target_unique=7",200,round_score,30,74819
"hybrid","target_score=27;target_unique=7",200,round_score,31,62901
"hybrid","target_score=27;target_unique=7",200,round_score,32,55814
"hybrid","target_score=27;target_unique=7",200,round_score,33,50011
"hybrid","target_score=27;target_unique=7",200,round_score,34,37595
"hybrid","target_score=27;target_unique=7",200,round_score,35,27726
"hybrid","target_score=27;target_unique=7",200,round_score,36,26810
"hybrid","target_score=27;target_unique=7",200,round_score,37,15265
"hybrid","target_score=27;target_unique=7",200,round_score,38,13151
"hybrid","target_score=27;target_unique=7",200,round_score,39,1614
"hybrid","target_score=27;target_unique=7",200,round_score,40,5263
"hybrid","target_score=27;target_unique=7",200,round_score,41,1326
"hybrid","target_score=27;target_unique=7",200,round_score,42,5366
"hybrid","target_score=27;target_unique=7",200,round_score,43,1014
"hybrid","target_score=27;target_unique=7",200,round_score,44,3980
"hybrid","target_score=27;target_unique=7",200,round_score,45,870
"hybrid","target_score=27;target_unique=7",200,round_score,46,3863
"hybrid","target_score=27;target_unique=7",200,round_score,47,627
"hybrid","target_score=27;target_unique=7",200,round_score,48,2128
"hybrid","target_score=27;target_unique=7",200,round_score,49,402
"hybrid","target_score=27;target_unique=7",200,round_score,50,1929
"hybrid","target_score=27;target_unique=7",200,round_score,51,262
"hybrid","target_score=27;target_unique=7",200,round_score,52,1347
"hybrid","target_score=27;target_unique=7",200,round_score,53,161
"hybrid","target_score=27;target_unique=7",200,round_score,54,259
"hybrid","target_score=27;target_unique=7",200,round_score,55,88
"hybrid","target_score=27;target_unique=7",200,round_score,56,239
"hybrid","target_score=27;target_unique=7",200,round_score,57,73
"hybrid","target_score=27;target_unique=7",200,round_score,58,215
"hybrid","target_score=27;target_unique=7",200,round_score,59,43
"hybrid","target_score=27;target_unique=7",200,round_score,60,183
"hybrid","target_score=27;target_unique=7",200,round_score,61,54
"hybrid","target_score=27;target_unique=7",200,round_score,62,182
"hybrid","target_score=27;target_unique=7",200,round_score,63,62
"hybrid","target_score=27;target_unique=7",200,round_score,64,177
"hybrid","target_score=27;target_unique=7",200,round_score,65,45
"hybrid","target_score=27;target_unique=7",200,round_score,66,147
"hybrid","target_score=27;target_unique=7",200,round_score,67,47
"hybrid","target_score=27;target_unique=7",200,round_score,68,132
"hybrid","target_score=27;target_unique=7",200,round_score,69,28
"hybrid","target_score=27;target_unique=7",200,round_score,70,130
"hybrid","target_score=27;target_unique=7",200,round_score,71,19
"hybrid","target_score=27;target_unique=7",200,round_score,72,123
"hybrid","target_score=27;target_unique=7",200,round_score,73,9
"hybrid","target_score=27;target_unique=7",200,round_score,74,76
"hybrid","target_score=27;target_unique=7",200,round_score,75,2
"hybrid","target_score=27;target_unique=7",200,round_score,76,87
"hybrid","target_score=27;target_unique=7",200,round_score,77,7
"hybrid","target_score=27;target_unique=7",200,round_score,78,98
"hybrid","target_score=27;target_unique=7",200,round_score,79,2
"hybrid","target_score=27;target_unique=7",200,round_score,80,60
"hybrid","target_score=27;target_unique=7",200,round_score,82,44
"hybrid","target_score=27;target_unique=7",200,round_score,84,34
"hybrid","target_score=27;target_unique=7",200,round_score,86,24
"hybrid","target_score=27;target_unique=7",200,round_score,88,21
"hybrid","target_score=27;target_unique=7",200,round_score,89,1
"hybrid","target_score=27;target_unique=7",200,round_score,90,18
"hybrid","target_score=27;target_unique=7",200,round_score,91,1
"hybrid","target_score=27;target_unique=7",200,round_score,92,10
"hybrid","target_score=27;target_unique=7",200,round_score,93,1
"hybrid","target_score=27;target_unique=7",200,round_score,94,12
"hybrid","target_score=27;target_unique=7",200,round_score,95,1
"hybrid","target_score=27;target_unique=7",200,round_score,96,3
"hybrid","target_score=27;target_unique=7",200,round_score,97,1
"hybrid","target_score=27;target_unique=7",200,round_score,99,1
"hybrid","target_score=27;target_unique=7",200,round_score,100,3
"hybrid","target_score=27;target_unique=7",200,round_score,101,1
"hybrid","target_score=27;target_unique=7",200,round_score,102,1
"hybrid","target_score=27;target_unique=7",200,round_score,103,1
"hybrid","target_score=27;target_unique=7",200,round_score,104,1
"hybrid","target_score=27;target_unique=7",200,round_score,106,1
"hybrid","target_score=27;target_unique=7",200,round_score,107,2
"hybrid","target_score=27;target_unique=7",200,round_score,110,2
"hybrid","target_score=27;target_unique=7",200,round_score,114,2
"hybrid","target_score=27;target_unique=7",200,round_score,115,1
"hybrid","target_score=27;target_unique=7",200,round_score,118,1
"hybrid","target_score=27;target_unique=7",200,round_score,123,1
"hybrid","target_score=27;target_unique=7",200,round_score,127,1
"hybrid","target_score=27;target_unique=7",200,round_score,131,1
"hybrid","target_score=27;target_unique=7",200,round_score,133,2
"hybrid","target_score=27;target_unique=7",200,round_score,135,1
"hybrid","target_score=27;target_unique=7",200,round_end,bust,353466
"hybrid","target_score=27;target_unique=7",200,round_end,flip7,995
"hybrid","target_score=27;target_unique=7",200,round_end,freeze,134330
"hybrid","target_score=27;target_unique=7",200,round_end,finish,635726
"hybrid","target_score=27;target_unique=7",200,round_end,deck_exhausted,1
"hybrid","target_score=27;target_unique=7",200,final_score,200,3224
"hybrid","target_score=27;target_unique=7",200,final_score,201,3230
"hybrid","target_score=27;target_unique=7",200,final_score,202,3129
"hybrid","target_score=27;target_unique=7",200,final_score,203,3236
"hybrid","target_score=27;target_unique=7",200,final_score,204,3187
"hybrid","target_score=27;target_unique=7",200,final_score,205,3173
"hybrid","target_score=27;target_unique=7",200,final_score,206,3246
"hybrid","target_score=27;target_unique=7",200,final_score,207,3240
"hybrid","target_score=27;target_unique=7",200,final_score,208,3246
"hybrid","target_score=27;target_unique=7",200,final_score,209,3236
"hybrid","target_score=27;target_unique=7",200,final_score,210,3286
"hybrid","target_score=27;target_unique=7",200,final_score,211,3266
"hybrid","target_score=27;target_unique=7",200,final_score,212,3346
"hybrid","target_score=27;target_unique=7",200,final_score,213,3378
"hybrid","target_score=27;target_unique=7",200,final_score,214,3298
"hybrid","target_score=27;target_unique=7",200,final_score,215,3337
"hybrid","target_score=27;target_unique=7",200,final_score,216,3276
"hybrid","target_score=27;target_unique=7",200,final_score,217,3248
"hybrid","target_score=27;target_unique=7",200,final_score,218,3357
"hybrid","target_score=27;target_unique=7",200,final_score,219,3181
"hybrid","target_score=27;target_unique=7",200,final_score,220,3098
"hybrid","target_score=27;target_unique=7",200,final_score,221,3143
"hybrid","target_score=27;target_unique=7",200,final_score,222,3181
"hybrid","target_score=27;target_unique=7",200,final_score,223,3043
"hybrid","target_score=27;target_unique=7",200,final_score,224,3056
"hybrid","target_score=27;target_unique=7",200,final_score,225,2989
"hybrid","target_score=27;target_unique=7",200,final_score,226,3029
"hybrid","target_score=27;target_unique=7",200,final_score,227,2552
"hybrid","target_score=27;target_unique=7",200,final_score,228,2112
"hybrid","target_score=27;target_unique=7",200,final_score,229,1836
"hybrid","target_score=27;target_unique=7",200,final_score,230,1504
"hybrid","target_score=27;target_unique=7",200,final_score,231,1104
"hybrid","target_score=27;target_unique=7",200,final_score,232,897
"hybrid","target_score=27;target_unique=7",200,final_score,233,691
"hybrid","target_score=27;target_unique=7",200,final_score,234,503
"hybrid","target_score=27;target_unique=7",200,final_score,235,450
"hybrid","target_score=27;target_unique=7",200,final_score,236,293
"hybrid","target_score=27;target_unique=7",200,final_score,237,205
"hybrid","target_score=27;target_unique=7",200,final_score,238,151
"hybrid","target_score=27;target_unique=7",200,final_score,239,143
"hybrid","target_score=27;target_unique=7",200,final_score,240,115
"hybrid","target_score=27;target_unique=7",200,final_score,241,116
"hybrid","target_score=27;target_unique=7",200,final_score,242,98
"hybrid","target_score=27;target_unique=7",200,final_score,243,82
"hybrid","target_score=27;target_unique=7",200,final_score,244,75
"hybrid","target_score=27;target_unique=7",200,final_score,245,61
"hybrid","target_score=27;target_unique=7",200,final_score,246,44
"hybrid","target_score=27;target_unique=7",200,final_score,247,42
"hybrid","target_score=27;target_unique=7",200,final_score,248,33
"hybrid","target_score=27;target_unique=7",200,final_score,249,24
"hybrid","target_score=27;target_unique=7",200,final_score,250,19
"hybrid","target_score=27;target_unique=7",200,final_score,251,17
"hybrid","target_score=27;target_unique=7",200,final_score,252,13
"hybrid","target_score=27;target_unique=7",200,final_score,253,17
"hybrid","target_score=27;target_unique=7",200,final_score,254,11
"hybrid","target_score=27;target_unique=7",200,final_score,255,13
"hybrid","target_score=27;target_unique=7",200,final_score,256,9
"hybrid","target_score=27;target_unique=7",200,final_score,257,16
"hybrid","target_score=27;target_unique=7",200,final_score,258,11
"hybrid","target_score=27;target_unique=7",200,final_score,259,8
"hybrid","target_score=27;target_unique=7",200,final_score,260,5
"hybrid","target_score=27;target_unique=7",200,final_score,261,6
"hybrid","target_score=27;target_unique=7",200,final_score,262,7
"hybrid","target_score=27;target_unique=7",200,final_score,263,6
"hybrid","target_score=27;target_unique=7",200,final_score,264,7
"hybrid","target_score=27;target_unique=7",200,final_score,265,4
"hybrid","target_score=27;target_unique=7",200,final_score,266,2
"hybrid","target_score=27;target_unique=7",200,final_score,267,6
"hybrid","target_score=27;target_unique=7",200,final_score,268,1
"hybrid","target_score=27;target_unique=7",200,final_score,269,3
"hybrid","target_score=27;target_unique=7",200,final_score,270,4
"hybrid","target_score=27;target_unique=7",200,final_score,271,1
"hybrid","target_score=27;target_unique=7",200,final_score,272,4
"hybrid","target_score=27;target_unique=7",200,final_score,274,3
"hybrid","target_score=27;target_unique=7",200,final_score,275,1
"hybrid","target_score=27;target_unique=7",200,final_score,276,2
"hybrid","target_score=27;target_unique=7",200,final_score,277,1
"hybrid","target_score=27;target_unique=7",200,final_score,278,2
"hybrid","target_score=27;target_unique=7",200,final_score,280,1
"hybrid","target_score=27;target_unique=7",200,final_score,281,2
"hybrid","target_score=27;target_unique=7",200,final_score,287,2
"hybrid","target_score=27;target_unique=7",200,final_score,290,2
"hybrid","target_score=27;target_unique=7",200,final_score,292,1
"hybrid","target_score=27;target_unique=7",200,final_score,306,1
"hybrid","target_score=27;target_unique=7",200,final_score,308,1
"hybrid","target_score=27;target_unique=7",200,final_score,334,1
"hybrid","target_score=28;target_unique=3",200,round_score,0,300594
"hybrid","target_score=28;target_unique=3",200,round_score,1,479
"hybrid","target_score=28;target_unique=3",200,round_score,2,1413
"hybrid","target_score=28;target_unique=3",200,round_score,3,1434
"hybrid","target_score=28;target_unique=3",200,round_score,4,2402
"hybrid","target_score=28;target_unique=3",200,round_score,5,2553
"hybrid","target_score=28;target_unique=3",200,round_score,6,3619
"hybrid","target_score=28;target_unique=3",200,round_score,7,3911
"hybrid","target_score=28;target_unique=3",200,round_score,8,5225
"hybrid","target_score=28;target_unique=3",200,round_score,9,6039
"hybrid","target_score=28;target_unique=3",200,round_score,10,7579
"hybrid","target_score=28;target_unique=3",200,round_score,11,9144
"hybrid","target_score=28;target_unique=3",200,round_score,12,11319
"hybrid","target_score=28;target_unique=3",200,round_score,13,7949
"hybrid","target_score=28;target_unique=3",200,round_score,14,10154
"hybrid","target_score=28;target_unique=3",200,round_score,15,13883
"hybrid","target_score=28;target_unique=3",200,round_score,16,16930
"hybrid","target_score=28;target_unique=3",200,round_score,17,21550
"hybrid","target_score=28;target_unique=3",200,round_score,18,26110
"hybrid","target_score=28;target_unique=3",200,round_score,19,31142
"hybrid","target_score=28;target_unique=3",200,round_score,20,34823
"hybrid","target_score=28;target_unique=3",200,round_score,21,42188
"hybrid","target_score=28;target_unique=3",200,round_score,22,44458
"hybrid","target_score=28;target_unique=3",200,round_score,23,49820
"hybrid","target_score=28;target_unique=3",200,round_score,24,51692
"hybrid","target_score=28;target_unique=3",200,round_score,25,52937
"hybrid","target_score=28;target_unique=3",200,round_score,26,51506
"hybrid","target_score=28;target_unique=3",200,round_score,27,54187
"hybrid","target_score=28;target_unique=3",200,round_score,28,55347
"hybrid","target_score=28;target_unique=3",200,round_score,29,50499
"hybrid","target_score=28;target_unique=3",200,round_score,30,45176
"hybrid","target_score=28;target_unique=3",200,round_score,31,35305
"hybrid","target_score=28;target_unique=3",200,round_score,32,26108
"hybrid","target_score=28;target_unique=3",200,round_score,33,23808
"hybrid","target_score=28;target_unique=3",200,round_score,34,11462
"hybrid","target_score=28;target_unique=3",200,round_score,35,7095
"hybrid","target_score=28;target_unique=3",200,round_score,36,8858
"hybrid","target_score=28;target_unique=3",200,round_score,37,4555
"hybrid","target_score=28;target_unique=3",200,round_score,38,7062
"hybrid","target_score=28;target_unique=3",200,round_score,39,2199
"hybrid","target_score=28;target_unique=3",200,round_score,40,4608
"hybrid","target_score=28;target_unique=3",200,round_score,41,1119
"hybrid","target_score=28;target_unique=3",200,round_score,42,4564
"hybrid","target_score=28;target_unique=3",200,round_score,43,743
"hybrid","target_score=28;target_unique=3",200,round_score,44,2983
"hybrid","target_score=28;target_unique=3",200,round_score,45,559
"hybrid","target_score=28;target_unique=3",200,round_score,46,2932
"hybrid","target_score=28;target_unique=3",200,round_score,47,382
"hybrid","target_score=28;target_unique=3",200,round_score,48,1051
"hybrid","target_score=28;target_unique=3",200,round_score,49,213
"hybrid","target_score=28;target_unique=3",200,round_score,50,857
"hybrid","target_score=28;target_unique=3",200,round_score,51,81
"hybrid","target_score=28;target_unique=3",200,round_score,52,348
"hybrid","target_score=28;target_unique=3",200,round_score,53,49
"hybrid","target_score=28;target_unique=3",200,round_score,54,303
"hybrid","target_score=28;target_unique=3",200,round_score,55,35
"hybrid","target_score=28;target_unique=3",200,round_score,56,187
"hybrid","target_score=28;target_unique=3",200,round_score,57,23
"hybrid","target_score=28;target_unique=3",200,round_score,58,163
"hybrid","target_score=28;target_unique=3",200,round_score,59,9
"hybrid","target_score=28;target_unique=3",200,round_score,60,141
"hybrid","target_score=28;target_unique=3",200,round_score,61,10
"hybrid","target_score=28;target_unique=3",200,round_score,62,132
"hybrid","target_score=28;target_unique=3",200,round_score,63,8
"hybrid","target_score=28;target_unique=3",200,round_score,64,129
"hybrid","target_score=28;target_unique=3",200,round_score,65,9
"hybrid","target_score=28;target_unique=3",200,round_score,66,120
"hybrid","target_score=28;target_unique=3",200,round_score,67,3
"hybrid","target_score=28;target_unique=3",200,round_score,68,106
"hybrid","target_score=28;target_unique=3",200,round_score,69,5
"hybrid","target_score=28;target_unique=3",200,round_score,70,75
"hybrid","target_score=28;target_unique=3",200,round_score,71,4
"hybrid","target_score=28;target_unique=3",200,round_score,72,92
"hybrid","target_score=28;target_unique=3",200,round_score,73,3
"hybrid","target_score=28;target_unique=3",200,round_score,74,59
"hybrid","target_score=28;target_unique=3",200,round_score,75,1
"hybrid","target_score=28;target_unique=3",200,round_score,76,62
"hybrid","target_score=28;target_unique=3",200,round_score,77,5
"hybrid","target_score=28;target_unique=3",200,round_score,78,62
"hybrid","target_score=28;target_unique=3",200,round_score,80,28
"hybrid","target_score=28;target_unique=3",200,round_score,81,1
"hybrid","target_score=28;target_unique=3",200,round_score,82,28
"hybrid","target_score=28;target_unique=3",200,round_score,84,21
"hybrid","target_score=28;target_unique=3",200,round_score,86,15
"hybrid","target_score=28;target_unique=3",200,round_score,88,14
"hybrid","target_score=28;target_unique=3",200,round_score,90,13
"hybrid","target_score=28;target_unique=3",200,round_score,92,6
"hybrid","target_score=28;target_unique=3",200,round_score,94,7
"hybrid","target_score=28;target_unique=3",200,round_score,96,2
"hybrid","target_score=28;target_unique=3",200,round_score,98,2
"hybrid","target_score=28;target_unique=3",200,round_score,100,3
"hybrid","target_score=28;target_unique=3",200,round_score,104,1
"hybrid","target_score=28;target_unique=3",200,round_score,106,1
"hybrid","target_score=28;target_unique=3",200,round_score,108,2
"hybrid","target_score=28;target_unique=3",200,round_score,110,1
"hybrid","target_score=28;target_unique=3",200,round_score,123,1
"hybrid","target_score=28;target_unique=3",200,round_end,bust,260700
"hybrid","target_score=28;target_unique=3",200,round_end,flip7,107
"hybrid","target_score=28;target_unique=3",200,round_end,freeze,120054
"hybrid","target_score=28;target_unique=3",200,round_end,finish,784034
"hybrid","target_score=28;target_unique=3",200,round_end,deck_exhausted,0
"hybrid","target_score=28;target_unique=3",200,final_score,200,4015
"hybrid","target_score=28;target_unique=3",200,final_score,201,4046
"hybrid","target_score=28;target_unique=3",200,final_score,202,4036
"hybrid","target_score=28;target_unique=3",200,final_score,203,4002
"hybrid","target_score=28;target_unique=3",200,final_score,204,4201
"hybrid","target_score=28;target_unique=3",200,final_score,205,4056
"hybrid","target_score=28;target_unique=3",200,final_score,206,4067
"hybrid","target_score=28;target_unique=3",200,final_score,207,4056
"hybrid","target_score=28;target_unique=3",200,final_score,208,3881
"hybrid","target_score=28;target_unique=3",200,final_score,209,3886
"hybrid","target_score=28;target_unique=3",200,final_score,210,3907
"hybrid","target_score=28;target_unique=3",200,final_score,211,4007
"hybrid","target_score=28;target_unique=3",200,final_score,212,3837
"hybrid","target_score=28;target_unique=3",200,final_score,213,3789
"hybrid","target_score=28;target_unique=3",200,final_score,214,3752
"hybrid","target_score=28;target_unique=3",200,final_score,215,3535
"hybrid","target_score=28;target_unique=3",200,final_score,216,3552
"hybrid","target_score=28;target_unique=3",200,final_score,217,3469
"hybrid","target_score=28;target_unique=3",200,final_score,218,3353
"hybrid","target_score=28;target_unique=3",200,final_score,219,3276
"hybrid","target_score=28;target_unique=3",200,final_score,220,2966
"hybrid","target_score=28;target_unique=3",200,final_score,221,2839
"hybrid","target_score=28;target_unique=3",200,final_score,222,2568
"hybrid","target_score=28;target_unique=3",200,final_score,223,2300
"hybrid","target_score=28;target_unique=3",200,final_score,224,2180
"hybrid","target_score=28;target_unique=3",200,final_score,225,1895
"hybrid","target_score=28;target_unique=3",200,final_score,226,1584
"hybrid","target_score=28;target_unique=3",200,final_score,227,1430
"hybrid","target_score=28;target_unique=3",200,final_score,228,1189
"hybrid","target_score=28;target_unique=3",200,final_score,229,846
"hybrid","target_score=28;target_unique=3",200,final_score,230,711
"hybrid","target_score=28;target_unique=3",200,final_score,231,504
"hybrid","target_score=28;target_unique=3",200,final_score,232,431
"hybrid","target_score=28;target_unique=3",200,final_score,233,284
"hybrid","target_score=28;target_unique=3",200,final_score,234,244
"hybrid","target_score=28;target_unique=3",200,final_score,235,197
"hybrid","target_score=28;target_unique=3",200,final_score,236,159
"hybrid","target_score=28;target_unique=3",200,final_score,237,128
"hybrid","target_score=28;target_unique=3",200,final_score,238,119
"hybrid","target_score=28;target_unique=3",200,final_score,239,113
"hybrid","target_score=28;target_unique=3",200,final_score,240,88
"hybrid","target_score=28;target_unique=3",200,final_score,241,78
"hybrid","target_score=28;target_unique=3",200,final_score,242,45
"hybrid","target_score=28;target_unique=3",200,final_score,243,68
"hybrid","target_score=28;target_unique=3",200,final_score,244,36
"hybrid","target_score=28;target_unique=3",200,final_score,245,43
"hybrid","target_score=28;target_unique=3",200,final_score,246,25
"hybrid","target_score=28;target_unique=3",200,final_score,247,20
"hybrid","target_score=28;target_unique=3",200,final_score,248,29
"hybrid","target_score=28;target_unique=3",200,final_score,249,16
"hybrid","target_score=28;target_unique=3",200,final_score,250,11
"hybrid","target_score=28;target_unique=3",200,final_score,251,12
"hybrid","target_score=28;target_unique=3",200,final_score,252,11
"hybrid","target_score=28;target_unique=3",200,final_score,253,9
"hybrid","target_score=28;target_unique=3",200,final_score,254,9
"hybrid","target_score=28;target_unique=3",200,final_score,255,7
"hybrid","target_score=28;target_unique=3",200,final_score,256,4
"hybrid","target_score=28;target_unique=3",200,final_score,257,10
"hybrid","target_score=28;target_unique=3",200,final_score,258,8
"hybrid","target_score=28;target_unique=3",200,final_score,259,8
"hybrid","target_score=28;target_unique=3",200,final_score,260,4
"hybrid","target_score=28;target_unique=3",200,final_score,261,4
"hybrid","target_score=28;target_unique=3",200,final_score,262,4
"hybrid","target_score=28;target_unique=3",200,final_score,263,4
"hybrid","target_score=28;target_unique=3",200,final_score,264,2
"hybrid","target_score=28;target_unique=3",200,final_score,265,7
"hybrid","target_score=28;target_unique=3",200,final_score,266,1
"hybrid","target_score=28;target_unique=3",200,final_score,267,2
"hybrid","target_score=28;target_unique=3",200,final_score,268,2
"hybrid","target_score=28;target_unique=3",200,final_score,269,2
"hybrid","target_score=28;target_unique=3",200,final_score,270,2
"hybrid","target_score=28;target_unique=3",200,final_score,271,2
"hybrid","target_score=28;target_unique=3",200,final_score,273,3
"hybrid","target_score=28;target_unique=3",200,final_score,274,1
"hybrid","target_score=28;target_unique=3",200,final_score,275,3
"hybrid","target_score=28;target_unique=3",200,final_score,277,1
"hybrid","target_score=28;target_unique=3",200,final_score,278,1
"hybrid","target_score=28;target_unique=3",200,final_score,279,2
"hybrid","target_score=28;target_unique=3",200,final_score,281,1
"hybrid","target_score=28;target_unique=3",200,final_score,282,1
"hybrid","target_score=28;target_unique=3",200,final_score,283,1
"hybrid","target_score=28;target_unique=3",200,final_score,289,1
"hybrid","target_score=28;target_unique=3",200,final_score,303,1
"hybrid","target_score=28;target_unique=3",200,final_score,307,1
"hybrid","target_score=28;target_unique=4",200,round_score,0,393387
"hybrid","target_score=28;target_unique=4",200,round_score,1,428
"hybrid","target_score=28;target_unique=4",200,round_score,2,1335
"hybrid","target_score=28;target_unique=4",200,round_score,3,1435
"hybrid","target_score=28;target_unique=4",200,round_score,4,2307
"hybrid","target_score=28;target_unique=4",200,round_score,5,2460
"hybrid","target_score=28;target_unique=4",200,round_score,6,3439
"hybrid","target_score=28;target_unique=4",200,round_score,7,3527
"hybrid","target_score=28;target_unique=4",200,round_score,8,4641
"hybrid","target_score=28;target_unique=4",200,round_score,9,4920
"hybrid","target_score=28;target_unique=4",200,round_score,10,5917
"hybrid","target_score=28;target_unique=4",200,round_score,11,6595
"hybrid","target_score=28;target_unique=4",200,round_score,12,7427
"hybrid","target_score=28;target_unique=4",200,round_score,13,2777
"hybrid","target_score=28;target_unique=4",200,round_score,14,3318
"hybrid","target_score=28;target_unique=4",200,round_score,15,3954
"hybrid","target_score=28;target_unique=4",200,round_score,16,4653
"hybrid","target_score=28;target_unique=4",200,round_score,17,5310
"hybrid","target_score=28;target_unique=4",200,round_score,18,6122
"hybrid","target_score=28;target_unique=4",200,round_score,19,7190
"hybrid","target_score=28;target_unique=4",200,round_score,20,7984
"hybrid","target_score=28;target_unique=4",200,round_score,21,9729
"hybrid","target_score=28;target_unique=4",200,round_score,22,10820
"hybrid","target_score=28;target_unique=4",200,round_score,23,12784
"hybrid","target_score=28;target_unique=4",200,round_score,24,14398
"hybrid","target_score=28;target_unique=4",200,round_score,25,16291
"hybrid","target_score=28;target_unique=4",200,round_score,26,19688
"hybrid","target_score=28;target_unique=4",200,round_score,27,22194
"hybrid","target_score=28;target_unique=4",200,round_score,28,78313
"hybrid","target_score=28;target_unique=4",200,round_score,29,75058
"hybrid","target_score=28;target_unique=4",200,round_score,30,72942
"hybrid","target_score=28;target_unique=4",200,round_score,31,61782
"hybrid","target_score=28;target_unique=4",200,round_score,32,53935
"hybrid","target_score=28;target_unique=4",200,round_score,33,48913
"hybrid","target_score=28;target_unique=4",200,round_score,34,35822
"hybrid","target_score=28;target_unique=4",200,round_score,35,27571
"hybrid","target_score=28;target_unique=4",200,round_score,36,25836
"hybrid","target_score=28;target_unique=4",200,round_score,37,16907
"hybrid","target_score=28;target_unique=4",200,round_score,38,15931
"hybrid","target_score=28;target_unique=4",200,round_score,39,6194
"hybrid","target_score=28;target_unique=4",200,round_score,40,5235
"hybrid","target_score=28;target_unique=4",200,round_score,41,1328
"hybrid","target_score=28;target_unique=4",200,round_score,42,5248
"hybrid","target_score=28;target_unique=4",200,round_score,43,1036
"hybrid","target_score=28;target_unique=4",200,round_score,44,3908
"hybrid","target_score=28;target_unique=4",200,round_score,45,854
"hybrid","target_score=28;target_unique=4",200,round_score,46,3726
"hybrid","target_score=28;target_unique=4",200,round_score,47,632
"hybrid","target_score=28;target_unique=4",200,round_score,48,2024
"hybrid","target_score=28;target_unique=4",200,round_score,49,407
"hybrid","target_score=28;target_unique=4",200,round_score,50,1751
"hybrid","target_score=28;target_unique=4",200,round_score,51,255
"hybrid","target_score=28;target_unique=4",200,round_score,52,1106
"hybrid","target_score=28;target_unique=4",200,round_score,53,160
"hybrid","target_score=28;target_unique=4",200,round_score,54,992
"hybrid","target_score=28;target_unique=4",200,round_score,55,82
"hybrid","target_score=28;target_unique=4",200,round_score,56,231
"hybrid","target_score=28;target_unique=4",200,round_score,57,59
"hybrid","target_score=28;target_unique=4",200,round_score,58,178
"hybrid","target_score=28;target_unique=4",200,round_score,59,11
"hybrid","target_score=28;target_unique=4",200,round_score,60,153
"hybrid","target_score=28;target_unique=4",200,round_score,61,9
"hybrid","target_score=28;target_unique=4",200,round_score,62,139
"hybrid","target_score=28;target_unique=4",200,round_score,63,18
"hybrid","target_score=28;target_unique=4",200,round_score,64,144
"hybrid","target_score=28;target_unique=4",200,round_score,65,13
"hybrid","target_score=28;target_unique=4",200,round_score,66,128
"hybrid","target_score=28;target_unique=4",200,round_score,67,17
"hybrid","target_score=28;target_unique=4",200,round_score,68,121
"hybrid","target_score=28;target_unique=4",200,round_score,69,7
"hybrid","target_score=28;target_unique=4",200,round_score,70,119
"hybrid","target_score=28;target_unique=4",200,round_score,71,15
"hybrid","target_score=28;target_unique=4",200,round_score,72,110
"hybrid","target_score=28;target_unique=4",200,round_score,73,7
"hybrid","target_score=28;target_unique=4",200,round_score,74,83
"hybrid","target_score=28;target_unique=4",200,round_score,75,6
"hybrid","target_score=28;target_unique=4",200,round_score,76,83
"hybrid","target_score=28;target_unique=4",200,round_score,77,6
"hybrid","target_score=28;target_unique=4",200,round_score,78,96
"hybrid","target_score=28;target_unique=4",200,round_score,79,2
"hybrid","target_score=28;target_unique=4",200,round_score,80,54
"hybrid","target_score=28;target_unique=4",200,round_score,82,50
"hybrid","target_score=28;target_unique=4",200,round_score,84,38
"hybrid","target_score=28;target_unique=4",200,round_score,86,31
"hybrid","target_score=28;target_unique=4",200,round_score,88,19
"hybrid","target_score=28;target_unique=4",200,round_score,89,1
"hybrid","target_score=28;target_unique=4",200,round_score,90,21
"hybrid","target_score=28;target_unique=4",200,round_score,91,2
"hybrid","target_score=28;target_unique=4",200,round_score,92,9
"hybrid","target_score=28;target_unique=4",200,round_score,94,14
"hybrid","target_score=28;target_unique=4",200,round_score,96,2
"hybrid","target_score=28;target_unique=4",200,round_score,99,1
"hybrid","target_score=28;target_unique=4",200,round_score,100,1
"hybrid","target_score=28;target_unique=4",200,round_score,102,2
"hybrid","target_score=28;target_unique=4",200,round_score,104,1
"hybrid","target_score=28;target_unique=4",200,round_score,106,2
"hybrid","target_score=28;target_unique=4",200,round_score,107,1
"hybrid","target_score=28;target_unique=4",200,round_score,110,3
"hybrid","target_score=28;target_unique=4",200,round_score,114,1
"hybrid","target_score=28;target_unique=4",200,round_score,115,1
"hybrid","target_score=28;target_unique=4",200,round_score,117,1
"hybrid","target_score=28;target_unique=4",200,round_score,118,1
"hybrid","target_score=28;target_unique=4",200,round_score,123,2
"hybrid","target_score=28;target_unique=4",200,round_score,133,1
"hybrid","target_score=28;target_unique=4",200,round_end,bust,354695
"hybrid","target_score=28;target_unique=4",200,round_end,flip7,230
"hybrid","target_score=28;target_unique=4",200,round_end,freeze,134774
"hybrid","target_score=28;target_unique=4",200,round_end,finish,645293
"hybrid","target_score=28;target_unique=4",200,round_end,deck_exhausted,0
"hybrid","target_score=28;target_unique=4",200,final_score,183,1
"hybrid","target_score=28;target_unique=4",200,final_score,200,3394
"hybrid","target_score=28;target_unique=4",200,final_score,201,3361
"hybrid","target_score=28;target_unique=4",200,final_score,202,3325
"hybrid","target_score=28;target_unique=4",200,final_score,203,3505
"hybrid","target_score=28;target_unique=4",200,final_score,204,3351
"hybrid","target_score=28;target_unique=4",200,final_score,205,3400
"hybrid","target_score=28;target_unique=4",200,final_score,206,3244
"hybrid","target_score=28;target_unique=4",200,final_score,207,3365
"hybrid","target_score=28;target_unique=4",200,final_score,208,3396
"hybrid","target_score=28;target_unique=4",200,final_score,209,3285
"hybrid","target_score=28;target_unique=4",200,final_score,210,3279
"hybrid","target_score=28;target_unique=4",200,final_score,211,3392
"hybrid","target_score=28;target_unique=4",200,final_score,212,3354
"hybrid","target_score=28;target_unique=4",200,final_score,213,3302
"hybrid","target_score=28;target_unique=4",200,final_score,214,3289
"hybrid","target_score=28;target_unique=4",200,final_score,215,3328
"hybrid","target_score=28;target_unique=4",200,final_score,216,3192
"hybrid","target_score=28;target_unique=4",200,final_score,217,3191
"hybrid","target_score=28;target_unique=4",200,final_score,218,3302
"hybrid","target_score=28;target_unique=4",200,final_score,219,3155
"hybrid","target_score=28;target_unique=4",200,final_score,220,3123
"hybrid","target_score=28;target_unique=4",200,final_score,221,2939
"hybrid","target_score=28;target_unique=4",200,final_score,222,2983
"hybrid","target_score=28;target_unique=4",200,final_score,223,2919
"hybrid","target_score=28;target_unique=4",200,final_score,224,2732
"hybrid","target_score=28;target_unique=4",200,final_score,225,2768
"hybrid","target_score=28;target_unique=4",200,final_score,226,2599
"hybrid","target_score=28;target_unique=4",200,final_score,227,2485
"hybrid","target_score=28;target_unique=4",200,final_score,228,2129
"hybrid","target_score=28;target_unique=4",200,final_score,229,1782
"hybrid","target_score=28;target_unique=4",200,final_score,230,1517
"hybrid","target_score=28;target_unique=4",200,final_score,231,1215
"hybrid","target_score=28;target_unique=4",200,final_score,232,920
"hybrid","target_score=28;target_unique=4",200,final_score,233,709
"hybrid","target_score=28;target_unique=4",200,final_score,234,589
"hybrid","target_score=28;target_unique=4",200,final_score,235,448
"hybrid","target_score=28;target_unique=4",200,final_score,236,332
"hybrid","target_score=28;target_unique=4",200,final_score,237,245
"hybrid","target_score=28;target_unique=4",200,final_score,238,192
"hybrid","target_score=28;target_unique=4",200,final_score,239,129
"hybrid","target_score=28;target_unique=4",200,final_score,240,108
"hybrid","target_score=28;target_unique=4",200,final_score,241,103
"hybrid","target_score=28;target_unique=4",200,final_score,242,73
"hybrid","target_score=28;target_unique=4",200,final_score,243,81
"hybrid","target_score=28;target_unique=4",200,final_score,244,71
"hybrid","target_score=28;target_unique=4",200,final_score,245,53
"hybrid","target_score=28;target_unique=4",200,final_score,246,37
"hybrid","target_score=28;target_unique=4",200,final_score,247,41
"hybrid","target_score=28;target_unique=4",200,final_score,248,32
"hybrid","target_score=28;target_unique=4",200,final_score,249,36
"hybrid","target_score=28;target_unique=4",200,final_score,250,18
"hybrid","target_score=28;target_unique=4",200,final_score,251,20
"hybrid","target_score=28;target_unique=4",200,final_score,252,14
"hybrid","target_score=28;target_unique=4",200,final_score,253,16
"hybrid","target_score=28;target_unique=4",200,final_score,254,8
"hybrid","target_score=28;target_unique=4",200,final_score,255,8
"hybrid","target_score=28;target_unique=4",200,final_score,256,8
"hybrid","target_score=28;target_unique=4",200,final_score,257,5
"hybrid","target_score=28;target_unique=4",200,final_score,258,8
"hybrid","target_score=28;target_unique=4",200,final_score,259,10
"hybrid","target_score=28;target_unique=4",200,final_score,260,6
"hybrid","target_score=28;target_unique=4",200,final_score,261,9
"hybrid","target_score=28;target_unique=4",200,final_score,262,6
"hybrid","target_score=28;target_unique=4",200,final_score,263,8
"hybrid","target_score=28;target_unique=4",200,final_score,264,7
"hybrid","target_score=28;target_unique=4",200,final_score,265,7
"hybrid","target_score=28;target_unique=4",200,final_score,266,1
"hybrid","target_score=28;target_unique=4",200,final_score,267,4
"hybrid","target_score=28;target_unique=4",200,final_score,268,2
"hybrid","target_score=28;target_unique=4",200,final_score,269,2
"hybrid","target_score=28;target_unique=4",200,final_score,270,4
"hybrid","target_score=28;target_unique=4",200,final_score,271,3
"hybrid","target_score=28;target_unique=4",200,final_score,272,2
"hybrid","target_score=28;target_unique=4",200,final_score,273,2
"hybrid","target_score=28;target_unique=4",200,final_score,274,3
"hybrid","target_score=28;target_unique=4",200,final_score,275,3
"hybrid","target_score=28;target_unique=4",200,final_score,276,3
"hybrid","target_score=28;target_unique=4",200,final_score,277,1
"hybrid","target_score=28;target_unique=4",200,final_score,278,2
"hybrid","target_score=28;target_unique=4",200,final_score,279,1
"hybrid","target_score=28;target_unique=4",200,final_score,282,1
"hybrid","target_score=28;target_unique=4",200,final_score,286,1
"hybrid","target_score=28;target_unique=4",200,final_score,287,1
"hybrid","target_score=28;target_unique=4",200,final_score,288,1
"hybrid","target_score=28;target_unique=4",200,final_score,292,1
"hybrid","target_score=28;target_unique=4",200,final_score,303,1
"hybrid","target_score=28;target_unique=4",200,final_score,304,1
"hybrid","target_score=28;target_unique=4",200,final_score,306,1
"hybrid","target_score=28;target_unique=5",200,round_score,0,413593
"hybrid","target_score=28;target_unique=5",200,round_score,1,435
"hybrid","target_score=28;target_unique=5",200,round_score,2,1372
"hybrid","target_score=28;target_unique=5",200,round_score,3,1415
"hybrid","target_score=28;target_unique=5",200,round_score,4,2338
"hybrid","target_score=28;target_unique=5",200,round_score,5,2428
"hybrid","target_score=28;target_unique=5",200,round_score,6,3471
"hybrid","target_score=28;target_unique=5",200,round_score,7,3474
"hybrid","target_score=28;target_unique=5",200,round_score,8,4556
"hybrid","target_score=28;target_unique=5",200,round_score,9,4857
"hybrid","target_score=28;target_unique=5",200,round_score,10,5873
"hybrid","target_score=28;target_unique=5",200,round_score,11,6553
"hybrid","target_score=28;target_unique=5",200,round_score,12,7307
"hybrid","target_score=28;target_unique=5",200,round_score,13,2523
"hybrid","target_score=28;target_unique=5",200,round_score,14,2924
"hybrid","target_score=28;target_unique=5",200,round_score,15,3404
"hybrid","target_score=28;target_unique=5",200,round_score,16,3726
"hybrid","target_score=28;target_unique=5",200,round_score,17,4068
"hybrid","target_score=28;target_unique=5",200,round_score,18,4119
"hybrid","target_score=28;target_unique=5",200,round_score,19,4542
"hybrid","target_score=28;target_unique=5",200,round_score,20,4248
"hybrid","target_score=28;target_unique=5",200,round_score,21,4825
"hybrid","target_score=28;target_unique=5",200,round_score,22,4362
"hybrid","target_score=28;target_unique=5",200,round_score,23,4794
"hybrid","target_score=28;target_unique=5",200,round_score,24,4124
"hybrid","target_score=28;target_unique=5",200,round_score,25,4571
"hybrid","target_score=28;target_unique=5",200,round_score,26,5077
"hybrid","target_score=28;target_unique=5",200,round_score,27,5998
"hybrid","target_score=28;target_unique=5",200,round_score,28,81884
"hybrid","target_score=28;target_unique=5",200,round_score,29,79445
"hybrid","target_score=28;target_unique=5",200,round_score,30,77760
"hybrid","target_score=28;target_unique=5",200,round_score,31,67033
"hybrid","target_score=28;target_unique=5",200,round_score,32,59591
"hybrid","target_score=28;target_unique=5",200,round_score,33,54979
"hybrid","target_score=28;target_unique=5",200,round_score,34,42166
"hybrid","target_score=28;target_unique=5",200,round_score,35,33688
"hybrid","target_score=28;target_unique=5",200,round_score,36,31714
"hybrid","target_score=28;target_unique=5",200,round_score,37,21952
"hybrid","target_score=28;target_unique=5",200,round_score,38,19606
"hybrid","target_score=28;target_unique=5",200,round_score,39,8202
"hybrid","target_score=28;target_unique=5",200,round_score,40,5360
"hybrid","target_score=28;target_unique=5",200,round_score,41,1375
"hybrid","target_score=28;target_unique=5",200,round_score,42,5345
"hybrid","target_score=28;target_unique=5",200,round_score,43,1078
"hybrid","target_score=28;target_unique=5",200,round_score,44,4002
"hybrid","target_score=28;target_unique=5",200,round_score,45,910
"hybrid","target_score=28;target_unique=5",200,round_score,46,3959
"hybrid","target_score=28;target_unique=5",200,round_score,47,673
"hybrid","target_score=28;target_unique=5",200,round_score,48,2187
"hybrid","target_score=28;target_unique=5",200,round_score,49,427
"hybrid","target_score=28;target_unique=5",200,round_score,50,1983
"hybrid","target_score=28;target_unique=5",200,round_score,51,273
"hybrid","target_score=28;target_unique=5",200,round_score,52,1348
"hybrid","target_score=28;target_unique=5",200,round_score,53,176
"hybrid","target_score=28;target_unique=5",200,round_score,54,1271
"hybrid","target_score=28;target_unique=5",200,round_score,55,99
"hybrid","target_score=28;target_unique=5",200,round_score,56,257
"hybrid","target_score=28;target_unique=5",200,round_score,57,76
"hybrid","target_score=28;target_unique=5",200,round_score,58,217
"hybrid","target_score=28;target_unique=5",200,round_score,59,30
"hybrid","target_score=28;target_unique=5",200,round_score,60,190
"hybrid","target_score=28;target_unique=5",200,round_score,61,51
"hybrid","target_score=28;target_unique=5",200,round_score,62,192
"hybrid","target_score=28;target_unique=5",200,round_score,63,72
"hybrid","target_score=28;target_unique=5",200,round_score,64,197
"hybrid","target_score=28;target_unique=5",200,round_score,65,53
"hybrid","target_score=28;target_unique=5",200,round_score,66,154
"hybrid","target_score=28;target_unique=5",200,round_score,67,53
"hybrid","target_score=28;target_unique=5",200,round_score,68,146
"hybrid","target_score=28;target_unique=5",200,round_score,69,36
"hybrid","target_score=28;target_unique=5",200,round_score,70,146
"hybrid","target_score=28;target_unique=5",200,round_score,71,29
"hybrid","target_score=28;target_unique=5",200,round_score,72,121
"hybrid","target_score=28;target_unique=5",200,round_score,73,15
"hybrid","target_score=28;target_unique=5",200,round_score,74,86
"hybrid","target_score=28;target_unique=5",200,round_score,75,5
"hybrid","target_score=28;target_unique=5",200,round_score,76,94
"hybrid","target_score=28;target_unique=5",200,round_score,77,5
"hybrid","target_score=28;target_unique=5",200,round_score,78,96
"hybrid","target_score=28;target_unique=5",200,round_score,79,3
"hybrid","target_score=28;target_unique=5",200,round_score,80,59
"hybrid","target_score=28;target_unique=5",200,round_score,81,1
"hybrid","target_score=28;target_unique=5",200,round_score,82,45
"hybrid","target_score=28;target_unique=5",200,round_score,84,42
"hybrid","target_score=28;target_unique=5",200,round_score,86,33
"hybrid","target_score=28;target_unique=5",200,round_score,88,23
"hybrid","target_score=28;target_unique=5",200,round_score,89,1
"hybrid","target_score=28;target_unique=5",200,round_score,90,23
"hybrid","target_score=28;target_unique=5",200,round_score,91,2
"hybrid","target_score=28;target_unique=5",200,round_score,92,13
"hybrid","target_score=28;target_unique=5",200,round_score,94,16
"hybrid","target_score=28;target_unique=5",200,round_score,96,2
"hybrid","target_score=28;target_unique=5",200,round_score,99,1
"hybrid","target_score=28;target_unique=5",200,round_score,100,3
"hybrid","target_score=28;target_unique=5",200,round_score,101,1
"hybrid","target_score=28;target_unique=5",200,round_score,103,1
"hybrid","target_score=28;target_unique=5",200,round_score,104,1
"hybrid","target_score=28;target_unique=5",200,round_score,106,1
"hybrid","target_score=28;target_unique=5",200,round_score,107,2
"hybrid","target_score=28;target_unique=5",200,round_score,110,2
"hybrid","target_score=28;target_unique=5",200,round_score,114,2
"hybrid","target_score=28;target_unique=5",200,round_score,115,1
"hybrid","target_score=28;target_unique=5",200,round_score,117,1
"hybrid","target_score=28;target_unique=5",200,round_score,118,1
"hybrid","target_score=28;target_unique=5",200,round_score,123,2
"hybrid","target_score=28;target_unique=5",200,round_score,127,1
"hybrid","target_score=28;target_unique=5",200,round_score,131,1
"hybrid","target_score=28;target_unique=5",200,round_score,133,2
"hybrid","target_score=28;target_unique=5",200,round_end,bust,375022
"hybrid","target_score=28;target_unique=5",200,round_end,flip7,823
"hybrid","target_score=28;target_unique=5",200,round_end,freeze,138306
"hybrid","target_score=28;target_unique=5",200,round_end,finish,617919
"hybrid","target_score=28;target_unique=5",200,round_end,deck_exhausted,0
"hybrid","target_score=28;target_unique=5",200,final_score,183,1
"hybrid","target_score=28;target_unique=5",200,final_score,200,3386
"hybrid","target_score=28;target_unique=5",200,final_score,201,3351
"hybrid","target_score=28;target_unique=5",200,final_score,202,3190
"hybrid","target_score=28;target_unique=5",200,final_score,203,3191
"hybrid","target_score=28;target_unique=5",200,final_score,204,3145
"hybrid","target_score=28;target_unique=5",200,final_score,205,3167
"hybrid","target_score=28;target_unique=5",200,final_score,206,3131
"hybrid","target_score=28;target_unique=5",200,final_score,207,3053
"hybrid","target_score=28;target_unique=5",200,final_score,208,3130
"hybrid","target_score=28;target_unique=5",200,final_score,209,2978
"hybrid","target_score=28;target_unique=5",200,final_score,210,3049
"hybrid","target_score=28;target_unique=5",200,final_score,211,2962
"hybrid","target_score=28;target_unique=5",200,final_score,212,3065
"hybrid","target_score=28;target_unique=5",200,final_score,213,3022
"hybrid","target_score=28;target_unique=5",200,final_score,214,2961
"hybrid","target_score=28;target_unique=5",200,final_score,215,3175
"hybrid","target_score=28;target_unique=5",200,final_score,216,3045
"hybrid","target_score=28;target_unique=5",200,final_score,217,3076
"hybrid","target_score=28;target_unique=5",200,final_score,218,3140
"hybrid","target_score=28;target_unique=5",200,final_score,219,3086
"hybrid","target_score=28;target_unique=5",200,final_score,220,3023
"hybrid","target_score=28;target_unique=5",200,final_score,221,3086
"hybrid","target_score=28;target_unique=5",200,final_score,222,3132
"hybrid","target_score=28;target_unique=5",200,final_score,223,3009
"hybrid","target_score=28;target_unique=5",200,final_score,224,3039
"hybrid","target_score=28;target_unique=5",200,final_score,225,3040
"hybrid","target_score=28;target_unique=5",200,final_score,226,3033
"hybrid","target_score=28;target_unique=5",200,final_score,227,2929
"hybrid","target_score=28;target_unique=5",200,final_score,228,2494
"hybrid","target_score=28;target_unique=5",200,final_score,229,2223
"hybrid","target_score=28;target_unique=5",200,final_score,230,1812
"hybrid","target_score=28;target_unique=5",200,final_score,231,1447
"hybrid","target_score=28;target_unique=5",200,final_score,232,1127
"hybrid","target_score=28;target_unique=5",200,final_score,233,932
"hybrid","target_score=28;target_unique=5",200,final_score,234,715
"hybrid","target_score=28;target_unique=5",200,final_score,235,553
"hybrid","target_score=28;target_unique=5",200,final_score,236,402
"hybrid","target_score=28;target_unique=5",200,final_score,237,298
"hybrid","target_score=28;target_unique=5",200,final_score,238,211
"hybrid","target_score=28;target_unique=5",200,final_score,239,153
"hybrid","target_score=28;target_unique=5",200,final_score,240,131
"hybrid","target_score=28;target_unique=5",200,final_score,241,126
"hybrid","target_score=28;target_unique=5",200,final_score,242,101
"hybrid","target_score=28;target_unique=5",200,final_score,243,109
"hybrid","target_score=28;target_unique=5",200,final_score,244,95
"hybrid","target_score=28;target_unique=5",200,final_score,245,60
"hybrid","target_score=28;target_unique=5",200,final_score,246,55
"hybrid","target_score=28;target_unique=5",200,final_score,247,44
"hybrid","target_score=28;target_unique=5",200,final_score,248,38
"hybrid","target_score=28;target_unique=5",200,final_score,249,36
"hybrid","target_score=28;target_unique=5",200,final_score,250,31
"hybrid","target_score=28;target_unique=5",200,final_score,251,19
"hybrid","target_score=28;target_unique=5",200,final_score,252,21
"hybrid","target_score=28;target_unique=5",200,final_score,253,16
"hybrid","target_score=28;target_unique=5",200,final_score,254,10
"hybrid","target_score=28;target_unique=5",200,final_score,255,13
"hybrid","target_score=28;target_unique=5",200,final_score,256,8
"hybrid","target_score=28;target_unique=5",200,final_score,257,14
"hybrid","target_score=28;target_unique=5",200,final_score,258,13
"hybrid","target_score=28;target_unique=5",200,final_score,259,12
"hybrid","target_score=28;target_unique=5",200,final_score,260,8
"hybrid","target_score=28;target_unique=5",200,final_score,261,6
"hybrid","target_score=28;target_unique=5",200,final_score,262,6
"hybrid","target_score=28;target_unique=5",200,final_score,263,10
"hybrid","target_score=28;target_unique=5",200,final_score,264,6
"hybrid","target_score=28;target_unique=5",200,final_score,265,5
"hybrid","target_score=28;target_unique=5",200,final_score,266,2
"hybrid","target_score=28;target_unique=5",200,final_score,267,7
"hybrid","target_score=28;target_unique=5",200,final_score,268,1
"hybrid","target_score=28;target_unique=5",200,final_score,269,3
"hybrid","target_score=28;target_unique=5",200,final_score,270,4
"hybrid","target_score=28;target_unique=5",200,final_score,271,3
"hybrid","target_score=28;target_unique=5",200,final_score,272,3
"hybrid","target_score=28;target_unique=5",200,final_score,273,2
"hybrid","target_score=28;target_unique=5",200,final_score,274,4
"hybrid","target_score=28;target_unique=5",200,final_score,275,1
"hybrid","target_score=28;target_unique=5",200,final_score,276,3
"hybrid","target_score=28;target_unique=5",200,final_score,277,2
"hybrid","target_score=28;target_unique=5",200,final_score,278,2
"hybrid","target_score=28;target_unique=5",200,final_score,279,1
"hybrid","target_score=28;target_unique=5",200,final_score,281,1
"hybrid","target_score=28;target_unique=5",200,final_score,283,1
"hybrid","target_score=28;target_unique=5",200,final_score,287,1
"hybrid","target_score=28;target_unique=5",200,final_score,290,1
"hybrid","target_score=28;target_unique=5",200,final_score,292,1
"hybrid","target_score=28;target_unique=5",200,final_score,306,1
"hybrid","target_score=28;target_unique=5",200,final_score,308,1
"hybrid","target_score=28;target_unique=6",200,round_score,0,415671
"hybrid","target_score=28;target_unique=6",200,round_score,1,439
"hybrid","target_score=28;target_unique=6",200,round_score,2,1357
"hybrid","target_score=28;target_unique=6",200,round_score,3,1413
"hybrid","target_score=28;target_unique=6",200,round_score,4,2335
"hybrid","target_score=28;target_unique=6",200,round_score,5,2418
"hybrid","target_score=28;target_unique=6",200,round_score,6,3472
"hybrid","target_score=28;target_unique=6",200,round_score,7,3477
"hybrid","target_score=28;target_unique=6",200,round_score,8,4559
"hybrid","target_score=28;target_unique=6",200,round_score,9,4880
"hybrid","target_score=28;target_unique=6",200,round_score,10,5871
"hybrid","target_score=28;target_unique=6",200,round_score,11,6555
"hybrid","target_score=28;target_unique=6",200,round_score,12,7316
"hybrid","target_score=28;target_unique=6",200,round_score,13,2524
"hybrid","target_score=28;target_unique=6",200,round_score,14,2901
"hybrid","target_score=28;target_unique=6",200,round_score,15,3396
"hybrid","target_score=28;target_unique=6",200,round_score,16,3680
"hybrid","target_score=28;target_unique=6",200,round_score,17,4032
"hybrid","target_score=28;target_unique=6",200,round_score,18,4016
"hybrid","target_score=28;target_unique=6",200,round_score,19,4432
"hybrid","target_score=28;target_unique=6",200,round_score,20,4032
"hybrid","target_score=28;target_unique=6",200,round_score,21,4506
"hybrid","target_score=28;target_unique=6",200,round_score,22,3881
"hybrid","target_score=28;target_unique=6",200,round_score,23,4131
"hybrid","target_score=28;target_unique=6",200,round_score,24,3156
"hybrid","target_score=28;target_unique=6",200,round_score,25,3124
"hybrid","target_score=28;target_unique=6",200,round_score,26,3142
"hybrid","target_score=28;target_unique=6",200,round_score,27,3525
"hybrid","target_score=28;target_unique=6",200,round_score,28,82064
"hybrid","target_score=28;target_unique=6",200,round_score,29,79853
"hybrid","target_score=28;target_unique=6",200,round_score,30,78086
"hybrid","target_score=28;target_unique=6",200,round_score,31,67498
"hybrid","target_score=28;target_unique=6",200,round_score,32,60123
"hybrid","target_score=28;target_unique=6",200,round_score,33,55603
"hybrid","target_score=28;target_unique=6",200,round_score,34,42834
"hybrid","target_score=28;target_unique=6",200,round_score,35,34361
"hybrid","target_score=28;target_unique=6",200,round_score,36,32463
"hybrid","target_score=28;target_unique=6",200,round_score,37,22630
"hybrid","target_score=28;target_unique=6",200,round_score,38,20177
"hybrid","target_score=28;target_unique=6",200,round_score,39,8581
"hybrid","target_score=28;target_unique=6",200,round_score,40,5366
"hybrid","target_score=28;target_unique=6",200,round_score,41,1385
"hybrid","target_score=28;target_unique=6",200,round_score,42,5330
"hybrid","target_score=28;target_unique=6",200,round_score,43,1081
"hybrid","target_score=28;target_unique=6",200,round_score,44,4012
"hybrid","target_score=28;target_unique=6",200,round_score,45,911
"hybrid","target_score=28;target_unique=6",200,round_score,46,3948
"hybrid","target_score=28;target_unique=6",200,round_score,47,674
"hybrid","target_score=28;target_unique=6",200,round_score,48,2204
"hybrid","target_score=28;target_unique=6",200,round_score,49,429
"hybrid","target_score=28;target_unique=6",200,round_score,50,2003
"hybrid","target_score=28;target_unique=6",200,round_score,51,276
"hybrid","target_score=28;target_unique=6",200,round_score,52,1392
"hybrid","target_score=28;target_unique=6",200,round_score,53,184
"hybrid","target_score=28;target_unique=6",200,round_score,54,1313
"hybrid","target_score=28;target_unique=6",200,round_score,55,106
"hybrid","target_score=28;target_unique=6",200,round_score,56,267
"hybrid","target_score=28;target_unique=6",200,round_score,57,86
"hybrid","target_score=28;target_unique=6",200,round_score,58,225
"hybrid","target_score=28;target_unique=6",200,round_score,59,41
"hybrid","target_score=28;target_unique=6",200,round_score,60,201
"hybrid","target_score=28;target_unique=6",200,round_score,61,61
"hybrid","target_score=28;target_unique=6",200,round_score,62,197
"hybrid","target_score=28;target_unique=6",200,round_score,63,87
"hybrid","target_score=28;target_unique=6",200,round_score,64,200
"hybrid","target_score=28;target_unique=6",200,round_score,65,55
"hybrid","target_score=28;target_unique=6",200,round_score,66,153
"hybrid","target_score=28;target_unique=6",200,round_score,67,53
"hybrid","target_score=28;target_unique=6",200,round_score,68,142
"hybrid","target_score=28;target_unique=6",200,round_score,69,37
"hybrid","target_score=28;target_unique=6",200,round_score,70,145
"hybrid","target_score=28;target_unique=6",200,round_score,71,29
"hybrid","target_score=28;target_unique=6",200,round_score,72,123
"hybrid","target_score=28;target_unique=6",200,round_score,73,15
"hybrid","target_score=28;target_unique=6",200,round_score,74,87
"hybrid","target_score=28;target_unique=6",200,round_score,75,5
"hybrid","target_score=28;target_unique=6",200,round_score,76,92
"hybrid","target_score=28;target_unique=6",200,round_score,77,5
"hybrid","target_score=28;target_unique=6",200,round_score,78,95
"hybrid","target_score=28;target_unique=6",200,round_score,79,3
"hybrid","target_score=28;target_unique=6",200,round_score,80,59
"hybrid","target_score=28;target_unique=6",200,round_score,81,1
"hybrid","target_score=28;target_unique=6",200,round_score,82,45
"hybrid","target_score=28;target_unique=6",200,round_score,84,41
"hybrid","target_score=28;target_unique=6",200,round_score,86,32
"hybrid","target_score=28;target_unique=6",200,round_score,88,24
"hybrid","target_score=28;target_unique=6",200,round_score,89,1
"hybrid","target_score=28;target_unique=6",200,round_score,90,23
"hybrid","target_score=28;target_unique=6",200,round_score,91,2
"hybrid","target_score=28;target_unique=6",200,round_score,92,13
"hybrid","target_score=28;target_unique=6",200,round_score,93,1
"hybrid","target_score=28;target_unique=6",200,round_score,94,17
"hybrid","target_score=28;target_unique=6",200,round_score,95,1
"hybrid","target_score=28;target_unique=6",200,round_score,96,2
"hybrid","target_score=28;target_unique=6",200,round_score,97,1
"hybrid","target_score=28;target_unique=6",200,round_score,99,1
"hybrid","target_score=28;target_unique=6",200,round_score,100,4
"hybrid","target_score=28;target_unique=6",200,round_score,101,1
"hybrid","target_score=28;target_unique=6",200,round_score,103,1
"hybrid","target_score=28;target_unique=6",200,round_score,104,1
"hybrid","target_score=28;target_unique=6",200,round_score,106,1
"hybrid","target_score=28;target_unique=6",200,round_score,107,3
"hybrid","target_score=28;target_unique=6",200,round_score,110,2
"hybrid","target_score=28;target_unique=6",200,round_score,114,2
"hybrid","target_score=28;target_unique=6",200,round_score,115,1
"hybrid","target_score=28;target_unique=6",200,round_score,117,1
"hybrid","target_score=28;target_unique=6",200,round_score,118,1
"hybrid","target_score=28;target_unique=6",200,round_score,123,2
"hybrid","target_score=28;target_unique=6",200,round_score,127,1
"hybrid","target_score=28;target_unique=6",200,round_score,131,1
"hybrid","target_score=28;target_unique=6",200,round_score,133,2
"hybrid","target_score=28;target_unique=6",200,round_end,bust,377117
"hybrid","target_score=28;target_unique=6",200,round_end,flip7,956
"hybrid","target_score=28;target_unique=6",200,round_end,freeze,138627
"hybrid","target_score=28;target_unique=6",200,round_end,finish,615120
"hybrid","target_score=28;target_unique=6",200,round_end,deck_exhausted,0
"hybrid","target_score=28;target_unique=6",200,final_score,183,2
"hybrid","target_score=28;target_unique=6",200,final_score,200,3401
"hybrid","target_score=28;target_unique=6",200,final_score,201,3355
"hybrid","target_score=28;target_unique=6",200,final_score,202,3196
"hybrid","target_score=28;target_unique=6",200,final_score,203,3222
"hybrid","target_score=28;target_unique=6",200,final_score,204,3137
"hybrid","target_score=28;target_unique=6",200,final_score,205,3142
"hybrid","target_score=28;target_unique=6",200,final_score,206,3119
"hybrid","target_score=28;target_unique=6",200,final_score,207,3002
"hybrid","target_score=28;target_unique=6",200,final_score,208,3122
"hybrid","target_score=28;target_unique=6",200,final_score,209,2972
"hybrid","target_score=28;target_unique=6",200,final_score,210,3028
"hybrid","target_score=28;target_unique=6",200,final_score,211,2940
"hybrid","target_score=28;target_unique=6",200,final_score,212,3005
"hybrid","target_score=28;target_unique=6",200,final_score,213,2984
"hybrid","target_score=28;target_unique=6",200,final_score,214,2954
"hybrid","target_score=28;target_unique=6",200,final_score,215,3128
"hybrid","target_score=28;target_unique=6",200,final_score,216,2984
"hybrid","target_score=28;target_unique=6",200,final_score,217,3022
"hybrid","target_score=28;target_unique=6",200,final_score,218,3102
"hybrid","target_score=28;target_unique=6",200,final_score,219,3078
"hybrid","target_score=28;target_unique=6",200,final_score,220,2988
"hybrid","target_score=28;target_unique=6",200,final_score,221,3060
"hybrid","target_score=28;target_unique=6",200,final_score,222,3145
"hybrid","target_score=28;target_unique=6",200,final_score,223,3001
"hybrid","target_score=28;target_unique=6",200,final_score,224,3041
"hybrid","target_score=28;target_unique=6",200,final_score,225,3091
"hybrid","target_score=28;target_unique=6",200,final_score,226,3080
"hybrid","target_score=28;target_unique=6",200,final_score,227,2989
"hybrid","target_score=28;target_unique=6",200,final_score,228,2530
"hybrid","target_score=28;target_unique=6",200,final_score,229,2245
"hybrid","target_score=28;target_unique=6",200,final_score,230,1859
"hybrid","target_score=28;target_unique=6",200,final_score,231,1498
"hybrid","target_score=28;target_unique=6",200,final_score,232,1147
"hybrid","target_score=28;target_unique=6",200,final_score,233,953
"hybrid","target_score=28;target_unique=6",200,final_score,234,740
"hybrid","target_score=28;target_unique=6",200,final_score,235,566
"hybrid","target_score=28;target_unique=6",200,final_score,236,421
"hybrid","target_score=28;target_unique=6",200,final_score,237,307
"hybrid","target_score=28;target_unique=6",200,final_score,238,228
"hybrid","target_score=28;target_unique=6",200,final_score,239,152
"hybrid","target_score=28;target_unique=6",200,final_score,240,133
"hybrid","target_score=28;target_unique=6",200,final_score,241,125
"hybrid","target_score=28;target_unique=6",200,final_score,242,108
"hybrid","target_score=28;target_unique=6",200,final_score,243,109
"hybrid","target_score=28;target_unique=6",200,final_score,244,95
"hybrid","target_score=28;target_unique=6",200,final_score,245,62
"hybrid","target_score=28;target_unique=6",200,final_score,246,54
"hybrid","target_score=28;target_unique=6",200,final_score,247,48
"hybrid","target_score=28;target_unique=6",200,final_score,248,38
"hybrid","target_score=28;target_unique=6",200,final_score,249,36
"hybrid","target_score=28;target_unique=6",200,final_score,250,27
"hybrid","target_score=28;target_unique=6",200,final_score,251,26
"hybrid","target_score=28;target_unique=6",200,final_score,252,22
"hybrid","target_score=28;target_unique=6",200,final_score,253,15
"hybrid","target_score=28;target_unique=6",200,final_score,254,11
"hybrid","target_score=28;target_unique=6",200,final_score,255,13
"hybrid","target_score=28;target_unique=6",200,final_score,256,9
"hybrid","target_score=28;target_unique=6",200,final_score,257,14
"hybrid","target_score=28;target_unique=6",200,final_score,258,12
"hybrid","target_score=28;target_unique=6",200,final_score,259,15
"hybrid","target_score=28;target_unique=6",200,final_score,260,8
"hybrid","target_score=28;target_unique=6",200,final_score,261,6
"hybrid","target_score=28;target_unique=6",200,final_score,262,6
"hybrid","target_score=28;target_unique=6",200,final_score,263,9
"hybrid","target_score=28;target_unique=6",200,final_score,264,8
"hybrid","target_score=28;target_unique=6",200,final_score,265,5
"hybrid","target_score=28;target_unique=6",200,final_score,266,3
"hybrid","target_score=28;target_unique=6",200,final_score,267,8
"hybrid","target_score=28;target_unique=6",200,final_score,268,1
"hybrid","target_score=28;target_unique=6",200,final_score,269,3
"hybrid","target_score=28;target_unique=6",200,final_score,270,4
"hybrid","target_score=28;target_unique=6",200,final_score,271,2
"hybrid","target_score=28;target_unique=6",200,final_score,272,3
"hybrid","target_score=28;target_unique=6",200,final_score,273,2
"hybrid","target_score=28;target_unique=6",200,final_score,274,4
"hybrid","target_score=28;target_unique=6",200,final_score,275,1
"hybrid","target_score=28;target_unique=6",200,final_score,276,3
"hybrid","target_score=28;target_unique=6",200,final_score,277,2
"hybrid","target_score=28;target_unique=6",200,final_score,278,2
"hybrid","target_score=28;target_unique=6",200,final_score,279,1
"hybrid","target_score=28;target_unique=6",200,final_score,281,1
"hybrid","target_score=28;target_unique=6",200,final_score,282,1
"hybrid","target_score=28;target_unique=6",200,final_score,283,1
"hybrid","target_score=28;target_unique=6",200,final_score,287,2
"hybrid","target_score=28;target_unique=6",200,final_score,290,2
"hybrid","target_score=28;target_unique=6",200,final_score,292,1
"hybrid","target_score=28;target_unique=6",200,final_score,299,1
"hybrid","target_score=28;target_unique=6",200,final_score,306,1
"hybrid","target_score=28;target_unique=6",200,final_score,308,1
"hybrid","target_score=28;target_unique=7",200,round_score,0,415701
"hybrid","target_score=28;target_unique=7",200,round_score,1,439
"hybrid","target_score=28;target_unique=7",200,round_score,2,1357
"hybrid","target_score=28;target_unique=7",200,round_score,3,1411
"hybrid","target_score=28;target_unique=7",200,round_score,4,2335
"hybrid","target_score=28;target_unique=7",200,round_score,5,2416
"hybrid","target_score=28;target_unique=7",200,round_score,6,3474
"hybrid","target_score=28;target_unique=7",200,round_score,7,3478
"hybrid","target_score=28;target_unique=7",200,round_score,8,4561
"hybrid","target_score=28;target_unique=7",200,round_score,9,4884
"hybrid","target_score=28;target_unique=7",200,round_score,10,5873
"hybrid","target_score=28;target_unique=7",200,round_score,11,6556
"hybrid","target_score=28;target_unique=7",200,round_score,12,7311
"hybrid","target_score=28;target_unique=7",200,round_score,13,2521
"hybrid","target_score=28;target_unique=7",200,round_score,14,2905
"hybrid","target_score=28;target_unique=7",200,round_score,15,3392
"hybrid","target_score=28;target_unique=7",200,round_score,16,3682
"hybrid","target_score=28;target_unique=7",200,round_score,17,4030
"hybrid","target_score=28;target_unique=7",200,round_score,18,4018
"hybrid","target_score=28;target_unique=7",200,round_score,19,4425
"hybrid","target_score=28;target_unique=7",200,round_score,20,4029
"hybrid","target_score=28;target_unique=7",200,round_score,21,4487
"hybrid","target_score=28;target_unique=7",200,round_score,22,3859
"hybrid","target_score=28;target_unique=7",200,round_score,23,4102
"hybrid","target_score=28;target_unique=7",200,round_score,24,3115
"hybrid","target_score=28;target_unique=7",200,round_score,25,3050
"hybrid","target_score=28;target_unique=7",200,round_score,26,3045
"hybrid","target_score=28;target_unique=7",200,round_score,27,3356
"hybrid","target_score=28;target_unique=7",200,round_score,28,82051
"hybrid","target_score=28;target_unique=7",200,round_score,29,79835
"hybrid","target_score=28;target_unique=7",200,round_score,30,78062
"hybrid","target_score=28;target_unique=7",200,round_score,31,67483
"hybrid","target_score=28;target_unique=7",200,round_score,32,60125
"hybrid","target_score=28;target_unique=7",200,round_score,33,55605
"hybrid","target_score=28;target_unique=7",200,round_score,34,42829
"hybrid","target_score=28;target_unique=7",200,round_score,35,34363
"hybrid","target_score=28;target_unique=7",200,round_score,36,32447
"hybrid","target_score=28;target_unique=7",200,round_score,37,22637
"hybrid","target_score=28;target_unique=7",200,round_score,38,20174
"hybrid","target_score=28;target_unique=7",200,round_score,39,8583
"hybrid","target_score=28;target_unique=7",200,round_score,40,5369
"hybrid","target_score=28;target_unique=7",200,round_score,41,1384
"hybrid","target_score=28;target_unique=7",200,round_score,42,5331
"hybrid","target_score=28;target_unique=7",200,round_score,43,1084
"hybrid","target_score=28;target_unique=7",200,round_score,44,4023
"hybrid","target_score=28;target_unique=7",200,round_score,45,928
"hybrid","target_score=28;target_unique=7",200,round_score,46,3963
"hybrid","target_score=28;target_unique=7",200,round_score,47,692
"hybrid","target_score=28;target_unique=7",200,round_score,48,2234
"hybrid","target_score=28;target_unique=7",200,round_score,49,462
"hybrid","target_score=28;target_unique=7",200,round_score,50,2038
"hybrid","target_score=28;target_unique=7",200,round_score,51,306
"hybrid","target_score=28;target_unique=7",200,round_score,52,1434
"hybrid","target_score=28;target_unique=7",200,round_score,53,220
"hybrid","target_score=28;target_unique=7",200,round_score,54,1337
"hybrid","target_score=28;target_unique=7",200,round_score,55,106
"hybrid","target_score=28;target_unique=7",200,round_score,56,267
"hybrid","target_score=28;target_unique=7",200,round_score,57,86
"hybrid","target_score=28;target_unique=7",200,round_score,58,224
"hybrid","target_score=28;target_unique=7",200,round_score,59,41
"hybrid","target_score=28;target_unique=7",200,round_score,60,201
"hybrid","target_score=28;target_unique=7",200,round_score,61,62
"hybrid","target_score=28;target_unique=7",200,round_score,62,197
"hybrid","target_score=28;target_unique=7",200,round_score,63,87
"hybrid","target_score=28;target_unique=7",200,round_score,64,200
"hybrid","target_score=28;target_unique=7",200,round_score,65,55
"hybrid","target_score=28;target_unique=7",200,round_score,66,153
"hybrid","target_score=28;target_unique=7",200,round_score,67,53
"hybrid","target_score=28;target_unique=7",200,round_score,68,141
"hybrid","target_score=28;target_unique=7",200,round_score,69,37
"hybrid","target_score=28;target_unique=7",200,round_score,70,145
"hybrid","target_score=28;target_unique=7",200,round_score,71,29
"hybrid","target_score=28;target_unique=7",200,round_score,72,123
"hybrid","target_score=28;target_unique=7",200,round_score,73,15
"hybrid","target_score=28;target_unique=7",200,round_score,74,86
"hybrid","target_score=28;target_unique=7",200,round_score,75,5
"hybrid","target_score=28;target_unique=7",200,round_score,76,92
"hybrid","target_score=28;target_unique=7",200,round_score,77,5
"hybrid","target_score=28;target_unique=7",200,round_score,78,95
"hybrid","target_score=28;target_unique=7",200,round_score,79,3
"hybrid","target_score=28;target_unique=7",200,round_score,80,60
"hybrid","target_score=28;target_unique=7",200,round_score,81,1
"hybrid","target_score=28;target_unique=7",200,round_score,82,46
"hybrid","target_score=28;target_unique=7",200,round_score,84,41
"hybrid","target_score=28;target_unique=7",200,round_score,86,32
"hybrid","target_score=28;target_unique=7",200,round_score,88,24
"hybrid","target_score=28;target_unique=7",200,round_score,89,1
"hybrid","target_score=28;target_unique=7",200,round_score,90,23
"hybrid","target_score=28;target_unique=7",200,round_score,91,2
"hybrid","target_score=28;target_unique=7",200,round_score,92,13
"hybrid","target_score=28;target_unique=7",200,round_score,93,1
"hybrid","target_score=28;target_unique=7",200,round_score,94,17
"hybrid","target_score=28;target_unique=7",200,round_score,95,1
"hybrid","target_score=28;target_unique=7",200,round_score,96,2
"hybrid","target_score=28;target_unique=7",200,round_score,97,1
"hybrid","target_score=28;target_unique=7",200,round_score,99,1
"hybrid","target_score=28;target_unique=7",200,round_score,100,4
"hybrid","target_score=28;target_unique=7",200,round_score,101,1
"hybrid","target_score=28;target_unique=7",200,round_score,103,1
"hybrid","target_score=28;target_unique=7",200,round_score,104,1
"hybrid","target_score=28;target_unique=7",200,round_score,106,1
"hybrid","target_score=28;target_unique=7",200,round_score,107,3
"hybrid","target_score=28;target_unique=7",200,round_score,110,2
"hybrid","target_score=28;target_unique=7",200,round_score,114,2
"hybrid","target_score=28;target_unique=7",200,round_score,115,1
"hybrid","target_score=28;target_unique=7",200,round_score,117,1
"hybrid","target_score=28;target_unique=7",200,round_score,118,1
"hybrid","target_score=28;target_unique=7",200,round_score,123,2
"hybrid","target_score=28;target_unique=7",200,round_score,127,1
"hybrid","target_score=28;target_unique=7",200,round_score,131,1
"hybrid","target_score=28;target_unique=7",200,round_score,133,2
"hybrid","target_score=28;target_unique=7",200,round_end,bust,377143
"hybrid","target_score=28;target_unique=7",200,round_end,flip7,1265
"hybrid","target_score=28;target_unique=7",200,round_end,freeze,138628
"hybrid","target_score=28;target_unique=7",200,round_end,finish,614573
"hybrid","target_score=28;target_unique=7",200,round_end,deck_exhausted,0
"hybrid","target_score=28;target_unique=7",200,final_score,183,2
"hybrid","target_score=28;target_unique=7",200,final_score,200,3400
"hybrid","target_score=28;target_unique=7",200,final_score,201,3352
"hybrid","target_score=28;target_unique=7",200,final_score,202,3198
"hybrid","target_score=28;target_unique=7",200,final_score,203,3222
"hybrid","target_score=28;target_unique=7",200,final_score,204,3132
"hybrid","target_score=28;target_unique=7",200,final_score,205,3134
"hybrid","target_score=28;target_unique=7",200,final_score,206,3126
"hybrid","target_score=28;target_unique=7",200,final_score,207,3003
"hybrid","target_score=28;target_unique=7",200,final_score,208,3116
"hybrid","target_score=28;target_unique=7",200,final_score,209,2970
"hybrid","target_score=28;target_unique=7",200,final_score,210,3029
"hybrid","target_score=28;target_unique=7",200,final_score,211,2943
"hybrid","target_score=28;target_unique=7",200,final_score,212,3002
"hybrid","target_score=28;target_unique=7",200,final_score,213,2976
"hybrid","target_score=28;target_unique=7",200,final_score,214,2953
"hybrid","target_score=28;target_unique=7",200,final_score,215,3123
"hybrid","target_score=28;target_unique=7",200,final_score,216,2992
"hybrid","target_score=28;target_unique=7",200,final_score,217,3024
"hybrid","target_score=28;target_unique=7",200,final_score,218,3100
"hybrid","target_score=28;target_unique=7",200,final_score,219,3081
"hybrid","target_score=28;target_unique=7",200,final_score,220,2975
"hybrid","target_score=28;target_unique=7",200,final_score,221,3056
"hybrid","target_score=28;target_unique=7",200,final_score,222,3132
"hybrid","target_score=28;target_unique=7",200,final_score,223,3009
"hybrid","target_score=28;target_unique=7",200,final_score,224,3043
"hybrid","target_score=28;target_unique=7",200,final_score,225,3088
"hybrid","target_score=28;target_unique=7",200,final_score,226,3090
"hybrid","target_score=28;target_unique=7",200,final_score,227,2991
"hybrid","target_score=28;target_unique=7",200,final_score,228,2533
"hybrid","target_score=28;target_unique=7",200,final_score,229,2246
"hybrid","target_score=28;target_unique=7",200,final_score,230,1856
"hybrid","target_score=28;target_unique=7",200,final_score,231,1501
"hybrid","target_score=28;target_unique=7",200,final_score,232,1147
"hybrid","target_score=28;target_unique=7",200,final_score,233,958
"hybrid","target_score=28;target_unique=7",200,final_score,234,744
"hybrid","target_score=28;target_unique=7",200,final_score,235,566
"hybrid","target_score=28;target_unique=7",200,final_score,236,423
"hybrid","target_score=28;target_unique=7",200,final_score,237,309
"hybrid","target_score=28;target_unique=7",200,final_score,238,232
"hybrid","target_score=28;target_unique=7",200,final_score,239,152
"hybrid","target_score=28;target_unique=7",200,final_score,240,132
"hybrid","target_score=28;target_unique=7",200,final_score,241,126
"hybrid","target_score=28;target_unique=7",200,final_score,242,111
"hybrid","target_score=28;target_unique=7",200,final_score,243,112
"hybrid","target_score=28;target_unique=7",200,final_score,244,95
"hybrid","target_score=28;target_unique=7",200,final_score,245,64
"hybrid","target_score=28;target_unique=7",200,final_score,246,54
"hybrid","target_score=28;target_unique=7",200,final_score,247,49
"hybrid","target_score=28;target_unique=7",200,final_score,248,38
"hybrid","target_score=28;target_unique=7",200,final_score,249,36
"hybrid","target_score=28;target_unique=7",200,final_score,250,27
"hybrid","target_score=28;target_unique=7",200,final_score,251,26
"hybrid","target_score=28;target_unique=7",200,final_score,252,22
"hybrid","target_score=28;target_unique=7",200,final_score,253,15
"hybrid","target_score=28;target_unique=7",200,final_score,254,11
"hybrid","target_score=28;target_unique=7",200,final_score,255,13
"hybrid","target_score=28;target_unique=7",200,final_score,256,9
"hybrid","target_score=28;target_unique=7",200,final_score,257,14
"hybrid","target_score=28;target_unique=7",200,final_score,258,12
"hybrid","target_score=28;target_unique=7",200,final_score,259,14
"hybrid","target_score=28;target_unique=7",200,final_score,260,8
"hybrid","target_score=28;target_unique=7",200,final_score,261,6
"hybrid","target_score=28;target_unique=7",200,final_score,262,6
"hybrid","target_score=28;target_unique=7",200,final_score,263,9
"hybrid","target_score=28;target_unique=7",200,final_score,264,8
"hybrid","target_score=28;target_unique=7",200,final_score,265,5
"hybrid","target_score=28;target_unique=7",200,final_score,266,3
"hybrid","target_score=28;target_unique=7",200,final_score,267,7
"hybrid","target_score=28;target_unique=7",200,final_score,268,1
"hybrid","target_score=28;target_unique=7",200,final_score,269,3
"hybrid","target_score=28;target_unique=7",200,final_score,270,4
"hybrid","target_score=28;target_unique=7",200,final_score,271,2
"hybrid","target_score=28;target_unique=7",200,final_score,272,3
"hybrid","target_score=28;target_unique=7",200,final_score,273,2
"hybrid","target_score=28;target_unique=7",200,final_score,274,4
"hybrid","target_score=28;target_unique=7",200,final_score,275,1
"hybrid","target_score=28;target_unique=7",200,final_score,276,3
"hybrid","target_score=28;target_unique=7",200,final_score,277,2
"hybrid","target_score=28;target_unique=7",200,final_score,278,2
"hybrid","target_score=28;target_unique=7",200,final_score,279,1
"hybrid","target_score=28;target_unique=7",200,final_score,281,1
"hybrid","target_score=28;target_unique=7",200,final_score,282,1
"hybrid","target_score=28;target_unique=7",200,final_score,283,1
"hybrid","target_score=28;target_unique=7",200,final_score,287,2
"hybrid","target_score=28;target_unique=7",200,final_score,290,2
"hybrid","target_score=28;target_unique=7",200,final_score,292,1
"hybrid","target_score=28;target_unique=7",200,final_score,299,1
"hybrid","target_score=28;target_unique=7",200,final_score,306,1
"hybrid","target_score=28;target_unique=7",200,final_score,308,1
